asset_id,original_path,pack,format,reason
18df95c8f5c847cd07eb,Misc. Icons/Thumbs.db,10000.HighDefinition.PNG.Icon.Pack,db,Container or non-image metadata; preserved in original archive
ca1615f721c4d1fa6052,Nuove Png/HD & DRIVES/Thumbs.db,10000.HighDefinition.PNG.Icon.Pack,db,Container or non-image metadata; preserved in original archive
8a3a686a0a0a6694649a,Nuove Png/ICON PACKS/AQUA ICONS/Thumbs.db,10000.HighDefinition.PNG.Icon.Pack,db,Container or non-image metadata; preserved in original archive
345fcb61d28ee871e973,Nuove Png/ICON PACKS/Blu Style png/Thumbs.db,10000.HighDefinition.PNG.Icon.Pack,db,Container or non-image metadata; preserved in original archive
89c233825086b28881ca,Nuove Png/ICON PACKS/Clor Desktop Club/Clor Desktop Club Icon 26.png,10000.HighDefinition.PNG.Icon.Pack,png,Empty or uniform image; no distinguishable artwork
9127d347a8fc27753729,Nuove Png/ICON PACKS/Clor Desktop Club/Clor Desktop Club Icon 39.png,10000.HighDefinition.PNG.Icon.Pack,png,Empty or uniform image; no distinguishable artwork
5980d9db793e762b4a4d,Nuove Png/ICON PACKS/MMX/Thumbs.db,10000.HighDefinition.PNG.Icon.Pack,db,Container or non-image metadata; preserved in original archive
4f09bc32ba926c063e17,Nuove Png/ICON PACKS/REAL OSX/Thumbs.db,10000.HighDefinition.PNG.Icon.Pack,db,Container or non-image metadata; preserved in original archive
da207c350eb103d562d2,Nuove Png/ICON PACKS/SNOW E 2/Thumbs.db,10000.HighDefinition.PNG.Icon.Pack,db,Container or non-image metadata; preserved in original archive
b5a73b8c3465c849a986,Nuove Png/ICON PACKS/TRITANIUM SQUARED/Thumbs.db,10000.HighDefinition.PNG.Icon.Pack,db,Container or non-image metadata; preserved in original archive
259c2eae88216a87387a,Nuove Png/ICON PACKS/blue Style balls png/Thumbs.db,10000.HighDefinition.PNG.Icon.Pack,db,Container or non-image metadata; preserved in original archive
6d97084f28faad28934b,Nuove Png/VARIE APPLICAZIONI/Thumbs.db,10000.HighDefinition.PNG.Icon.Pack,db,Container or non-image metadata; preserved in original archive
dede664ab61f80b576bf,Nuove Png/VARIE TIPI FILES/Thumbs.db,10000.HighDefinition.PNG.Icon.Pack,db,Container or non-image metadata; preserved in original archive
84ce715ef64ca30d229d,Clipart/CLIPART/ANIMALS/ANIMAL1/1000.DRW,Clipart,drw,Legacy drawing format requires a compatible importer
8b879afbffc47e43105c,Clipart/CLIPART/ANIMALS/ANIMAL1/1001.DRW,Clipart,drw,Legacy drawing format requires a compatible importer
a56cbb973be0e5596a7b,Clipart/CLIPART/ANIMALS/ANIMAL1/1002.DRW,Clipart,drw,Legacy drawing format requires a compatible importer
87e031461f33d1bbf61c,Clipart/CLIPART/ANIMALS/ANIMAL1/1003.DRW,Clipart,drw,Legacy drawing format requires a compatible importer
fe88fd74b817b1b0ee24,Clipart/CLIPART/ANIMALS/ANIMAL1/1004.DRW,Clipart,drw,Legacy drawing format requires a compatible importer
97ab22a8256516b8821e,Clipart/CLIPART/ANIMALS/ANIMAL1/1005.DRW,Clipart,drw,Legacy drawing format requires a compatible importer
d52b1e7a6f810278cf34,Clipart/CLIPART/ANIMALS/ANIMAL1/1006.DRW,Clipart,drw,Legacy drawing format requires a compatible importer
b1877db24a6b7e1d138b,Clipart/CLIPART/ANIMALS/ANIMAL1/1007.DRW,Clipart,drw,Legacy drawing format requires a compatible importer
c49c14baf8599b0df033,Clipart/CLIPART/ANIMALS/ANIMAL1.SBJ,Clipart,sbj,Container or non-image metadata; preserved in original archive
14463d27298c8ad37dcc,Clipart/CLIPART/ANIMALS/ANIMAL2/1050.DRW,Clipart,drw,Legacy drawing format requires a compatible importer
b4e1aecb42723dbc8451,Clipart/CLIPART/ANIMALS/ANIMAL2/1051.DRW,Clipart,drw,Legacy drawing format requires a compatible importer
b16636009e84e72deb92,Clipart/CLIPART/ANIMALS/ANIMAL2/1052.DRW,Clipart,drw,Legacy drawing format requires a compatible importer
01f633a99b260971300d,Clipart/CLIPART/ANIMALS/ANIMAL2/1053.DRW,Clipart,drw,Legacy drawing format requires a compatible importer
b6d4462d91a41ea38d60,Clipart/CLIPART/ANIMALS/ANIMAL2/1054.DRW,Clipart,drw,Legacy drawing format requires a compatible importer
3be978345fed1c42a0db,Clipart/CLIPART/ANIMALS/ANIMAL2/1055.DRW,Clipart,drw,Legacy drawing format requires a compatible importer
d639efe7c438f4116838,Clipart/CLIPART/ANIMALS/ANIMAL2/1056.DRW,Clipart,drw,Legacy drawing format requires a compatible importer
d325d64c821b87c1f2de,Clipart/CLIPART/ANIMALS/ANIMAL2/1057.DRW,Clipart,drw,Legacy drawing format requires a compatible importer
110d55c17c2806f1e2a9,Clipart/CLIPART/ANIMALS/ANIMAL2/1058.DRW,Clipart,drw,Legacy drawing format requires a compatible importer
77031f16c0fbc9c8aa1e,Clipart/CLIPART/ANIMALS/ANIMAL2.SBJ,Clipart,sbj,Container or non-image metadata; preserved in original archive
02a5d07a409bf9d369be,Clipart/CLIPART/ANIMALS/ANIMALS1.SBJ,Clipart,sbj,Container or non-image metadata; preserved in original archive
fce37126d184c5e0632c,Clipart/CLIPART/ANIMALS/ANIMALS2.SBJ,Clipart,sbj,Container or non-image metadata; preserved in original archive
10069eecd789a824c529,Clipart/CLIPART/ANIMALS/ANIMALS3.SBJ,Clipart,sbj,Container or non-image metadata; preserved in original archive
5500a1dda1639f193570,Clipart/CLIPART/ANIMALS/ANIMALS4.SBJ,Clipart,sbj,Container or non-image metadata; preserved in original archive
274fbca3ce6016a2c8f9,Clipart/CLIPART/ANIMALS/ANIMAL_2.SBJ,Clipart,sbj,Container or non-image metadata; preserved in original archive
af32c7e9506e5f522291,Clipart/CLIPART/ANIMALS/ANIMAL_3.SBJ,Clipart,sbj,Container or non-image metadata; preserved in original archive
5b8fe39d22c59173c3b3,Clipart/CLIPART/ANIMALS/ANIMAL_5.SBJ,Clipart,sbj,Container or non-image metadata; preserved in original archive
18fb245376cc33550b09,Clipart/CLIPART/ANIMALS/AN_DMEST/ANLNCA36.DRW,Clipart,drw,Legacy drawing format requires a compatible importer
49d0f79a3a32a30cd3cb,Clipart/CLIPART/ANIMALS/AN_DMEST/ANLNCA39.DRW,Clipart,drw,Legacy drawing format requires a compatible importer
90535178b3f2af86f3e8,Clipart/CLIPART/ANIMALS/AN_DMEST/ANLNCA42.DRW,Clipart,drw,Legacy drawing format requires a compatible importer
ea24d0e521d548e80b2d,Clipart/CLIPART/ANIMALS/AN_DMEST/ANLNCA44.DRW,Clipart,drw,Legacy drawing format requires a compatible importer
d45f51eb00de3be4eb80,Clipart/CLIPART/ANIMALS/AN_DMEST/ANLNCA45.DRW,Clipart,drw,Legacy drawing format requires a compatible importer
c3f7322b714e7852e8b8,Clipart/CLIPART/ANIMALS/AN_DMEST/ANLNCA46.DRW,Clipart,drw,Legacy drawing format requires a compatible importer
686672a1b49a9885247e,Clipart/CLIPART/ANIMALS/AN_DMEST/ANLNCA47.DRW,Clipart,drw,Legacy drawing format requires a compatible importer
86fe93ec5967d57f90e3,Clipart/CLIPART/ANIMALS/AN_DMEST/ANLNCA48.DRW,Clipart,drw,Legacy drawing format requires a compatible importer
63747d544e385e9d6652,Clipart/CLIPART/ANIMALS/AN_DMEST/ANLNCA49.DRW,Clipart,drw,Legacy drawing format requires a compatible importer
4c3547f063dcd0fa6e26,Clipart/CLIPART/ANIMALS/AN_DMEST/ANLNCA50.DRW,Clipart,drw,Legacy drawing format requires a compatible importer
a128508493a610f13aaa,Clipart/CLIPART/ANIMALS/AN_DMEST/ANLNCA51.DRW,Clipart,drw,Legacy drawing format requires a compatible importer
ef94b3f95d460ce1e4c5,Clipart/CLIPART/ANIMALS/AN_DMEST/ANLNCA52.DRW,Clipart,drw,Legacy drawing format requires a compatible importer
3fc11cf682cc862212e1,Clipart/CLIPART/ANIMALS/AN_DMEST/ANLNCA54.DRW,Clipart,drw,Legacy drawing format requires a compatible importer
4e6efeecb95c5929004d,Clipart/CLIPART/ANIMALS/AN_DMEST/ANLNCA55.DRW,Clipart,drw,Legacy drawing format requires a compatible importer
1aee7a1a18fe680508ed,Clipart/CLIPART/ANIMALS/AN_DMEST/ANLNCA56.DRW,Clipart,drw,Legacy drawing format requires a compatible importer
a247a2b4a500ddef0a4a,Clipart/CLIPART/ANIMALS/AN_DMEST/ANLNCA57.DRW,Clipart,drw,Legacy drawing format requires a compatible importer
99ce4a2de85cd0dedfdd,Clipart/CLIPART/ANIMALS/AN_DMEST/ANLNCA64.DRW,Clipart,drw,Legacy drawing format requires a compatible importer
f1cc720811a5d4eb5805,Clipart/CLIPART/ANIMALS/AN_DMEST/ANLNCG11.DRW,Clipart,drw,Legacy drawing format requires a compatible importer
25cb3dd4d3aa9a2b544c,Clipart/CLIPART/ANIMALS/AN_DMEST/ANLNCG13.DRW,Clipart,drw,Legacy drawing format requires a compatible importer
0381101f26e224b2b53b,Clipart/CLIPART/ANIMALS/AN_DMEST/ANLNCG19.DRW,Clipart,drw,Legacy drawing format requires a compatible importer
3c0ff980a0297fb2c019,Clipart/CLIPART/ANIMALS/AN_DMEST/ANLNCG22.DRW,Clipart,drw,Legacy drawing format requires a compatible importer
15b2de110f74d9cc56a8,Clipart/CLIPART/ANIMALS/AN_DMEST/ANLNCG30.DRW,Clipart,drw,Legacy drawing format requires a compatible importer
10b78ac304b2dca3c5ca,Clipart/CLIPART/ANIMALS/AN_DMEST/ANLNCG35.DRW,Clipart,drw,Legacy drawing format requires a compatible importer
ae3dace35c0fe7980e54,Clipart/CLIPART/ANIMALS/AN_DMEST/ANLNCL02.DRW,Clipart,drw,Legacy drawing format requires a compatible importer
ce916f10b542fcf73e95,Clipart/CLIPART/ANIMALS/AN_DMEST/ANLNCL03.DRW,Clipart,drw,Legacy drawing format requires a compatible importer
985733924f48dddcb8c4,Clipart/CLIPART/ANIMALS/AN_DMEST/ANLNCR06.DRW,Clipart,drw,Legacy drawing format requires a compatible importer
d8890b59b3a333fccd9c,Clipart/CLIPART/ANIMALS/AN_DMEST/ANLNCR07.DRW,Clipart,drw,Legacy drawing format requires a compatible importer
8b91e448823090b62e1c,Clipart/CLIPART/ANIMALS/AN_DMEST/ANLNCR09.DRW,Clipart,drw,Legacy drawing format requires a compatible importer
6cd3d34da62ad98267b8,Clipart/CLIPART/ANIMALS/AN_DMEST/ANLNCR19.DRW,Clipart,drw,Legacy drawing format requires a compatible importer
c266063d55bcc6ec1116,Clipart/CLIPART/ANIMALS/AN_DMEST/ANLNCR23.DRW,Clipart,drw,Legacy drawing format requires a compatible importer
5e0de019b638f1bb4131,Clipart/CLIPART/ANIMALS/AN_DMEST/ANLNCR36.DRW,Clipart,drw,Legacy drawing format requires a compatible importer
f541ce2faa98b0fb7799,Clipart/CLIPART/ANIMALS/AN_DMEST/ANLNRA03.DRW,Clipart,drw,Legacy drawing format requires a compatible importer
cc1dc3c88294044692a8,Clipart/CLIPART/ANIMALS/AN_DMEST/ANLNRA08.DRW,Clipart,drw,Legacy drawing format requires a compatible importer
2d0769c272173ebaa656,Clipart/CLIPART/ANIMALS/AN_DMEST/ANLNRG05.DRW,Clipart,drw,Legacy drawing format requires a compatible importer
2eb66da910d9d324f89b,Clipart/CLIPART/ANIMALS/AN_DMEST/ANLNRR00.DRW,Clipart,drw,Legacy drawing format requires a compatible importer
2f829e2729cbe218478a,Clipart/CLIPART/ANIMALS/AN_DMEST/ANLNSA01.DRW,Clipart,drw,Legacy drawing format requires a compatible importer
6433f5f6b870f2fa13bb,Clipart/CLIPART/ANIMALS/AN_DMEST/ANLNSA03.DRW,Clipart,drw,Legacy drawing format requires a compatible importer
02b7461b9bd6c1577860,Clipart/CLIPART/ANIMALS/AN_DMEST/ANLNSA04.DRW,Clipart,drw,Legacy drawing format requires a compatible importer
6f6cc018757d868d8dc7,Clipart/CLIPART/ANIMALS/AN_DMEST/ANLNSA05.DRW,Clipart,drw,Legacy drawing format requires a compatible importer
d90c498a2b45d9b0222e,Clipart/CLIPART/ANIMALS/AN_DMEST/ANLNSA06.DRW,Clipart,drw,Legacy drawing format requires a compatible importer
1e608073c0ac87ea5e06,Clipart/CLIPART/ANIMALS/AN_DMEST/ANLNSL02.DRW,Clipart,drw,Legacy drawing format requires a compatible importer
7bb2aa3611cdba74347b,Clipart/CLIPART/ANIMALS/AN_DMEST/ANLNSM07.DRW,Clipart,drw,Legacy drawing format requires a compatible importer
e5df914936d793507f87,Clipart/CLIPART/ANIMALS/AN_DMEST/ANLNSM11.DRW,Clipart,drw,Legacy drawing format requires a compatible importer
fa31abd8d62b56c0669c,Clipart/CLIPART/ANIMALS/AN_DMEST/ANLNSM12.DRW,Clipart,drw,Legacy drawing format requires a compatible importer
e88dcf2b666f94f8ccca,Clipart/CLIPART/ANIMALS/AN_DMEST/ANLNSM13.DRW,Clipart,drw,Legacy drawing format requires a compatible importer
401f237025b2e16e65f2,Clipart/CLIPART/ANIMALS/AN_DMEST/ANLNSM32.DRW,Clipart,drw,Legacy drawing format requires a compatible importer
0cacafb4657da672a43a,Clipart/CLIPART/ANIMALS/AN_DMEST/ANLNSM33.DRW,Clipart,drw,Legacy drawing format requires a compatible importer
ac12c08dba1c52ecb4e8,Clipart/CLIPART/ANIMALS/AN_DMEST/ANLNSM34.DRW,Clipart,drw,Legacy drawing format requires a compatible importer
126f4441e6a8fe8c6976,Clipart/CLIPART/ANIMALS/AN_DMEST/ANLNSM35.DRW,Clipart,drw,Legacy drawing format requires a compatible importer
b5ead0a911c3ec17f16a,Clipart/CLIPART/ANIMALS/AN_DMEST/ANLNSM36.DRW,Clipart,drw,Legacy drawing format requires a compatible importer
ea7b0f3620e03c95f753,Clipart/CLIPART/ANIMALS/AN_DMEST/ANLNSR00.DRW,Clipart,drw,Legacy drawing format requires a compatible importer
49eb9335df7419e7eafe,Clipart/CLIPART/ANIMALS/AN_DMEST/ANLNSR01.DRW,Clipart,drw,Legacy drawing format requires a compatible importer
9be4d89322ca89c6029a,Clipart/CLIPART/ANIMALS/AN_DMEST/ANLNSR04.DRW,Clipart,drw,Legacy drawing format requires a compatible importer
7a598bcb213497b7f3ba,Clipart/CLIPART/ANIMALS/AN_DMEST/BOXERAS.DRW,Clipart,drw,Legacy drawing format requires a compatible importer
5f865b32c51f2f341926,Clipart/CLIPART/ANIMALS/AN_DMEST/BULPUPTO.DRW,Clipart,drw,Legacy drawing format requires a compatible importer
6f744f2f19cadc42f5dd,Clipart/CLIPART/ANIMALS/AN_DMEST/CAT.DRW,Clipart,drw,Legacy drawing format requires a compatible importer
3184352db01f7d2a0c5f,Clipart/CLIPART/ANIMALS/AN_DMEST/CAT2.DRW,Clipart,drw,Legacy drawing format requires a compatible importer
858c1cbee22fb075912e,Clipart/CLIPART/ANIMALS/AN_DMEST/CATMD.DRW,Clipart,drw,Legacy drawing format requires a compatible importer
d2aa258ba559038534e2,Clipart/CLIPART/ANIMALS/AN_DMEST/CATT.DRW,Clipart,drw,Legacy drawing format requires a compatible importer
34b887fafc4ab664006f,Clipart/CLIPART/ANIMALS/AN_DMEST/CATXX.DRW,Clipart,drw,Legacy drawing format requires a compatible importer
f17e55bf2ed2015e2bab,Clipart/CLIPART/ANIMALS/AN_DMEST/COW.DRW,Clipart,drw,Legacy drawing format requires a compatible importer
e0ec0909b067c0f53f1b,Clipart/CLIPART/ANIMALS/AN_DMEST/HORSE1.DRW,Clipart,drw,Legacy drawing format requires a compatible importer
54f479c8cea12cd0f858,Clipart/CLIPART/ANIMALS/AN_DMEST/HORSEMD.DRW,Clipart,drw,Legacy drawing format requires a compatible importer
1613697f6ac886943d65,Clipart/CLIPART/ANIMALS/AN_INSCT/ANAICG02.DRW,Clipart,drw,Legacy drawing format requires a compatible importer
d7da77714fca057129b2,Clipart/CLIPART/ANIMALS/AN_INSCT/ANAIRG07.DRW,Clipart,drw,Legacy drawing format requires a compatible importer
e378d7ec750e642c9c4f,Clipart/CLIPART/ANIMALS/AN_INSCT/ANAISL07.DRW,Clipart,drw,Legacy drawing format requires a compatible importer
cae4770728e7413bc9d7,Clipart/CLIPART/ANIMALS/AN_INSCT/ANAISR03.DRW,Clipart,drw,Legacy drawing format requires a compatible importer
21b9d69c188f6b288568,Clipart/CLIPART/ANIMALS/AN_INSCT/ANLNCG06.DRW,Clipart,drw,Legacy drawing format requires a compatible importer
d7934de4983a555048c9,Clipart/CLIPART/ANIMALS/AN_INSCT/ANLNCG07.DRW,Clipart,drw,Legacy drawing format requires a compatible importer
9c7f0fcb95ebf235d2c4,Clipart/CLIPART/ANIMALS/AN_INSCT/ANLNCG08.DRW,Clipart,drw,Legacy drawing format requires a compatible importer
709b4d751c03235217f3,Clipart/CLIPART/ANIMALS/AN_INSCT/ANLNCG09.DRW,Clipart,drw,Legacy drawing format requires a compatible importer
15f3f738b6d31f84fb2d,Clipart/CLIPART/ANIMALS/AN_INSCT/ANLNCG12.DRW,Clipart,drw,Legacy drawing format requires a compatible importer
c348ea9a2337c7b18bb8,Clipart/CLIPART/ANIMALS/AN_INSCT/ANT.DRW,Clipart,drw,Legacy drawing format requires a compatible importer
f780d80920211b3d5cc9,Clipart/CLIPART/ANIMALS/AN_INSCT/ANTXX.DRW,Clipart,drw,Legacy drawing format requires a compatible importer
de3a02024a42a1a00a66,Clipart/CLIPART/ANIMALS/AN_INSCT/BUG.DRW,Clipart,drw,Legacy drawing format requires a compatible importer
e3ddc5602dcfbf56b393,Clipart/CLIPART/ANIMALS/AN_INSCT/BUG1KV.DRW,Clipart,drw,Legacy drawing format requires a compatible importer
29d429423b5029e7466f,Clipart/CLIPART/ANIMALS/AN_INSCT/BUGAS.DRW,Clipart,drw,Legacy drawing format requires a compatible importer
e2c14f82c3b1d5a371e2,Clipart/CLIPART/ANIMALS/AN_INSCT/BUTERFLY.DRW,Clipart,drw,Legacy drawing format requires a compatible importer
5beeba71d8e77859f822,Clipart/CLIPART/ANIMALS/AN_INSCT/BUTTRFLT.DRW,Clipart,drw,Legacy drawing format requires a compatible importer
2dc68810c21b4cfcf9a2,Clipart/CLIPART/ANIMALS/AN_INSCT/BUTTRFLY.DRW,Clipart,drw,Legacy drawing format requires a compatible importer
792fdf27431ea3220362,Clipart/CLIPART/ANIMALS/AN_INSCT/CATAPLTO.DRW,Clipart,drw,Legacy drawing format requires a compatible importer
dad237298b530b47584b,Clipart/CLIPART/ANIMALS/AN_INSCT/COCOONT.DRW,Clipart,drw,Legacy drawing format requires a compatible importer
413bbfcf2286e9743f75,Clipart/CLIPART/ANIMALS/AN_INSCT/CTTAPIT.DRW,Clipart,drw,Legacy drawing format requires a compatible importer
aa2cf70c0069a9604cc6,Clipart/CLIPART/ANIMALS/AN_INSCT/FLY.DRW,Clipart,drw,Legacy drawing format requires a compatible importer
8c010e0668a16445f9b4,Clipart/CLIPART/ANIMALS/AN_INSCT/LBUGTO.DRW,Clipart,drw,Legacy drawing format requires a compatible importer
72a9c4e11eb063a78527,Clipart/CLIPART/ANIMALS/AN_INSCT/MONARCH.DRW,Clipart,drw,Legacy drawing format requires a compatible importer
7e70111dc2077b579318,Clipart/CLIPART/ANIMALS/AN_INSCT/REDANT.DRW,Clipart,drw,Legacy drawing format requires a compatible importer
f816d43c8c38c3bb651f,Clipart/CLIPART/ANIMALS/AN_INSCT/ROACHTO.DRW,Clipart,drw,Legacy drawing format requires a compatible importer
589c612373a16a50cceb,Clipart/CLIPART/ANIMALS/AN_INSCT/SKEETER.DRW,Clipart,drw,Legacy drawing format requires a compatible importer
e3c233713987da181cd9,Clipart/CLIPART/ANIMALS/AN_INSCT/SNAIL.DRW,Clipart,drw,Legacy drawing format requires a compatible importer
26e54e7a50cd194f659c,Clipart/CLIPART/ANIMALS/AN_INSCT/SNAILTO.DRW,Clipart,drw,Legacy drawing format requires a compatible importer
e500b3a154088d5481ba,Clipart/CLIPART/ANIMALS/AN_INSCT/SNAILX.DRW,Clipart,drw,Legacy drawing format requires a compatible importer
cf0fc37d1c446a77a43c,Clipart/CLIPART/ANIMALS/AN_INSCT/SNAILZ.DRW,Clipart,drw,Legacy drawing format requires a compatible importer
1dcc5c0bb2d186deaba1,Clipart/CLIPART/ANIMALS/AN_INSCT/SPIDER.DRW,Clipart,drw,Legacy drawing format requires a compatible importer
089b10b2f1ed0da2828a,Clipart/CLIPART/ANIMALS/AN_REPT/ANLNCG16.DRW,Clipart,drw,Legacy drawing format requires a compatible importer
e695596f09ad24907add,Clipart/CLIPART/ANIMALS/AN_REPT/ANLNCG34.DRW,Clipart,drw,Legacy drawing format requires a compatible importer
025c837fbe151b528062,Clipart/CLIPART/ANIMALS/AN_REPT/ANLNRA00.DRW,Clipart,drw,Legacy drawing format requires a compatible importer
0c04af918cb1a6cd7d92,Clipart/CLIPART/ANIMALS/AN_REPT/ANLNRA04.DRW,Clipart,drw,Legacy drawing format requires a compatible importer
01a6e2f6a9409365551a,Clipart/CLIPART/ANIMALS/AN_REPT/ANLNSR22.DRW,Clipart,drw,Legacy drawing format requires a compatible importer
504ee60369d3b6ff217d,Clipart/CLIPART/ANIMALS/AN_REPT/ANWACR03.DRW,Clipart,drw,Legacy drawing format requires a compatible importer
584aa58c35afb18a0a3e,Clipart/CLIPART/ANIMALS/AN_REPT/GATOR.DRW,Clipart,drw,Legacy drawing format requires a compatible importer
28a05ddfeecd0adba79d,Clipart/CLIPART/ANIMALS/AN_REPT/GATOR2.DRW,Clipart,drw,Legacy drawing format requires a compatible importer
8148f9be69cffabf443e,Clipart/CLIPART/ANIMALS/AN_REPT/GATORKV.DRW,Clipart,drw,Legacy drawing format requires a compatible importer
782f160f820e1fca5946,Clipart/CLIPART/ANIMALS/AN_REPT/GATORMD.DRW,Clipart,drw,Legacy drawing format requires a compatible importer
c366b41a8ff680e55468,Clipart/CLIPART/ANIMALS/AN_REPT/LIZARD1.DRW,Clipart,drw,Legacy drawing format requires a compatible importer
2e58494212c5fce48f95,Clipart/CLIPART/ANIMALS/AN_REPT/SNAKE.DRW,Clipart,drw,Legacy drawing format requires a compatible importer
3246aebdc9a6d67bef8c,Clipart/CLIPART/ANIMALS/AN_REPT/SNAKEMD.DRW,Clipart,drw,Legacy drawing format requires a compatible importer
23e62597a2e289d86b23,Clipart/CLIPART/ANIMALS/AN_REPT/SNAKEX.DRW,Clipart,drw,Legacy drawing format requires a compatible importer
61a3197c776c823c998c,Clipart/CLIPART/ANIMALS/AN_REPT/TURTLE.DRW,Clipart,drw,Legacy drawing format requires a compatible importer
9689d9ad4fa2fbad74ca,Clipart/CLIPART/ANIMALS/AN_REPT/TURTLTO.DRW,Clipart,drw,Legacy drawing format requires a compatible importer
9d17010d325017279b40,Clipart/CLIPART/ANIMALS/AN_SEA/ANAICG05.DRW,Clipart,drw,Legacy drawing format requires a compatible importer
8b8fceacc24e315808ae,Clipart/CLIPART/ANIMALS/AN_SEA/ANLNCA10.DRW,Clipart,drw,Legacy drawing format requires a compatible importer
3e351602c26183847982,Clipart/CLIPART/ANIMALS/AN_SEA/ANLNCG21.DRW,Clipart,drw,Legacy drawing format requires a compatible importer
fd7dba21bdb29411d99c,Clipart/CLIPART/ANIMALS/AN_SEA/ANWACA03.DRW,Clipart,drw,Legacy drawing format requires a compatible importer
25e8c7aa4568beabad7f,Clipart/CLIPART/ANIMALS/AN_SEA/ANWACA12.DRW,Clipart,drw,Legacy drawing format requires a compatible importer
236c8ddf2336f5c8e97e,Clipart/CLIPART/ANIMALS/AN_SEA/ANWACA13.DRW,Clipart,drw,Legacy drawing format requires a compatible importer
9ff758d6a67fc5ddd51d,Clipart/CLIPART/ANIMALS/AN_SEA/ANWACA14.DRW,Clipart,drw,Legacy drawing format requires a compatible importer
938fbcb939f1e319390a,Clipart/CLIPART/ANIMALS/AN_SEA/ANWACA15.DRW,Clipart,drw,Legacy drawing format requires a compatible importer
525e6cddef439bbf28bf,Clipart/CLIPART/ANIMALS/AN_SEA/ANWACA19.DRW,Clipart,drw,Legacy drawing format requires a compatible importer
4dced8ca11464b1469d7,Clipart/CLIPART/ANIMALS/AN_SEA/ANWACA20.DRW,Clipart,drw,Legacy drawing format requires a compatible importer
ecc5600b15ffc72bd5ba,Clipart/CLIPART/ANIMALS/AN_SEA/ANWACA21.DRW,Clipart,drw,Legacy drawing format requires a compatible importer
ebdf48ee2274fa20e1a4,Clipart/CLIPART/ANIMALS/AN_SEA/ANWACG04.DRW,Clipart,drw,Legacy drawing format requires a compatible importer
9103dc8165bf4b197f22,Clipart/CLIPART/ANIMALS/AN_SEA/ANWACG20.DRW,Clipart,drw,Legacy drawing format requires a compatible importer
33eedc087ffc496177af,Clipart/CLIPART/ANIMALS/AN_SEA/ANWACG40.DRW,Clipart,drw,Legacy drawing format requires a compatible importer
e4c7f1a7e60f0394d66e,Clipart/CLIPART/ANIMALS/AN_SEA/ANWACR00.DRW,Clipart,drw,Legacy drawing format requires a compatible importer
b7382b16b5ee8c8ab4d9,Clipart/CLIPART/ANIMALS/AN_SEA/ANWACR02.DRW,Clipart,drw,Legacy drawing format requires a compatible importer
bf01c39f663c7fb2cebc,Clipart/CLIPART/ANIMALS/AN_SEA/ANWACR04.DRW,Clipart,drw,Legacy drawing format requires a compatible importer
3cc7a1212f3671cad3ae,Clipart/CLIPART/ANIMALS/AN_SEA/ANWARA01.DRW,Clipart,drw,Legacy drawing format requires a compatible importer
ee924dfa1047793b3e6f,Clipart/CLIPART/ANIMALS/AN_SEA/ANWARA02.DRW,Clipart,drw,Legacy drawing format requires a compatible importer
5d3905037473b4e2831b,Clipart/CLIPART/ANIMALS/AN_SEA/ANWARG01.DRW,Clipart,drw,Legacy drawing format requires a compatible importer
31fa1d1506be69e66179,Clipart/CLIPART/ANIMALS/AN_SEA/ANWARG02.DRW,Clipart,drw,Legacy drawing format requires a compatible importer
3ffd05c2ceb0aa0f9ee5,Clipart/CLIPART/ANIMALS/AN_SEA/ANWARG03.DRW,Clipart,drw,Legacy drawing format requires a compatible importer
73b22bc846073ca31474,Clipart/CLIPART/ANIMALS/AN_SEA/ANWARG04.DRW,Clipart,drw,Legacy drawing format requires a compatible importer
9701be07c3c15a92b0ac,Clipart/CLIPART/ANIMALS/AN_SEA/ANWARG05.DRW,Clipart,drw,Legacy drawing format requires a compatible importer
5a24773eeca388de433f,Clipart/CLIPART/ANIMALS/AN_SEA/ANWARG06.DRW,Clipart,drw,Legacy drawing format requires a compatible importer
40a669e131a034043a04,Clipart/CLIPART/ANIMALS/AN_SEA/ANWARG10.DRW,Clipart,drw,Legacy drawing format requires a compatible importer
5df7cac97dd0d0a7ee24,Clipart/CLIPART/ANIMALS/AN_SEA/ANWARG11.DRW,Clipart,drw,Legacy drawing format requires a compatible importer
28a63db493037bf61f29,Clipart/CLIPART/ANIMALS/AN_SEA/ANWARG15.DRW,Clipart,drw,Legacy drawing format requires a compatible importer
c8ee46d669ca72d177c4,Clipart/CLIPART/ANIMALS/AN_SEA/ANWARR00.DRW,Clipart,drw,Legacy drawing format requires a compatible importer
ba3f97f9d68b63ab3ab7,Clipart/CLIPART/ANIMALS/AN_SEA/ANWASA01.DRW,Clipart,drw,Legacy drawing format requires a compatible importer
b7a72bf8bc217e1b824e,Clipart/CLIPART/ANIMALS/AN_SEA/ANWASA02.DRW,Clipart,drw,Legacy drawing format requires a compatible importer
24588b9e45782754542b,Clipart/CLIPART/ANIMALS/AN_SEA/ANWASL00.DRW,Clipart,drw,Legacy drawing format requires a compatible importer
0b842f8dcff2c7846843,Clipart/CLIPART/ANIMALS/AN_SEA/ANWASL02.DRW,Clipart,drw,Legacy drawing format requires a compatible importer
12d72bbed2d9114d8906,Clipart/CLIPART/ANIMALS/AN_SEA/ANWASL04.DRW,Clipart,drw,Legacy drawing format requires a compatible importer
b336af4ffe4c90b274b4,Clipart/CLIPART/ANIMALS/AN_SEA/ANWASL05.DRW,Clipart,drw,Legacy drawing format requires a compatible importer
2a5c9a84574eeb38b8ce,Clipart/CLIPART/ANIMALS/AN_SEA/ANWASM01.DRW,Clipart,drw,Legacy drawing format requires a compatible importer
90b93232787cc244e405,Clipart/CLIPART/ANIMALS/AN_SEA/ANWASM06.DRW,Clipart,drw,Legacy drawing format requires a compatible importer
fb9fdeed9b9b7761ea4a,Clipart/CLIPART/ANIMALS/AN_SEA/ANWASR00.DRW,Clipart,drw,Legacy drawing format requires a compatible importer
d8078ec3b3caa97a5f97,Clipart/CLIPART/ANIMALS/AN_SEA/ANWASR01.DRW,Clipart,drw,Legacy drawing format requires a compatible importer
1da5600d40bb10372764,Clipart/CLIPART/ANIMALS/AN_SEA/CLAM.DRW,Clipart,drw,Legacy drawing format requires a compatible importer
d7b3e6f2c19935d1a0ad,Clipart/CLIPART/ANIMALS/AN_SEA/CLAM2.DRW,Clipart,drw,Legacy drawing format requires a compatible importer
93e3f78d8a25a744cc24,Clipart/CLIPART/ANIMALS/AN_SEA/CORAL.DRW,Clipart,drw,Legacy drawing format requires a compatible importer
c44c3222870707594cc7,Clipart/CLIPART/ANIMALS/AN_SEA/CRAB.DRW,Clipart,drw,Legacy drawing format requires a compatible importer
f7fba434b0f5ae45db3b,Clipart/CLIPART/ANIMALS/AN_SEA/FDMICG24.DRW,Clipart,drw,Legacy drawing format requires a compatible importer
8d645428602d6edef1ff,Clipart/CLIPART/ANIMALS/AN_SEA/FDMTCR02.DRW,Clipart,drw,Legacy drawing format requires a compatible importer
d10a6a3961f4b93b813c,Clipart/CLIPART/ANIMALS/AN_SEA/FDMTSR01.DRW,Clipart,drw,Legacy drawing format requires a compatible importer
5d773fa9dd2dbc071a5a,Clipart/CLIPART/ANIMALS/AN_SEA/FISH.DRW,Clipart,drw,Legacy drawing format requires a compatible importer
6f4f65e860349aa595cf,Clipart/CLIPART/ANIMALS/AN_SEA/FISH1MD.DRW,Clipart,drw,Legacy drawing format requires a compatible importer
4453aee2ad54bfac8bf3,Clipart/CLIPART/ANIMALS/AN_SEA/FISH1XX.DRW,Clipart,drw,Legacy drawing format requires a compatible importer
50a86d64874657533d02,Clipart/CLIPART/ANIMALS/AN_SEA/FISH2MD.DRW,Clipart,drw,Legacy drawing format requires a compatible importer
8dc3e2031d7fa7554a34,Clipart/CLIPART/ANIMALS/AN_SEA/FISH3.DRW,Clipart,drw,Legacy drawing format requires a compatible importer
98c17e60b56f55fe9a74,Clipart/CLIPART/ANIMALS/AN_SEA/FISHY1.DRW,Clipart,drw,Legacy drawing format requires a compatible importer
3301328a7811f600aedc,Clipart/CLIPART/ANIMALS/AN_SEA/FISHY2.DRW,Clipart,drw,Legacy drawing format requires a compatible importer
441be23061ef34c641a1,Clipart/CLIPART/ANIMALS/AN_SEA/NAWASR10.DRW,Clipart,drw,Legacy drawing format requires a compatible importer
187d835f00bc42447dc0,Clipart/CLIPART/ANIMALS/AN_SEA/OCTATO.DRW,Clipart,drw,Legacy drawing format requires a compatible importer
700b9c23c29e36bf3084,Clipart/CLIPART/ANIMALS/AN_SEA/PORPOUS.DRW,Clipart,drw,Legacy drawing format requires a compatible importer
ca1bb6e80eb8c1909f18,Clipart/CLIPART/ANIMALS/AN_SEA/SAWFISH.DRW,Clipart,drw,Legacy drawing format requires a compatible importer
c3b32b82989151a5742b,Clipart/CLIPART/ANIMALS/AN_SEA/SEAL.DRW,Clipart,drw,Legacy drawing format requires a compatible importer
7f6f38ff7a790dfc7045,Clipart/CLIPART/ANIMALS/AN_SEA/SEALZ.DRW,Clipart,drw,Legacy drawing format requires a compatible importer
bc2b222edf0a6f75dff0,Clipart/CLIPART/ANIMALS/AN_SEA/SHARK.DRW,Clipart,drw,Legacy drawing format requires a compatible importer
b70e67ff364f060d3fd8,Clipart/CLIPART/ANIMALS/AN_SEA/SHELL.DRW,Clipart,drw,Legacy drawing format requires a compatible importer
83f025ae86571bf8aaac,Clipart/CLIPART/ANIMALS/AN_SEA/TRMICA04.DRW,Clipart,drw,Legacy drawing format requires a compatible importer
20fcb7b008e166d6bf76,Clipart/CLIPART/ANIMALS/AN_SEA/WHALE.DRW,Clipart,drw,Legacy drawing format requires a compatible importer
cb5188a09f601f01ba22,Clipart/CLIPART/ANIMALS/BIRDS/1100.DRW,Clipart,drw,Legacy drawing format requires a compatible importer
3523cea7a1670e4534d4,Clipart/CLIPART/ANIMALS/BIRDS/1101.DRW,Clipart,drw,Legacy drawing format requires a compatible importer
9642c4e7b12d56a0398d,Clipart/CLIPART/ANIMALS/BIRDS/1102.DRW,Clipart,drw,Legacy drawing format requires a compatible importer
605e93bb2ce192fdf6f0,Clipart/CLIPART/ANIMALS/BIRDS/1103.DRW,Clipart,drw,Legacy drawing format requires a compatible importer
d4bba7c7870da8f57f01,Clipart/CLIPART/ANIMALS/BIRDS/1104.DRW,Clipart,drw,Legacy drawing format requires a compatible importer
0aecfba2408a67a5e246,Clipart/CLIPART/ANIMALS/BIRDS/1105.DRW,Clipart,drw,Legacy drawing format requires a compatible importer
9c395b2cddc43d8b233b,Clipart/CLIPART/ANIMALS/BIRDS/1106.DRW,Clipart,drw,Legacy drawing format requires a compatible importer
495db56cca5d3955837d,Clipart/CLIPART/ANIMALS/BIRDS/1107.DRW,Clipart,drw,Legacy drawing format requires a compatible importer
a2b4c0f4be12184ffff1,Clipart/CLIPART/ANIMALS/BIRDS/1108.DRW,Clipart,drw,Legacy drawing format requires a compatible importer
1a4c775c39ad88945a22,Clipart/CLIPART/ANIMALS/BIRDS/1109.DRW,Clipart,drw,Legacy drawing format requires a compatible importer
d2a744202eeb4264c64e,Clipart/CLIPART/ANIMALS/BIRDS/1110.DRW,Clipart,drw,Legacy drawing format requires a compatible importer
bf33c2bf96b1c9296b74,Clipart/CLIPART/ANIMALS/BIRDS.SBJ,Clipart,sbj,Container or non-image metadata; preserved in original archive
2a08b68c3aa7c5a91a8c,Clipart/CLIPART/ANIMALS/CARTOONS/BEAVER1.DRW,Clipart,drw,Legacy drawing format requires a compatible importer
ef2777788a2203559400,Clipart/CLIPART/ANIMALS/CARTOONS/BIRD1.DRW,Clipart,drw,Legacy drawing format requires a compatible importer
bcc5b6370d6dc2475549,Clipart/CLIPART/ANIMALS/CARTOONS/CHIMP.DRW,Clipart,drw,Legacy drawing format requires a compatible importer
ea5e19d9677be7d85d64,Clipart/CLIPART/ANIMALS/CARTOONS/DINO.DRW,Clipart,drw,Legacy drawing format requires a compatible importer
3f082ba4daf8baaaeb07,Clipart/CLIPART/ANIMALS/CARTOONS/DOGB.DRW,Clipart,drw,Legacy drawing format requires a compatible importer
6661756654a1091c93a7,Clipart/CLIPART/ANIMALS/CARTOONS/DOGDONT.DRW,Clipart,drw,Legacy drawing format requires a compatible importer
015d0c402d24a7c7e1e5,Clipart/CLIPART/ANIMALS/CARTOONS/DOGFACE.DRW,Clipart,drw,Legacy drawing format requires a compatible importer
71c5afd5369119b189b0,Clipart/CLIPART/ANIMALS/CARTOONS/DOGFACE2.DRW,Clipart,drw,Legacy drawing format requires a compatible importer
4edd899d62810dc0b380,Clipart/CLIPART/ANIMALS/CARTOONS/DOGFACE3.DRW,Clipart,drw,Legacy drawing format requires a compatible importer
6c9a74dfa23a47f0e8ce,Clipart/CLIPART/ANIMALS/CARTOONS/DOGKNOW.DRW,Clipart,drw,Legacy drawing format requires a compatible importer
01823a73c71f1f86b273,Clipart/CLIPART/ANIMALS/CARTOONS/DOGMAD.DRW,Clipart,drw,Legacy drawing format requires a compatible importer
a42847a3928aca576a22,Clipart/CLIPART/ANIMALS/CARTOONS/DOGPOIN.DRW,Clipart,drw,Legacy drawing format requires a compatible importer
7849925955faafd7631f,Clipart/CLIPART/ANIMALS/CARTOONS/DOGPRIDE.DRW,Clipart,drw,Legacy drawing format requires a compatible importer
7fca331959e99c93d5e8,Clipart/CLIPART/ANIMALS/CARTOONS/DOGRUN.DRW,Clipart,drw,Legacy drawing format requires a compatible importer
5a60d9b1a6572cd27091,Clipart/CLIPART/ANIMALS/CARTOONS/DOGSHRUG.DRW,Clipart,drw,Legacy drawing format requires a compatible importer
4921727556e30a14f465,Clipart/CLIPART/ANIMALS/CARTOONS/DOGSIT.DRW,Clipart,drw,Legacy drawing format requires a compatible importer
644f171dc27f0700237a,Clipart/CLIPART/ANIMALS/CARTOONS/DOGSMILE.DRW,Clipart,drw,Legacy drawing format requires a compatible importer
3c58d87b450cf9f5beb1,Clipart/CLIPART/ANIMALS/CARTOONS/DOGTHUMB.DRW,Clipart,drw,Legacy drawing format requires a compatible importer
8205d5e425deb21b7efb,Clipart/CLIPART/ANIMALS/CARTOONS/FISH.DRW,Clipart,drw,Legacy drawing format requires a compatible importer
7b463dab5b2e5d69c5ff,Clipart/CLIPART/ANIMALS/CARTOONS/KINGKONG.DRW,Clipart,drw,Legacy drawing format requires a compatible importer
8d94d39551f007b1742c,Clipart/CLIPART/ANIMALS/CARTOONS/MOUSE.DRW,Clipart,drw,Legacy drawing format requires a compatible importer
31458c56a1b7aced1b92,Clipart/CLIPART/ANIMALS/CARTOONS/MULE.DRW,Clipart,drw,Legacy drawing format requires a compatible importer
5f22dbd1bf0c805efbab,Clipart/CLIPART/ANIMALS/CARTOONS/PAW.DRW,Clipart,drw,Legacy drawing format requires a compatible importer
484dc2cad3ad819b18d9,Clipart/CLIPART/ANIMALS/CARTOONS/PAWJUMP.DRW,Clipart,drw,Legacy drawing format requires a compatible importer
76b059e51935c18691f1,Clipart/CLIPART/ANIMALS/CARTOONS/PAWLICK.DRW,Clipart,drw,Legacy drawing format requires a compatible importer
a3a4288948f2d24d1a28,Clipart/CLIPART/ANIMALS/CARTOONS/PAWSIT.DRW,Clipart,drw,Legacy drawing format requires a compatible importer
0952a9353e642c5d9bb6,Clipart/CLIPART/ANIMALS/CARTOONS/RABBIT.DRW,Clipart,drw,Legacy drawing format requires a compatible importer
5cbc6da1a66b7dae5ade,Clipart/CLIPART/ANIMALS/CARTOONS/SHARKY.DRW,Clipart,drw,Legacy drawing format requires a compatible importer
70f6b0deddb9a41a2930,Clipart/CLIPART/ANIMALS/CARTOONS/SQRLRUN.DRW,Clipart,drw,Legacy drawing format requires a compatible importer
62dd17b04ed99df0604e,Clipart/CLIPART/ANIMALS/CARTOONS/SQUIRREL.DRW,Clipart,drw,Legacy drawing format requires a compatible importer
55d9fbd5491537e0fe13,Clipart/CLIPART/ANIMALS/CARTOONS/TEDDY.DRW,Clipart,drw,Legacy drawing format requires a compatible importer
efc0d0d0cc9b6fb9d0c7,Clipart/CLIPART/ANIMALS/CARTOONS/TEDDYB.DRW,Clipart,drw,Legacy drawing format requires a compatible importer
2320c924d11874d97b9a,Clipart/CLIPART/ANIMALS/CARTOONS/TEDDYHD.DRW,Clipart,drw,Legacy drawing format requires a compatible importer
4134402fe76f4b22cccf,Clipart/CLIPART/ANIMALS/CARTOONS/TEDDYHND.DRW,Clipart,drw,Legacy drawing format requires a compatible importer
f1c418f4e975c8b63f91,Clipart/CLIPART/ANIMALS/CARTOONS/TEDDYHUG.DRW,Clipart,drw,Legacy drawing format requires a compatible importer
b401ac13bca64ff7ffc4,Clipart/CLIPART/ANIMALS/CARTOONS/TEDDYJAM.DRW,Clipart,drw,Legacy drawing format requires a compatible importer
fb4e92dab10af3b86cb0,Clipart/CLIPART/ANIMALS/CARTOONS/TEDDYNAP.DRW,Clipart,drw,Legacy drawing format requires a compatible importer
3662a6aa26ee6edab579,Clipart/CLIPART/ANIMALS/CARTOONS/TEDDYSLP.DRW,Clipart,drw,Legacy drawing format requires a compatible importer
726ab6617a3eb7277ef8,Clipart/CLIPART/ANIMALS/CARTOONS/TIGER.DRW,Clipart,drw,Legacy drawing format requires a compatible importer
268716cee7e897e459a0,Clipart/CLIPART/ANIMALS/CARTOONS/TIGERHD.DRW,Clipart,drw,Legacy drawing format requires a compatible importer
143dc1b0c917b0ba7ac2,Clipart/CLIPART/ANIMALS/CARTOONS/TURTLE.DRW,Clipart,drw,Legacy drawing format requires a compatible importer
61865d0728eb9139e3a9,Clipart/CLIPART/ANIMALS/CARTOONS/WEITIGER.DRW,Clipart,drw,Legacy drawing format requires a compatible importer
d13f12ff8b5e491b710a,Clipart/CLIPART/ANIMALS/CARTOONS.SBJ,Clipart,sbj,Container or non-image metadata; preserved in original archive
9a2ceb0ea46de1ce7912,Clipart/CLIPART/ANIMALS/DINOSAUR/1150.DRW,Clipart,drw,Legacy drawing format requires a compatible importer
4c03294fa82679358e74,Clipart/CLIPART/ANIMALS/DINOSAUR/1151.DRW,Clipart,drw,Legacy drawing format requires a compatible importer
f674dbc19e861efa694e,Clipart/CLIPART/ANIMALS/DINOSAUR/1152.DRW,Clipart,drw,Legacy drawing format requires a compatible importer
8103e3d393e30669a250,Clipart/CLIPART/ANIMALS/DINOSAUR/1153.DRW,Clipart,drw,Legacy drawing format requires a compatible importer
a1ae0e08d6a3a0b06e5f,Clipart/CLIPART/ANIMALS/DINOSAUR/1154.DRW,Clipart,drw,Legacy drawing format requires a compatible importer
e1e15817744316f261f6,Clipart/CLIPART/ANIMALS/DINOSAUR/1155.DRW,Clipart,drw,Legacy drawing format requires a compatible importer
54379635d7626fd65f92,Clipart/CLIPART/ANIMALS/DINOSAUR.SBJ,Clipart,sbj,Container or non-image metadata; preserved in original archive
67df7762533f646a130d,Clipart/CLIPART/ANIMALS/FISH/1200.DRW,Clipart,drw,Legacy drawing format requires a compatible importer
ae52c75e81d9bf03b7da,Clipart/CLIPART/ANIMALS/FISH/1201.DRW,Clipart,drw,Legacy drawing format requires a compatible importer
a88bc0c8d370a906afd7,Clipart/CLIPART/ANIMALS/FISH/1202.DRW,Clipart,drw,Legacy drawing format requires a compatible importer
08dd5fc3aea398268e6b,Clipart/CLIPART/ANIMALS/FISH/1203.DRW,Clipart,drw,Legacy drawing format requires a compatible importer
4a69a0eb1a92d106f7a3,Clipart/CLIPART/ANIMALS/FISH/1204.DRW,Clipart,drw,Legacy drawing format requires a compatible importer
3334583dc89516692e2b,Clipart/CLIPART/ANIMALS/FISH/1205.DRW,Clipart,drw,Legacy drawing format requires a compatible importer
0c5d7704ca2860de7519,Clipart/CLIPART/ANIMALS/FISH.SBJ,Clipart,sbj,Container or non-image metadata; preserved in original archive
4366ed1ff1f0b8f77ae6,Clipart/CLIPART/ANIMALS/INSECTS/1250.DRW,Clipart,drw,Legacy drawing format requires a compatible importer
d1edfb96f6ba5418667d,Clipart/CLIPART/ANIMALS/INSECTS/1251.DRW,Clipart,drw,Legacy drawing format requires a compatible importer
1473fcb91fbb11decba8,Clipart/CLIPART/ANIMALS/INSECTS/1252.DRW,Clipart,drw,Legacy drawing format requires a compatible importer
84a949eeb40cbd49eece,Clipart/CLIPART/ANIMALS/INSECTS/1253.DRW,Clipart,drw,Legacy drawing format requires a compatible importer
c6b7b4f4543e6ac94a5e,Clipart/CLIPART/ANIMALS/INSECTS.SBJ,Clipart,sbj,Container or non-image metadata; preserved in original archive
a7ecafdc18017ce46d58,Clipart/CLIPART/ANIMALS/MASCOTS/1275.DRW,Clipart,drw,Legacy drawing format requires a compatible importer
8e6f940dd0b220c0f4b5,Clipart/CLIPART/ANIMALS/MASCOTS/1276.DRW,Clipart,drw,Legacy drawing format requires a compatible importer
ba7b9fca8e376797bf5c,Clipart/CLIPART/ANIMALS/MASCOTS/1277.DRW,Clipart,drw,Legacy drawing format requires a compatible importer
b9c59bdd2755e9ea273b,Clipart/CLIPART/ANIMALS/MASCOTS.SBJ,Clipart,sbj,Container or non-image metadata; preserved in original archive
bd670a3d946106dbc688,Clipart/CLIPART/ICONS/DESIGN_1.SBJ,Clipart,sbj,Container or non-image metadata; preserved in original archive
bf351a92e989dc5350fe,Clipart/CLIPART/ICONS/D_SYMBOL/ANLNCA27.DRW,Clipart,drw,Legacy drawing format requires a compatible importer
5c5be2576093a8db7f5f,Clipart/CLIPART/ICONS/D_SYMBOL/ANLNRM00.DRW,Clipart,drw,Legacy drawing format requires a compatible importer
e15c0d2c458d169f36f4,Clipart/CLIPART/ICONS/D_SYMBOL/ANLNSG00.DRW,Clipart,drw,Legacy drawing format requires a compatible importer
47ae2bacca943af8e613,Clipart/CLIPART/ICONS/D_SYMBOL/ANLNSG02.DRW,Clipart,drw,Legacy drawing format requires a compatible importer
cdcb29cecd8c7ea33723,Clipart/CLIPART/ICONS/D_SYMBOL/ANLNSM38.DRW,Clipart,drw,Legacy drawing format requires a compatible importer
57827d80251b1d65c930,Clipart/CLIPART/ICONS/D_SYMBOL/ARMSAS.DRW,Clipart,drw,Legacy drawing format requires a compatible importer
72e35da73d88b425ef3d,Clipart/CLIPART/ICONS/D_SYMBOL/BDBOR00.DRW,Clipart,drw,Legacy drawing format requires a compatible importer
2969f354b90d3319e96e,Clipart/CLIPART/ICONS/D_SYMBOL/BDBORM43.DRW,Clipart,drw,Legacy drawing format requires a compatible importer
c5b0ad399831892bb033,Clipart/CLIPART/ICONS/D_SYMBOL/BDBRSR86.DRW,Clipart,drw,Legacy drawing format requires a compatible importer
722bdbd72e884db181c7,Clipart/CLIPART/ICONS/D_SYMBOL/BDBRSR87.DRW,Clipart,drw,Legacy drawing format requires a compatible importer
4d5fc32abd7a6991f2de,Clipart/CLIPART/ICONS/D_SYMBOL/BELL1MD.DRW,Clipart,drw,Legacy drawing format requires a compatible importer
edce34c04d7385300ab0,Clipart/CLIPART/ICONS/D_SYMBOL/BSEQCG07.DRW,Clipart,drw,Legacy drawing format requires a compatible importer
d36b3d69f085cb9397e6,Clipart/CLIPART/ICONS/D_SYMBOL/CIRCODOR.DRW,Clipart,drw,Legacy drawing format requires a compatible importer
2e83d41bf6909a5f00a4,Clipart/CLIPART/ICONS/D_SYMBOL/CLMICR14.DRW,Clipart,drw,Legacy drawing format requires a compatible importer
af1be4d7db27b0741288,Clipart/CLIPART/ICONS/D_SYMBOL/CREST.DRW,Clipart,drw,Legacy drawing format requires a compatible importer
98fd17ac84ecbf9bc91e,Clipart/CLIPART/ICONS/D_SYMBOL/GRMIAA18.DRW,Clipart,drw,Legacy drawing format requires a compatible importer
0c0ad352ebc5a497a80d,Clipart/CLIPART/ICONS/D_SYMBOL/GRMIAA74.DRW,Clipart,drw,Legacy drawing format requires a compatible importer
b20e2346bdbbf71af970,Clipart/CLIPART/ICONS/D_SYMBOL/GRMIAA82.DRW,Clipart,drw,Legacy drawing format requires a compatible importer
44d17af4b9cd7d85da3f,Clipart/CLIPART/ICONS/D_SYMBOL/GRMICG06.DRW,Clipart,drw,Legacy drawing format requires a compatible importer
bd25fc93f6193cb7959e,Clipart/CLIPART/ICONS/D_SYMBOL/GRMICG07.DRW,Clipart,drw,Legacy drawing format requires a compatible importer
336ddb18a97be47b9501,Clipart/CLIPART/ICONS/D_SYMBOL/GRMICG79.DRW,Clipart,drw,Legacy drawing format requires a compatible importer
3bb4f1ce005bf31f3535,Clipart/CLIPART/ICONS/D_SYMBOL/GRMICG80.DRW,Clipart,drw,Legacy drawing format requires a compatible importer
6283edc83ce26fbf1eda,Clipart/CLIPART/ICONS/D_SYMBOL/GRMICG82.DRW,Clipart,drw,Legacy drawing format requires a compatible importer
c6c086132f819b4ac39f,Clipart/CLIPART/ICONS/D_SYMBOL/GRMICH19.DRW,Clipart,drw,Legacy drawing format requires a compatible importer
95185c7c6f0a7edfaf47,Clipart/CLIPART/ICONS/D_SYMBOL/GRMIRA10.DRW,Clipart,drw,Legacy drawing format requires a compatible importer
723c9a4ba6d1df445118,Clipart/CLIPART/ICONS/D_SYMBOL/GRMIRA11.DRW,Clipart,drw,Legacy drawing format requires a compatible importer
272e1276175ee81b5fe7,Clipart/CLIPART/ICONS/D_SYMBOL/GRMIRL00.DRW,Clipart,drw,Legacy drawing format requires a compatible importer
6f225a28b84f4ca2d713,Clipart/CLIPART/ICONS/D_SYMBOL/GRMISG61.DRW,Clipart,drw,Legacy drawing format requires a compatible importer
f9daecae9ff40c6156fd,Clipart/CLIPART/ICONS/D_SYMBOL/GRMISM07.DRW,Clipart,drw,Legacy drawing format requires a compatible importer
baa0a47ba61800edcb4d,Clipart/CLIPART/ICONS/D_SYMBOL/GRMISM25.DRW,Clipart,drw,Legacy drawing format requires a compatible importer
8ef6aa7e8f3f0d1bbe62,Clipart/CLIPART/ICONS/D_SYMBOL/GRMISM54.DRW,Clipart,drw,Legacy drawing format requires a compatible importer
67d3eb8a54ac7e252951,Clipart/CLIPART/ICONS/D_SYMBOL/GRMISM55.DRW,Clipart,drw,Legacy drawing format requires a compatible importer
e4f2446e3998e0d2abf0,Clipart/CLIPART/ICONS/D_SYMBOL/MOLECULE.DRW,Clipart,drw,Legacy drawing format requires a compatible importer
1e0945d846c3095d7379,Clipart/CLIPART/ICONS/D_SYMBOL/NAOTSG01.DRW,Clipart,drw,Legacy drawing format requires a compatible importer
91e828c3ff7fc9590ad5,Clipart/CLIPART/ICONS/D_SYMBOL/PEMISG30.DRW,Clipart,drw,Legacy drawing format requires a compatible importer
071dc42fdbce123eab61,Clipart/CLIPART/ICONS/D_SYMBOL/PEMISL24.DRW,Clipart,drw,Legacy drawing format requires a compatible importer
42442c786db40593fbf5,Clipart/CLIPART/ICONS/D_SYMBOL/PEMISL35.DRW,Clipart,drw,Legacy drawing format requires a compatible importer
4b18f704c97b208db360,Clipart/CLIPART/ICONS/D_SYMBOL/PEMISL36.DRW,Clipart,drw,Legacy drawing format requires a compatible importer
bc7dd69021298d69f085,Clipart/CLIPART/ICONS/D_SYMBOL/PEMISL51.DRW,Clipart,drw,Legacy drawing format requires a compatible importer
1fd45b0bb9e2924a800e,Clipart/CLIPART/ICONS/D_SYMBOL/POISON.DRW,Clipart,drw,Legacy drawing format requires a compatible importer
e8a486c20e0be9d21345,Clipart/CLIPART/ICONS/D_SYMBOL/PRINTKV.DRW,Clipart,drw,Legacy drawing format requires a compatible importer
fb904433a61fd63690cf,Clipart/CLIPART/ICONS/D_SYMBOL/RADIOACT.DRW,Clipart,drw,Legacy drawing format requires a compatible importer
7ef40756ca8cb5455b45,Clipart/CLIPART/ICONS/D_SYMBOL/SPRNRG00.DRW,Clipart,drw,Legacy drawing format requires a compatible importer
9a4b0697e7567e46caad,Clipart/CLIPART/ICONS/D_SYMBOL/SUNAS.DRW,Clipart,drw,Legacy drawing format requires a compatible importer
1d98d5f38984170c130b,Clipart/CLIPART/ICONS/D_SYMBOL/TCMICA07.DRW,Clipart,drw,Legacy drawing format requires a compatible importer
9946727f0bfe86de2f02,Clipart/CLIPART/ICONS/D_SYMBOL/TCMIRR14.DRW,Clipart,drw,Legacy drawing format requires a compatible importer
72a9a132f484b5bf801b,Clipart/CLIPART/ICONS/D_SYMBOL/TRLNSR03.DRW,Clipart,drw,Legacy drawing format requires a compatible importer
b45e3a927c81dbee3535,Clipart/CLIPART/ICONS/D_SYMBOL/WINGFTT.DRW,Clipart,drw,Legacy drawing format requires a compatible importer
a7d598dda083174a5b0e,Clipart/CLIPART/ICONS/D_SYMBOL/WINGTHG.DRW,Clipart,drw,Legacy drawing format requires a compatible importer
e5d32ba5dd5641a3e4cf,Clipart/CLIPART/ICONS/FIREWRKS/4TH1MD.DRW,Clipart,drw,Legacy drawing format requires a compatible importer
d1475a4be6897dd708c1,Clipart/CLIPART/ICONS/FIREWRKS/FIRE2MD.DRW,Clipart,drw,Legacy drawing format requires a compatible importer
a43be97e1545e0c6abdc,Clipart/CLIPART/ICONS/FIREWRKS/FIRECRAK.DRW,Clipart,drw,Legacy drawing format requires a compatible importer
ee1228fad8bf1e878585,Clipart/CLIPART/ICONS/FIREWRKS/FIREW3MD.DRW,Clipart,drw,Legacy drawing format requires a compatible importer
11cdf2f58de90c721a70,Clipart/CLIPART/ICONS/FIREWRKS/FIREWKS.DRW,Clipart,drw,Legacy drawing format requires a compatible importer
f9ac41f61558f3617dd3,Clipart/CLIPART/ICONS/FIREWRKS/GRMICG22.DRW,Clipart,drw,Legacy drawing format requires a compatible importer
760b09e970ea6aa51ed9,Clipart/CLIPART/ICONS/FIREWRKS/GRMICG27.DRW,Clipart,drw,Legacy drawing format requires a compatible importer
9560f0edffaee99b34bb,Clipart/CLIPART/ICONS/FIREWRKS/GRMISG70.DRW,Clipart,drw,Legacy drawing format requires a compatible importer
6024d470a38ebca4c8cb,Clipart/CLIPART/ICONS/FIREWRKS/NALNSR32.DRW,Clipart,drw,Legacy drawing format requires a compatible importer
7cae36452ca7d84d46f9,Clipart/CLIPART/ICONS/ICONS/FD320000.DRW,Clipart,drw,Legacy drawing format requires a compatible importer
188d9aae3b9d81b25fb6,Clipart/CLIPART/ICONS/ICONS/FD320001.DRW,Clipart,drw,Legacy drawing format requires a compatible importer
7ff05e8830336429fe18,Clipart/CLIPART/ICONS/ICONS/FD320002.DRW,Clipart,drw,Legacy drawing format requires a compatible importer
d6c93a40702f25873d12,Clipart/CLIPART/ICONS/ICONS/FD320003.DRW,Clipart,drw,Legacy drawing format requires a compatible importer
4eb245da743941e15986,Clipart/CLIPART/ICONS/ICONS/FD320005.DRW,Clipart,drw,Legacy drawing format requires a compatible importer
0f30bdaaac8576502d32,Clipart/CLIPART/ICONS/ICONS/FD320007.DRW,Clipart,drw,Legacy drawing format requires a compatible importer
9793c9dc66a220d6f4ec,Clipart/CLIPART/ICONS/ICONS/FD320016.DRW,Clipart,drw,Legacy drawing format requires a compatible importer
8f153ffaaedf3b99d81a,Clipart/CLIPART/ICONS/ICONS/FD320017.DRW,Clipart,drw,Legacy drawing format requires a compatible importer
ddb243688ef59050cb56,Clipart/CLIPART/ICONS/ICONS/FD320018.DRW,Clipart,drw,Legacy drawing format requires a compatible importer
f40b1bd6709842190423,Clipart/CLIPART/ICONS/ICONS/FD320019.DRW,Clipart,drw,Legacy drawing format requires a compatible importer
281f11d1dee7ace383c6,Clipart/CLIPART/ICONS/ICONS/FD320020.DRW,Clipart,drw,Legacy drawing format requires a compatible importer
4e172d36c85f049723d8,Clipart/CLIPART/ICONS/ICONS/FD320021.DRW,Clipart,drw,Legacy drawing format requires a compatible importer
be2ec51045c6d802a900,Clipart/CLIPART/ICONS/ICONS/FD320022.DRW,Clipart,drw,Legacy drawing format requires a compatible importer
bff3645e4b0d1e8b2673,Clipart/CLIPART/ICONS/ICONS/FD320023.DRW,Clipart,drw,Legacy drawing format requires a compatible importer
6ff8db1e408d8a68814a,Clipart/CLIPART/ICONS/ICONS/FD320024.DRW,Clipart,drw,Legacy drawing format requires a compatible importer
e521285a142de9e313ed,Clipart/CLIPART/ICONS/ICONS/FD320025.DRW,Clipart,drw,Legacy drawing format requires a compatible importer
cd033339757e9e81ba87,Clipart/CLIPART/ICONS/ICONS/FD320026.DRW,Clipart,drw,Legacy drawing format requires a compatible importer
cedc64493cc1b2f841c3,Clipart/CLIPART/ICONS/ICONS/FD320027.DRW,Clipart,drw,Legacy drawing format requires a compatible importer
e3cd7cca29251ed59c6f,Clipart/CLIPART/ICONS/ICONS/FD320028.DRW,Clipart,drw,Legacy drawing format requires a compatible importer
0512e483170ee88546a6,Clipart/CLIPART/ICONS/ICONS/FD320029.DRW,Clipart,drw,Legacy drawing format requires a compatible importer
274980de14a208bd2dce,Clipart/CLIPART/ICONS/ICONS/FD320030.DRW,Clipart,drw,Legacy drawing format requires a compatible importer
d12666d70c07255dcc13,Clipart/CLIPART/ICONS/ICONS/FD320031.DRW,Clipart,drw,Legacy drawing format requires a compatible importer
04f720b2e264e336a96b,Clipart/CLIPART/ICONS/ICONS/FD320032.DRW,Clipart,drw,Legacy drawing format requires a compatible importer
1cfd6c8973473b75cd5b,Clipart/CLIPART/ICONS/ICONS/FD320033.DRW,Clipart,drw,Legacy drawing format requires a compatible importer
8042b3f92d99ed9701f8,Clipart/CLIPART/ICONS/ICONS/FD320034.DRW,Clipart,drw,Legacy drawing format requires a compatible importer
a68290cfa1273c0b4340,Clipart/CLIPART/ICONS/ICONS/FD320035.DRW,Clipart,drw,Legacy drawing format requires a compatible importer
59f8dea5589f58b1fa4c,Clipart/CLIPART/ICONS/ICONS/FD320036.DRW,Clipart,drw,Legacy drawing format requires a compatible importer
1f022a8108d356a61d97,Clipart/CLIPART/ICONS/ICONS/FD320037.DRW,Clipart,drw,Legacy drawing format requires a compatible importer
3075da38216efd2a7bbf,Clipart/CLIPART/ICONS/ICONS/FD320038.DRW,Clipart,drw,Legacy drawing format requires a compatible importer
0b1b165364645c4f6784,Clipart/CLIPART/ICONS/ICONS/FD320039.DRW,Clipart,drw,Legacy drawing format requires a compatible importer
f8dbd2a50d67616baad6,Clipart/CLIPART/ICONS/ICONS/FD320040.DRW,Clipart,drw,Legacy drawing format requires a compatible importer
2dae647b101231d66a98,Clipart/CLIPART/ICONS/ICONS/FD320041.DRW,Clipart,drw,Legacy drawing format requires a compatible importer
db204e5e2b1a447a9d06,Clipart/CLIPART/ICONS/ICONS/FD320042.DRW,Clipart,drw,Legacy drawing format requires a compatible importer
3622f764e4245ba943cc,Clipart/CLIPART/ICONS/ICONS/FD320043.DRW,Clipart,drw,Legacy drawing format requires a compatible importer
dab595220bf50c459737,Clipart/CLIPART/ICONS/ICONS/FD320044.DRW,Clipart,drw,Legacy drawing format requires a compatible importer
3730fc27c706115905c1,Clipart/CLIPART/ICONS/ICONS/FD320045.DRW,Clipart,drw,Legacy drawing format requires a compatible importer
1ad2e4bd30968601718e,Clipart/CLIPART/ICONS/ICONS/FD320046.DRW,Clipart,drw,Legacy drawing format requires a compatible importer
d6f5834ad4097ddf09ee,Clipart/CLIPART/ICONS/ICONS/FD320047.DRW,Clipart,drw,Legacy drawing format requires a compatible importer
ca932b946651c3e8cc60,Clipart/CLIPART/ICONS/ICONS/FD320048.DRW,Clipart,drw,Legacy drawing format requires a compatible importer
55a54d9e81bc691a0968,Clipart/CLIPART/ICONS/ICONS/FD320049.DRW,Clipart,drw,Legacy drawing format requires a compatible importer
e8999fdee590112e7f3d,Clipart/CLIPART/ICONS/ICONS/FD320050.DRW,Clipart,drw,Legacy drawing format requires a compatible importer
662b127401b1939cd423,Clipart/CLIPART/ICONS/ICONS/FD320051.DRW,Clipart,drw,Legacy drawing format requires a compatible importer
b99df084742e4142d7aa,Clipart/CLIPART/ICONS/ICONS/FD320052.DRW,Clipart,drw,Legacy drawing format requires a compatible importer
8577bddc563c46c6d47c,Clipart/CLIPART/ICONS/ICONS/FD320053.DRW,Clipart,drw,Legacy drawing format requires a compatible importer
e824114d2aa93f9ad08f,Clipart/CLIPART/ICONS/ICONS/FD320054.DRW,Clipart,drw,Legacy drawing format requires a compatible importer
936280865f5d683d3938,Clipart/CLIPART/ICONS/ICONS/FD320055.DRW,Clipart,drw,Legacy drawing format requires a compatible importer
392c699c772e7d7ac9e1,Clipart/CLIPART/ICONS/ICONS/FD320056.DRW,Clipart,drw,Legacy drawing format requires a compatible importer
60197e787f66b30419a0,Clipart/CLIPART/ICONS/ICONS/FD320057.DRW,Clipart,drw,Legacy drawing format requires a compatible importer
aaf12bd3215da861533e,Clipart/CLIPART/ICONS/ICONS/FD320058.DRW,Clipart,drw,Legacy drawing format requires a compatible importer
cb1554fdd543c39a57b8,Clipart/CLIPART/ICONS/ICONS/FD320059.DRW,Clipart,drw,Legacy drawing format requires a compatible importer
30e6821d79cc5c78bb8a,Clipart/CLIPART/ICONS/ICONS/FD320060.DRW,Clipart,drw,Legacy drawing format requires a compatible importer
83d0243a4e44285c1306,Clipart/CLIPART/ICONS/ICONS/FD320061.DRW,Clipart,drw,Legacy drawing format requires a compatible importer
b548283322c7d684bfa2,Clipart/CLIPART/ICONS/ICONS/FD320062.DRW,Clipart,drw,Legacy drawing format requires a compatible importer
47b2e392129a6452735e,Clipart/CLIPART/ICONS/ICONS/FD320063.DRW,Clipart,drw,Legacy drawing format requires a compatible importer
e2737cae16b757843dc8,Clipart/CLIPART/ICONS/ICONS/FD320064.DRW,Clipart,drw,Legacy drawing format requires a compatible importer
49bece033de3fcbb5c14,Clipart/CLIPART/ICONS/ICONS/FD320065.DRW,Clipart,drw,Legacy drawing format requires a compatible importer
fa337f0a8e33da3d140f,Clipart/CLIPART/ICONS/ICONS/FD320066.DRW,Clipart,drw,Legacy drawing format requires a compatible importer
8cb83ba46720199f5f57,Clipart/CLIPART/ICONS/ICONS/FD320067.DRW,Clipart,drw,Legacy drawing format requires a compatible importer
6412e79733fafdb10be3,Clipart/CLIPART/ICONS/ICONS/FD320068.DRW,Clipart,drw,Legacy drawing format requires a compatible importer
a93ad7abff3dcaeeae53,Clipart/CLIPART/ICONS/ICONS/FD320069.DRW,Clipart,drw,Legacy drawing format requires a compatible importer
1efda1360c03fc300ee4,Clipart/CLIPART/ICONS/ICONS/FD320071.DRW,Clipart,drw,Legacy drawing format requires a compatible importer
2ef62ae6926fa4699fe5,Clipart/CLIPART/ICONS/ICONS/FD320072.DRW,Clipart,drw,Legacy drawing format requires a compatible importer
8b995e44bc118f97dfeb,Clipart/CLIPART/ICONS/ICONS/FD320073.DRW,Clipart,drw,Legacy drawing format requires a compatible importer
49afb3d11d1bd4c0c000,Clipart/CLIPART/ICONS/ICONS/FD320074.DRW,Clipart,drw,Legacy drawing format requires a compatible importer
42735a7fd157a580c5d5,Clipart/CLIPART/ICONS/ICONS/FD320075.DRW,Clipart,drw,Legacy drawing format requires a compatible importer
246690132bd6429afa29,Clipart/CLIPART/ICONS/ICONS/FD320076.DRW,Clipart,drw,Legacy drawing format requires a compatible importer
5022b5878141c772d95b,Clipart/CLIPART/ICONS/ICONS/FD320077.DRW,Clipart,drw,Legacy drawing format requires a compatible importer
106e1ba72317c97a006b,Clipart/CLIPART/ICONS/ICONS/FD320078.DRW,Clipart,drw,Legacy drawing format requires a compatible importer
60e62401bc960312c4fd,Clipart/CLIPART/ICONS/ICONS/FD320079.DRW,Clipart,drw,Legacy drawing format requires a compatible importer
70df8cbf9fe94c6e8ffb,Clipart/CLIPART/ICONS/ICONS/FD320080.DRW,Clipart,drw,Legacy drawing format requires a compatible importer
9670401d304053065d69,Clipart/CLIPART/ICONS/ICONS/FD320081.DRW,Clipart,drw,Legacy drawing format requires a compatible importer
c88a75f1ebd2340d6ccd,Clipart/CLIPART/ICONS/ICONS/FD320082.DRW,Clipart,drw,Legacy drawing format requires a compatible importer
c3a127451d16af617e07,Clipart/CLIPART/ICONS/ICONS/FD320083.DRW,Clipart,drw,Legacy drawing format requires a compatible importer
a6fd23804ee44d8fbad6,Clipart/CLIPART/ICONS/ICONS/FD320084.DRW,Clipart,drw,Legacy drawing format requires a compatible importer
62d14c81d9b1565d1b7b,Clipart/CLIPART/ICONS/ICONS/FD320085.DRW,Clipart,drw,Legacy drawing format requires a compatible importer
c8cb30659c37a86b6d89,Clipart/CLIPART/ICONS/ICONS/FD320086.DRW,Clipart,drw,Legacy drawing format requires a compatible importer
e27b49390b3a306f05cd,Clipart/CLIPART/ICONS/ICONS/FD320087.DRW,Clipart,drw,Legacy drawing format requires a compatible importer
cadf79cd0bc9989487da,Clipart/CLIPART/ICONS/ICONS/FD320088.DRW,Clipart,drw,Legacy drawing format requires a compatible importer
19118eca381250c12366,Clipart/CLIPART/ICONS/ICONS/FD320089.DRW,Clipart,drw,Legacy drawing format requires a compatible importer
89748e71584f53e94778,Clipart/CLIPART/ICONS/ICONS/FD320090.DRW,Clipart,drw,Legacy drawing format requires a compatible importer
ea60942c46cfddca7ffd,Clipart/CLIPART/ICONS/ICONS/FD320091.DRW,Clipart,drw,Legacy drawing format requires a compatible importer
3a74dcf38153b0f029db,Clipart/CLIPART/ICONS/ICONS/FD320092.DRW,Clipart,drw,Legacy drawing format requires a compatible importer
ecfb392a15ef5551a70b,Clipart/CLIPART/ICONS/ICONS/FD320093.DRW,Clipart,drw,Legacy drawing format requires a compatible importer
d31456bcd22545c63a42,Clipart/CLIPART/ICONS/ICONS/FD320094.DRW,Clipart,drw,Legacy drawing format requires a compatible importer
082d9104bb486a5bb263,Clipart/CLIPART/ICONS/ICONS/FD320095.DRW,Clipart,drw,Legacy drawing format requires a compatible importer
9bbb818ad272d9314b80,Clipart/CLIPART/ICONS/ICONS/FD320096.DRW,Clipart,drw,Legacy drawing format requires a compatible importer
6977a4c5120a19aa1d7d,Clipart/CLIPART/ICONS/ICONS/FD320097.DRW,Clipart,drw,Legacy drawing format requires a compatible importer
0e23537b280d7249362c,Clipart/CLIPART/ICONS/ICONS/FD320098.DRW,Clipart,drw,Legacy drawing format requires a compatible importer
25c22a2317c84a91d517,Clipart/CLIPART/ICONS/ICONS/FD320099.DRW,Clipart,drw,Legacy drawing format requires a compatible importer
275d46eda3f42fbe82cf,Clipart/CLIPART/ICONS/ICONS/FD320100.DRW,Clipart,drw,Legacy drawing format requires a compatible importer
8de38cc59360b7ee75da,Clipart/CLIPART/ICONS/ICONS/FD320101.DRW,Clipart,drw,Legacy drawing format requires a compatible importer
5247dfc2a85a4281a2e1,Clipart/CLIPART/ICONS/ICONS/FD320102.DRW,Clipart,drw,Legacy drawing format requires a compatible importer
26f7c13eff7f68759840,Clipart/CLIPART/ICONS/ICONS/FD320103.DRW,Clipart,drw,Legacy drawing format requires a compatible importer
d4d16cb4d6f971f1c13a,Clipart/CLIPART/ICONS/ICONS/FD320104.DRW,Clipart,drw,Legacy drawing format requires a compatible importer
767ec258f578c02395cd,Clipart/CLIPART/ICONS/ICONS/FD320105.DRW,Clipart,drw,Legacy drawing format requires a compatible importer
9fc3edfffaba12fe1377,Clipart/CLIPART/ICONS/ICONS/FD320106.DRW,Clipart,drw,Legacy drawing format requires a compatible importer
6f3c4ab42d6bb92fc33f,Clipart/CLIPART/ICONS/ICONS.SBJ,Clipart,sbj,Container or non-image metadata; preserved in original archive
66f5e200601fd89ab1b7,Clipart/CLIPART/ICONS/ICONS1/8600.DRW,Clipart,drw,Legacy drawing format requires a compatible importer
f883685aff492fefbbcc,Clipart/CLIPART/ICONS/ICONS1/8601.DRW,Clipart,drw,Legacy drawing format requires a compatible importer
296bf851f4833a0936b4,Clipart/CLIPART/ICONS/ICONS1/8602.DRW,Clipart,drw,Legacy drawing format requires a compatible importer
3e2bf70c77d65e0308e6,Clipart/CLIPART/ICONS/ICONS1/8603.DRW,Clipart,drw,Legacy drawing format requires a compatible importer
d3ee33dbd5d639ecd355,Clipart/CLIPART/ICONS/ICONS1/8604.DRW,Clipart,drw,Legacy drawing format requires a compatible importer
54787ddb882b6e23320a,Clipart/CLIPART/ICONS/ICONS1/8605.DRW,Clipart,drw,Legacy drawing format requires a compatible importer
e1785f4e6a6e9de1f00a,Clipart/CLIPART/ICONS/ICONS1/8606.DRW,Clipart,drw,Legacy drawing format requires a compatible importer
f52c1547e60139839fd8,Clipart/CLIPART/ICONS/ICONS1/8607.DRW,Clipart,drw,Legacy drawing format requires a compatible importer
c943b45884e24336f66f,Clipart/CLIPART/ICONS/ICONS1/8608.DRW,Clipart,drw,Legacy drawing format requires a compatible importer
3743161fce4f01497747,Clipart/CLIPART/ICONS/ICONS1/8609.DRW,Clipart,drw,Legacy drawing format requires a compatible importer
74b78bd66f14cb3f2f32,Clipart/CLIPART/ICONS/ICONS1/8610.DRW,Clipart,drw,Legacy drawing format requires a compatible importer
50391fc7bf05be3b1a6c,Clipart/CLIPART/ICONS/ICONS1/8611.DRW,Clipart,drw,Legacy drawing format requires a compatible importer
ef5ee7a0a73af989657e,Clipart/CLIPART/ICONS/ICONS1/8612.DRW,Clipart,drw,Legacy drawing format requires a compatible importer
1da4b0c649cc259c98f8,Clipart/CLIPART/ICONS/ICONS1.SBJ,Clipart,sbj,Container or non-image metadata; preserved in original archive
61f4445fbace4c760740,Clipart/CLIPART/ICONS/ICONS2/8650.DRW,Clipart,drw,Legacy drawing format requires a compatible importer
e485a4bb91a7b99bb2c5,Clipart/CLIPART/ICONS/ICONS2/8651.DRW,Clipart,drw,Legacy drawing format requires a compatible importer
9976a1a51dc91c7903b0,Clipart/CLIPART/ICONS/ICONS2/8652.DRW,Clipart,drw,Legacy drawing format requires a compatible importer
43896d60cb8f6a86dab5,Clipart/CLIPART/ICONS/ICONS2/8653.DRW,Clipart,drw,Legacy drawing format requires a compatible importer
fad51ec7c95cbfb1d070,Clipart/CLIPART/ICONS/ICONS2/8654.DRW,Clipart,drw,Legacy drawing format requires a compatible importer
2865bb1e47a6205dbb8b,Clipart/CLIPART/ICONS/ICONS2/8655.DRW,Clipart,drw,Legacy drawing format requires a compatible importer
0ab533a8876fbf5fd9d6,Clipart/CLIPART/ICONS/ICONS2/8656.DRW,Clipart,drw,Legacy drawing format requires a compatible importer
5ab467c7cf622386fd49,Clipart/CLIPART/ICONS/ICONS2/8657.DRW,Clipart,drw,Legacy drawing format requires a compatible importer
f613844c2b62faa080fd,Clipart/CLIPART/ICONS/ICONS2/8658.DRW,Clipart,drw,Legacy drawing format requires a compatible importer
4209f5b9994111741970,Clipart/CLIPART/ICONS/ICONS2/8659.MGX,Clipart,mgx,Legacy drawing format requires a compatible importer
d9f632a248048b00caf4,Clipart/CLIPART/ICONS/ICONS2/8660.MGX,Clipart,mgx,Legacy drawing format requires a compatible importer
e7c8791f69b09256fa30,Clipart/CLIPART/ICONS/ICONS2/8661.MGX,Clipart,mgx,Legacy drawing format requires a compatible importer
8223477a2da94a603d18,Clipart/CLIPART/ICONS/ICONS2/8662.MGX,Clipart,mgx,Legacy drawing format requires a compatible importer
0d51a86d76de09f08408,Clipart/CLIPART/ICONS/ICONS2.SBJ,Clipart,sbj,Container or non-image metadata; preserved in original archive
09d46e8014ef476ffdf1,Clipart/CLIPART/MUSIC/INSTRMNT/10800.DRW,Clipart,drw,Legacy drawing format requires a compatible importer
e1c225bf4cb792a1346e,Clipart/CLIPART/MUSIC/INSTRMNT/10801.DRW,Clipart,drw,Legacy drawing format requires a compatible importer
93b7dd899036aac04af7,Clipart/CLIPART/MUSIC/INSTRMNT/10802.DRW,Clipart,drw,Legacy drawing format requires a compatible importer
7d18325d02d09db1a6ad,Clipart/CLIPART/MUSIC/INSTRMNT/10803.DRW,Clipart,drw,Legacy drawing format requires a compatible importer
70ddb88ee68b500b1b87,Clipart/CLIPART/MUSIC/INSTRMNT/10804.DRW,Clipart,drw,Legacy drawing format requires a compatible importer
aacf01a20b72082188ac,Clipart/CLIPART/MUSIC/INSTRMNT/10805.DRW,Clipart,drw,Legacy drawing format requires a compatible importer
a65fefcfa61256499781,Clipart/CLIPART/MUSIC/INSTRUME.SBJ,Clipart,sbj,Container or non-image metadata; preserved in original archive
c84148ab4d66f76e6ee6,Clipart/CLIPART/MUSIC/MSC_INST/BELLL.DRW,Clipart,drw,Legacy drawing format requires a compatible importer
8efb4b4f3b240973f1bf,Clipart/CLIPART/MUSIC/MSC_INST/BELLTO.DRW,Clipart,drw,Legacy drawing format requires a compatible importer
886fd71b59338e5a7fb9,Clipart/CLIPART/MUSIC/MSC_INST/GUTAR.DRW,Clipart,drw,Legacy drawing format requires a compatible importer
2713c78c492285bfee1b,Clipart/CLIPART/MUSIC/MSC_INST/MIC.DRW,Clipart,drw,Legacy drawing format requires a compatible importer
745fa6a687c05914bf2e,Clipart/CLIPART/MUSIC/MSC_INST/MUEQCG10.DRW,Clipart,drw,Legacy drawing format requires a compatible importer
10b6832535098ca1979e,Clipart/CLIPART/MUSIC/MSC_INST/MUEQCL00.DRW,Clipart,drw,Legacy drawing format requires a compatible importer
65037817c9f1d3f09464,Clipart/CLIPART/MUSIC/MSC_INST/MUEQCL01.DRW,Clipart,drw,Legacy drawing format requires a compatible importer
524d3d5a1f39af95a0e4,Clipart/CLIPART/MUSIC/MSC_INST/MUEQCR00.DRW,Clipart,drw,Legacy drawing format requires a compatible importer
b4762812431384fdae1a,Clipart/CLIPART/MUSIC/MSC_INST/MUEQRA00.DRW,Clipart,drw,Legacy drawing format requires a compatible importer
da8bd11d432c8bd23451,Clipart/CLIPART/MUSIC/MSC_INST/MUEQRR00.DRW,Clipart,drw,Legacy drawing format requires a compatible importer
f587af36bfde8982545d,Clipart/CLIPART/MUSIC/MSC_INST/MUEQSL00.DRW,Clipart,drw,Legacy drawing format requires a compatible importer
4a3526a7f598b608c3f0,Clipart/CLIPART/MUSIC/MSC_INST/MUEQSL01.DRW,Clipart,drw,Legacy drawing format requires a compatible importer
911b7b0601ddb24db938,Clipart/CLIPART/MUSIC/MSC_INST/MUEQSR00.DRW,Clipart,drw,Legacy drawing format requires a compatible importer
3c5692fdac3d42954827,Clipart/CLIPART/MUSIC/MSC_INST/MUEQSR01.DRW,Clipart,drw,Legacy drawing format requires a compatible importer
de5eb93d071692eb729f,Clipart/CLIPART/MUSIC/MSC_INST/MUEQSR02.DRW,Clipart,drw,Legacy drawing format requires a compatible importer
0e12105353f34a390557,Clipart/CLIPART/MUSIC/MSC_INST/MUEQSR03.DRW,Clipart,drw,Legacy drawing format requires a compatible importer
bf5cad82a3584d7e6d89,Clipart/CLIPART/MUSIC/MSC_INST/MUEQSR04.DRW,Clipart,drw,Legacy drawing format requires a compatible importer
f677c9cf6dc0b9f8f0bb,Clipart/CLIPART/MUSIC/MSC_INST/MUEQSR05.DRW,Clipart,drw,Legacy drawing format requires a compatible importer
e8aee69046a6cb24040d,Clipart/CLIPART/MUSIC/MSC_INST/MUMICG00.DRW,Clipart,drw,Legacy drawing format requires a compatible importer
9356e270a6565dbcbadb,Clipart/CLIPART/MUSIC/MSC_INST/MUOTCG00.DRW,Clipart,drw,Legacy drawing format requires a compatible importer
2b860e94ce7d275343e4,Clipart/CLIPART/MUSIC/MSC_INST/MUOTCG01.DRW,Clipart,drw,Legacy drawing format requires a compatible importer
addd6b4890c96f13c42c,Clipart/CLIPART/MUSIC/MSC_INST/MUOTCG02.DRW,Clipart,drw,Legacy drawing format requires a compatible importer
2c38ea0c0ffedc1757da,Clipart/CLIPART/MUSIC/MSC_INST/MUOTCG03.DRW,Clipart,drw,Legacy drawing format requires a compatible importer
15e27bf5811bfefb20ee,Clipart/CLIPART/MUSIC/MSC_INST/MUOTCG04.DRW,Clipart,drw,Legacy drawing format requires a compatible importer
67887b2431d2bda6d898,Clipart/CLIPART/MUSIC/MSC_INST/MUOTCG05.DRW,Clipart,drw,Legacy drawing format requires a compatible importer
a647c10b0a4b45390915,Clipart/CLIPART/MUSIC/MSC_INST/MUOTCG06.DRW,Clipart,drw,Legacy drawing format requires a compatible importer
9de981d7b5319953ad30,Clipart/CLIPART/MUSIC/MSC_INST/MUOTCG07.DRW,Clipart,drw,Legacy drawing format requires a compatible importer
96232c960b01c9030a0f,Clipart/CLIPART/MUSIC/MSC_INST/MUOTCG08.DRW,Clipart,drw,Legacy drawing format requires a compatible importer
9f0ec9a6d51d3517db02,Clipart/CLIPART/MUSIC/MSC_INST/MUOTRM00.DRW,Clipart,drw,Legacy drawing format requires a compatible importer
4572500f84bb1bff307e,Clipart/CLIPART/MUSIC/MSC_INST/MUOTSL00.DRW,Clipart,drw,Legacy drawing format requires a compatible importer
8081ed044fff7f8208bf,Clipart/CLIPART/MUSIC/MSC_INST/MUOTSL01.DRW,Clipart,drw,Legacy drawing format requires a compatible importer
104636f097ce9f65d98d,Clipart/CLIPART/MUSIC/MSC_INST/MUPERA00.DRW,Clipart,drw,Legacy drawing format requires a compatible importer
8cf8b5dfd01de21661ba,Clipart/CLIPART/MUSIC/MSC_INST/MUPERA01.DRW,Clipart,drw,Legacy drawing format requires a compatible importer
2590e217f8c4dca570cb,Clipart/CLIPART/MUSIC/MSC_INST/MUPERA02.DRW,Clipart,drw,Legacy drawing format requires a compatible importer
6b181ee274a65dd95770,Clipart/CLIPART/MUSIC/MSC_INST/MUPERA03.DRW,Clipart,drw,Legacy drawing format requires a compatible importer
5b4943e499a7b8b4a4c4,Clipart/CLIPART/MUSIC/MSC_INST/MUPERA04.DRW,Clipart,drw,Legacy drawing format requires a compatible importer
ea35242a63451e905385,Clipart/CLIPART/MUSIC/MSC_INST/MUSIC1KV.DRW,Clipart,drw,Legacy drawing format requires a compatible importer
871e6f4ae71b746f1d09,Clipart/CLIPART/MUSIC/MSC_INST/MUSIC1MD.DRW,Clipart,drw,Legacy drawing format requires a compatible importer
8760e33cb45c2c302986,Clipart/CLIPART/MUSIC/MSC_INST/MUSIC2KV.DRW,Clipart,drw,Legacy drawing format requires a compatible importer
fdc68600bea55971b4d3,Clipart/CLIPART/MUSIC/MSC_INST/PEMICA42.DRW,Clipart,drw,Legacy drawing format requires a compatible importer
60b1c119ddc3606b4ea3,Clipart/CLIPART/MUSIC/MSC_INST/PEMICA82.DRW,Clipart,drw,Legacy drawing format requires a compatible importer
573683a76a50d1233c90,Clipart/CLIPART/MUSIC/MSC_INST/PEMICG46.DRW,Clipart,drw,Legacy drawing format requires a compatible importer
fa07b15529eb9fc67d2d,Clipart/CLIPART/MUSIC/MSC_INST/PEMICL02.DRW,Clipart,drw,Legacy drawing format requires a compatible importer
38938ef3479ef2cc45ae,Clipart/CLIPART/MUSIC/MSC_INST/PEMISA07.DRW,Clipart,drw,Legacy drawing format requires a compatible importer
c53c2df22af302f55569,Clipart/CLIPART/MUSIC/MSC_INST/SAX.DRW,Clipart,drw,Legacy drawing format requires a compatible importer
2ebb733e76c98a46076f,Clipart/CLIPART/MUSIC/MSC_INST/SAXX.DRW,Clipart,drw,Legacy drawing format requires a compatible importer
4bf01284ff937ed09324,Clipart/CLIPART/MUSIC/MSC_INST/TCMICG72.DRW,Clipart,drw,Legacy drawing format requires a compatible importer
fd202ceaf4e72a36a63e,Clipart/CLIPART/MUSIC/MSC_INST/TCMISR01.DRW,Clipart,drw,Legacy drawing format requires a compatible importer
85da3550ba62bb2d96ab,Clipart/CLIPART/MUSIC/MUSIC_IN.SBJ,Clipart,sbj,Container or non-image metadata; preserved in original archive
da29c764e44586c7825a,Clipart/CLIPART/NATURE/NATURE.SBJ,Clipart,sbj,Container or non-image metadata; preserved in original archive
97408375fc75492aad5a,Clipart/CLIPART/NATURE/PLANTS/11900.DRW,Clipart,drw,Legacy drawing format requires a compatible importer
d03e606397e58047ee0c,Clipart/CLIPART/NATURE/PLANTS/11901.DRW,Clipart,drw,Legacy drawing format requires a compatible importer
a82bd74aaefd4aa0583b,Clipart/CLIPART/NATURE/PLANTS/11902.DRW,Clipart,drw,Legacy drawing format requires a compatible importer
8e8adff57c637160f658,Clipart/CLIPART/NATURE/PLANTS/11903.DRW,Clipart,drw,Legacy drawing format requires a compatible importer
9298b7a04b7c58b48655,Clipart/CLIPART/NATURE/PLANTS/11904.DRW,Clipart,drw,Legacy drawing format requires a compatible importer
af3558b67641ec3474c2,Clipart/CLIPART/NATURE/PLANTS/11905.DRW,Clipart,drw,Legacy drawing format requires a compatible importer
ea5362be44bd572f0693,Clipart/CLIPART/NATURE/PLANTS/11906.DRW,Clipart,drw,Legacy drawing format requires a compatible importer
b8edb2c54dbe3dc10508,Clipart/CLIPART/NATURE/PLANTS/11907.DRW,Clipart,drw,Legacy drawing format requires a compatible importer
57c67d4b459119a0bfe8,Clipart/CLIPART/NATURE/PLANTS/11908.DRW,Clipart,drw,Legacy drawing format requires a compatible importer
b25c20c555975e23c4f5,Clipart/CLIPART/NATURE/PLANTS/11909.DRW,Clipart,drw,Legacy drawing format requires a compatible importer
5d67cb5dd1671ffe9f1d,Clipart/CLIPART/NATURE/PLANTS/11910.DRW,Clipart,drw,Legacy drawing format requires a compatible importer
afeb7ccf4f45e0fc363e,Clipart/CLIPART/NATURE/PLANTS/11911.DRW,Clipart,drw,Legacy drawing format requires a compatible importer
d377cf6bca002c09233e,Clipart/CLIPART/NATURE/PLANTS/11912.DRW,Clipart,drw,Legacy drawing format requires a compatible importer
48d7cc3f4eaea2595183,Clipart/CLIPART/NATURE/PLANTS/11913.DRW,Clipart,drw,Legacy drawing format requires a compatible importer
3d15a716be472067df94,Clipart/CLIPART/NATURE/PLANTS/11914.DRW,Clipart,drw,Legacy drawing format requires a compatible importer
925d46df2db745b643a9,Clipart/CLIPART/NATURE/PLANTS/11915.DRW,Clipart,drw,Legacy drawing format requires a compatible importer
a8fb839b92a9a97fcdbb,Clipart/CLIPART/NATURE/PLANTS/11928.DRW,Clipart,drw,Legacy drawing format requires a compatible importer
087d19afbe6d3e1a76a9,Clipart/CLIPART/NATURE/PLANTS/11929.DRW,Clipart,drw,Legacy drawing format requires a compatible importer
1224cd26d870571a7a34,Clipart/CLIPART/NATURE/PLANTS1.SBJ,Clipart,sbj,Container or non-image metadata; preserved in original archive
0d8fdcb1bdc228a0139d,Clipart/CLIPART/PEOPLE/BUSINESS/11350.DRW,Clipart,drw,Legacy drawing format requires a compatible importer
beb7b05b11c69f9e5c3b,Clipart/CLIPART/PEOPLE/BUSINESS/11351.DRW,Clipart,drw,Legacy drawing format requires a compatible importer
1437e8e5a3d860a48435,Clipart/CLIPART/PEOPLE/BUSINESS/11352.DRW,Clipart,drw,Legacy drawing format requires a compatible importer
560cacddc8d36134b9ec,Clipart/CLIPART/PEOPLE/BUSINESS/11353.DRW,Clipart,drw,Legacy drawing format requires a compatible importer
49cbf961a9e8a240bee1,Clipart/CLIPART/PEOPLE/BUSINESS/11354.DRW,Clipart,drw,Legacy drawing format requires a compatible importer
3c45d1461018addb0708,Clipart/CLIPART/PEOPLE/BUSINESS/11355.DRW,Clipart,drw,Legacy drawing format requires a compatible importer
04e65e3b34f1936a8775,Clipart/CLIPART/PEOPLE/BUSINESS/11356.DRW,Clipart,drw,Legacy drawing format requires a compatible importer
b2612331559f7fce1c6c,Clipart/CLIPART/PEOPLE/BUSINESS/11357.DRW,Clipart,drw,Legacy drawing format requires a compatible importer
3a93946c427dac3964fb,Clipart/CLIPART/PEOPLE/BUSINESS/11358.DRW,Clipart,drw,Legacy drawing format requires a compatible importer
f9760291560440d6211d,Clipart/CLIPART/PEOPLE/BUSINESS/11359.DRW,Clipart,drw,Legacy drawing format requires a compatible importer
6266c8d1b1ce6369a2b8,Clipart/CLIPART/PEOPLE/BUSINESS/11360.DRW,Clipart,drw,Legacy drawing format requires a compatible importer
b00178f8ff6c7593e648,Clipart/CLIPART/PEOPLE/BUSINESS/11361.DRW,Clipart,drw,Legacy drawing format requires a compatible importer
73571d1051d8d09b2fa8,Clipart/CLIPART/PEOPLE/BUSINESS/11362.DRW,Clipart,drw,Legacy drawing format requires a compatible importer
bd321cbe8b9116416f93,Clipart/CLIPART/PEOPLE/BUSINESS/11363.DRW,Clipart,drw,Legacy drawing format requires a compatible importer
66abb63733052b483b9b,Clipart/CLIPART/PEOPLE/BUSINESS/11364.DRW,Clipart,drw,Legacy drawing format requires a compatible importer
5fb4ceaec922167cfc8c,Clipart/CLIPART/PEOPLE/BUSINESS/11365.DRW,Clipart,drw,Legacy drawing format requires a compatible importer
9108dbc6d4f45d10fc22,Clipart/CLIPART/PEOPLE/BUSINESS/11366.DRW,Clipart,drw,Legacy drawing format requires a compatible importer
28237d576369f40e1f2a,Clipart/CLIPART/PEOPLE/BUSINESS/11367.DRW,Clipart,drw,Legacy drawing format requires a compatible importer
2ac0688ba3d380cbb422,Clipart/CLIPART/PEOPLE/BUSINESS/11368.DRW,Clipart,drw,Legacy drawing format requires a compatible importer
e4494ab0cc1a131476c3,Clipart/CLIPART/PEOPLE/BUSINESS/11369.DRW,Clipart,drw,Legacy drawing format requires a compatible importer
47a6ef426b9f26c9bcd0,Clipart/CLIPART/PEOPLE/BUSINESS/11370.DRW,Clipart,drw,Legacy drawing format requires a compatible importer
b2544578391d286096e8,Clipart/CLIPART/PEOPLE/BUSINESS/11371.DRW,Clipart,drw,Legacy drawing format requires a compatible importer
24b9f9d111d69dcd0de1,Clipart/CLIPART/PEOPLE/BUSINESS/11372.DRW,Clipart,drw,Legacy drawing format requires a compatible importer
4ed20412ca80d5257d23,Clipart/CLIPART/PEOPLE/BUSINESS/11373.DRW,Clipart,drw,Legacy drawing format requires a compatible importer
a2b96b2961f59b88d9a5,Clipart/CLIPART/PEOPLE/BUSINESS.SBJ,Clipart,sbj,Container or non-image metadata; preserved in original archive
d9ed12220103bcd5f693,Clipart/CLIPART/PEOPLE/HISTORIC/11400.DRW,Clipart,drw,Legacy drawing format requires a compatible importer
7e5b6de1f1169ee8c874,Clipart/CLIPART/PEOPLE/HISTORIC/11401.DRW,Clipart,drw,Legacy drawing format requires a compatible importer
a25776d1dd49184d56dc,Clipart/CLIPART/PEOPLE/HISTORIC/11402.DRW,Clipart,drw,Legacy drawing format requires a compatible importer
3edd91e26dae74d09b8e,Clipart/CLIPART/PEOPLE/HISTORIC/11403.DRW,Clipart,drw,Legacy drawing format requires a compatible importer
52fd944d6c7b717d0f6f,Clipart/CLIPART/PEOPLE/HISTORIC/11404.DRW,Clipart,drw,Legacy drawing format requires a compatible importer
f374f94c037d1d49b92a,Clipart/CLIPART/PEOPLE/HISTORIC/11405.DRW,Clipart,drw,Legacy drawing format requires a compatible importer
0031974d955c68f99445,Clipart/CLIPART/PEOPLE/HISTORIC/11406.DRW,Clipart,drw,Legacy drawing format requires a compatible importer
0e247778b27014115adc,Clipart/CLIPART/PEOPLE/HISTORIC/11407.DRW,Clipart,drw,Legacy drawing format requires a compatible importer
042e98f02e58c9a6a544,Clipart/CLIPART/PEOPLE/HISTORIC/11408.DRW,Clipart,drw,Legacy drawing format requires a compatible importer
36a53d4e5544ad3887f2,Clipart/CLIPART/PEOPLE/HISTORIC/11409.DRW,Clipart,drw,Legacy drawing format requires a compatible importer
0999f027207f4d0e4c0c,Clipart/CLIPART/PEOPLE/HISTORIC/11410.DRW,Clipart,drw,Legacy drawing format requires a compatible importer
ae8da21d7006dd4d590c,Clipart/CLIPART/PEOPLE/HISTORIC/11411.DRW,Clipart,drw,Legacy drawing format requires a compatible importer
902f5c0015eb66401d93,Clipart/CLIPART/PEOPLE/HISTORIC/11412.DRW,Clipart,drw,Legacy drawing format requires a compatible importer
08f5494b335ca8997e9e,Clipart/CLIPART/PEOPLE/HISTORIC/11413.DRW,Clipart,drw,Legacy drawing format requires a compatible importer
8183859da154ebf164e8,Clipart/CLIPART/PEOPLE/HISTORIC/11414.DRW,Clipart,drw,Legacy drawing format requires a compatible importer
9519ee844552f932162e,Clipart/CLIPART/PEOPLE/HISTORIC/11415.DRW,Clipart,drw,Legacy drawing format requires a compatible importer
ec02aeceb411e0ef2870,Clipart/CLIPART/PEOPLE/HISTORIC/11416.DRW,Clipart,drw,Legacy drawing format requires a compatible importer
511a2f00249f5abd6306,Clipart/CLIPART/PEOPLE/HISTORIC/11417.DRW,Clipart,drw,Legacy drawing format requires a compatible importer
06d10f5c29572d334575,Clipart/CLIPART/PEOPLE/HISTORIC/11418.DRW,Clipart,drw,Legacy drawing format requires a compatible importer
69f4bdfd10c13331bb6b,Clipart/CLIPART/PEOPLE/HISTORIC/11419.DRW,Clipart,drw,Legacy drawing format requires a compatible importer
fc152b537b6dc0759310,Clipart/CLIPART/PEOPLE/HISTORIC/11420.DRW,Clipart,drw,Legacy drawing format requires a compatible importer
67a06fb6df821597a477,Clipart/CLIPART/PEOPLE/HISTORIC/11421.DRW,Clipart,drw,Legacy drawing format requires a compatible importer
d6d3a5602ff12152bff4,Clipart/CLIPART/PEOPLE/HISTORIC/11422.DRW,Clipart,drw,Legacy drawing format requires a compatible importer
32ae78f82159a08015e0,Clipart/CLIPART/PEOPLE/HISTORIC/11423.DRW,Clipart,drw,Legacy drawing format requires a compatible importer
278c457f571a0ef7683a,Clipart/CLIPART/PEOPLE/HISTORIC/11424.DRW,Clipart,drw,Legacy drawing format requires a compatible importer
f1be1d2bc798b3a8fbac,Clipart/CLIPART/PEOPLE/HISTORIC/11425.DRW,Clipart,drw,Legacy drawing format requires a compatible importer
1a663629ea4dfadfeac0,Clipart/CLIPART/PEOPLE/HISTORIC/11426.DRW,Clipart,drw,Legacy drawing format requires a compatible importer
aff9dca4a741be18546e,Clipart/CLIPART/PEOPLE/HISTORIC/11427.DRW,Clipart,drw,Legacy drawing format requires a compatible importer
f84613b02c898e2a1f58,Clipart/CLIPART/PEOPLE/HISTORIC/11428.DRW,Clipart,drw,Legacy drawing format requires a compatible importer
95e02ae6222a2e8468ff,Clipart/CLIPART/PEOPLE/HISTORIC/11429.DRW,Clipart,drw,Legacy drawing format requires a compatible importer
27fe1b1bc9fd343f01c9,Clipart/CLIPART/PEOPLE/HISTORIC/11430.DRW,Clipart,drw,Legacy drawing format requires a compatible importer
246144f2126346d32581,Clipart/CLIPART/PEOPLE/HISTORIC.SBJ,Clipart,sbj,Container or non-image metadata; preserved in original archive
a1cd179319a462511a85,Clipart/CLIPART/PEOPLE/PEOPLE_M.SBJ,Clipart,sbj,Container or non-image metadata; preserved in original archive
1a0138267106c3622d3a,Clipart/CLIPART/PEOPLE/PEOPLE_W.SBJ,Clipart,sbj,Container or non-image metadata; preserved in original archive
de1341f6ae9b82f55bd0,Clipart/CLIPART/PEOPLE/PUBLIC1.SBJ,Clipart,sbj,Container or non-image metadata; preserved in original archive
e07a5073f14888ff2611,Clipart/CLIPART/PEOPLE/PUBLIC2.SBJ,Clipart,sbj,Container or non-image metadata; preserved in original archive
c0234046d74997d99bf3,Clipart/CLIPART/PEOPLE/PUBLIC3.SBJ,Clipart,sbj,Container or non-image metadata; preserved in original archive
b461b38677c513b022a1,Clipart/CLIPART/PEOPLE/PUBLIC_1/11450.DRW,Clipart,drw,Legacy drawing format requires a compatible importer
67dde85077dbfc41b104,Clipart/CLIPART/PEOPLE/PUBLIC_1/11451.DRW,Clipart,drw,Legacy drawing format requires a compatible importer
d386eee4e069ed60516d,Clipart/CLIPART/PEOPLE/PUBLIC_1/11452.DRW,Clipart,drw,Legacy drawing format requires a compatible importer
799678d0c6af43a9ddd3,Clipart/CLIPART/PEOPLE/PUBLIC_1/11453.DRW,Clipart,drw,Legacy drawing format requires a compatible importer
286036f91ba4f6226fa1,Clipart/CLIPART/PEOPLE/PUBLIC_1/11454.DRW,Clipart,drw,Legacy drawing format requires a compatible importer
03d85d2d5801e0140075,Clipart/CLIPART/PEOPLE/PUBLIC_1/11455.DRW,Clipart,drw,Legacy drawing format requires a compatible importer
ad3f0ac73c6e8431590e,Clipart/CLIPART/PEOPLE/PUBLIC_1/11456.DRW,Clipart,drw,Legacy drawing format requires a compatible importer
2ec510eb5806d733627c,Clipart/CLIPART/PEOPLE/PUBLIC_1/11457.DRW,Clipart,drw,Legacy drawing format requires a compatible importer
d7bab8a5ca13c87d4ac4,Clipart/CLIPART/PEOPLE/PUBLIC_1/11458.DRW,Clipart,drw,Legacy drawing format requires a compatible importer
414c1b0a349409d6b5b5,Clipart/CLIPART/PEOPLE/PUBLIC_1/11459.DRW,Clipart,drw,Legacy drawing format requires a compatible importer
b91e8131f624b8f07a57,Clipart/CLIPART/PEOPLE/PUBLIC_1/11460.DRW,Clipart,drw,Legacy drawing format requires a compatible importer
9b411b5625790fecba57,Clipart/CLIPART/PEOPLE/PUBLIC_1/11461.DRW,Clipart,drw,Legacy drawing format requires a compatible importer
6c03de100b7c07e94315,Clipart/CLIPART/PEOPLE/PUBLIC_1/11462.DRW,Clipart,drw,Legacy drawing format requires a compatible importer
444efcb3fd5d29aabe8e,Clipart/CLIPART/PEOPLE/PUBLIC_1/11463.DRW,Clipart,drw,Legacy drawing format requires a compatible importer
bbfdac192da4288436de,Clipart/CLIPART/PEOPLE/PUBLIC_1/11464.DRW,Clipart,drw,Legacy drawing format requires a compatible importer
360629f403a03c50a341,Clipart/CLIPART/PEOPLE/PUBLIC_1/11465.DRW,Clipart,drw,Legacy drawing format requires a compatible importer
c719857b71825ef9c1e2,Clipart/CLIPART/PEOPLE/PUBLIC_1/11466.DRW,Clipart,drw,Legacy drawing format requires a compatible importer
5eef7652cc7c31c8df34,Clipart/CLIPART/PEOPLE/PUBLIC_1/11467.DRW,Clipart,drw,Legacy drawing format requires a compatible importer
40cb2650d613c3ed3e80,Clipart/CLIPART/PEOPLE/PUBLIC_1/11468.DRW,Clipart,drw,Legacy drawing format requires a compatible importer
ea5acb7979bc10bf7040,Clipart/CLIPART/PEOPLE/PUBLIC_1/11469.DRW,Clipart,drw,Legacy drawing format requires a compatible importer
f63518651cd957b8b53d,Clipart/CLIPART/PEOPLE/PUBLIC_1/Thumbs.db,Clipart,db,Container or non-image metadata; preserved in original archive
487da9ebea54934a55f2,Clipart/CLIPART/PEOPLE/PUBLIC_2/11500.DRW,Clipart,drw,Legacy drawing format requires a compatible importer
930d0108f080a24a40f8,Clipart/CLIPART/PEOPLE/PUBLIC_2/11501.DRW,Clipart,drw,Legacy drawing format requires a compatible importer
d40b988ed04347458263,Clipart/CLIPART/PEOPLE/PUBLIC_2/11502.DRW,Clipart,drw,Legacy drawing format requires a compatible importer
7306f4548d213ec577b8,Clipart/CLIPART/PEOPLE/PUBLIC_2/11503.DRW,Clipart,drw,Legacy drawing format requires a compatible importer
1fcb92b65ccfe8984776,Clipart/CLIPART/PEOPLE/PUBLIC_2/11504.DRW,Clipart,drw,Legacy drawing format requires a compatible importer
c02fb122b04a03d9d603,Clipart/CLIPART/PEOPLE/PUBLIC_2/11505.DRW,Clipart,drw,Legacy drawing format requires a compatible importer
ca4495c19190b19e7e13,Clipart/CLIPART/PEOPLE/PUBLIC_2/11506.DRW,Clipart,drw,Legacy drawing format requires a compatible importer
fdcfbea5bcb1ce27dc20,Clipart/CLIPART/PEOPLE/PUBLIC_2/11507.DRW,Clipart,drw,Legacy drawing format requires a compatible importer
656e92aa7fd380c6ad29,Clipart/CLIPART/PEOPLE/PUBLIC_2/11508.DRW,Clipart,drw,Legacy drawing format requires a compatible importer
c791385b895381be68d7,Clipart/CLIPART/PEOPLE/PUBLIC_2/11509.DRW,Clipart,drw,Legacy drawing format requires a compatible importer
c19fc9d5c094f0962a4f,Clipart/CLIPART/PEOPLE/PUBLIC_2/11510.DRW,Clipart,drw,Legacy drawing format requires a compatible importer
2fe31f4a2e421be54f48,Clipart/CLIPART/PEOPLE/PUBLIC_2/11511.DRW,Clipart,drw,Legacy drawing format requires a compatible importer
859322ec960c3564f338,Clipart/CLIPART/PEOPLE/PUBLIC_2/11512.DRW,Clipart,drw,Legacy drawing format requires a compatible importer
fbfd1230dd5dc1131e41,Clipart/CLIPART/PEOPLE/PUBLIC_2/11513.DRW,Clipart,drw,Legacy drawing format requires a compatible importer
bd5ee1702138788f800a,Clipart/CLIPART/PEOPLE/PUBLIC_2/11514.DRW,Clipart,drw,Legacy drawing format requires a compatible importer
fd11c0a59904105f527f,Clipart/CLIPART/PEOPLE/PUBLIC_2/11515.DRW,Clipart,drw,Legacy drawing format requires a compatible importer
588153a6929a015a7a5c,Clipart/CLIPART/PEOPLE/PUBLIC_2/11516.DRW,Clipart,drw,Legacy drawing format requires a compatible importer
1376feac8e6ce5c9c60f,Clipart/CLIPART/PEOPLE/PUBLIC_2/11517.DRW,Clipart,drw,Legacy drawing format requires a compatible importer
27a5a6af52c4cd291ba0,Clipart/CLIPART/PEOPLE/PUBLIC_2/11518.DRW,Clipart,drw,Legacy drawing format requires a compatible importer
ad558bd18a6cdfc591fb,Clipart/CLIPART/PEOPLE/PUBLIC_2/11519.DRW,Clipart,drw,Legacy drawing format requires a compatible importer
c9f3380f81137bd043e6,Clipart/CLIPART/PEOPLE/PUBLIC_2/11520.DRW,Clipart,drw,Legacy drawing format requires a compatible importer
6f2c078900188b5863fb,Clipart/CLIPART/PEOPLE/PUBLIC_3/11550.DRW,Clipart,drw,Legacy drawing format requires a compatible importer
4093a35e13f0b50628ed,Clipart/CLIPART/PEOPLE/PUBLIC_3/11551.DRW,Clipart,drw,Legacy drawing format requires a compatible importer
ad20996e028cdd271619,Clipart/CLIPART/PEOPLE/PUBLIC_3/11552.DRW,Clipart,drw,Legacy drawing format requires a compatible importer
8653636d64b2cab077ca,Clipart/CLIPART/PEOPLE/PUBLIC_3/11553.DRW,Clipart,drw,Legacy drawing format requires a compatible importer
dd8309245caf7109d39a,Clipart/CLIPART/PEOPLE/PUBLIC_3/11554.DRW,Clipart,drw,Legacy drawing format requires a compatible importer
658a0b4dc34b04d884e5,Clipart/CLIPART/PEOPLE/PUBLIC_3/11555.DRW,Clipart,drw,Legacy drawing format requires a compatible importer
6e76852b239616be5780,Clipart/CLIPART/PEOPLE/PUBLIC_3/11556.DRW,Clipart,drw,Legacy drawing format requires a compatible importer
3cf695779545670cca8a,Clipart/CLIPART/PEOPLE/PUBLIC_3/11557.DRW,Clipart,drw,Legacy drawing format requires a compatible importer
535bb3ee532601b364b0,Clipart/CLIPART/PEOPLE/PUBLIC_3/11558.DRW,Clipart,drw,Legacy drawing format requires a compatible importer
470fe66445b2bb7e4899,Clipart/CLIPART/PEOPLE/PUBLIC_3/11559.DRW,Clipart,drw,Legacy drawing format requires a compatible importer
9a451c73dda63b9c1ff4,Clipart/CLIPART/PEOPLE/PUBLIC_3/11560.DRW,Clipart,drw,Legacy drawing format requires a compatible importer
00fef38922a3e09d1f4d,Clipart/CLIPART/PEOPLE/PUBLIC_3/11561.DRW,Clipart,drw,Legacy drawing format requires a compatible importer
8696663c6b20179b3424,Clipart/CLIPART/PEOPLE/PUBLIC_3/11562.DRW,Clipart,drw,Legacy drawing format requires a compatible importer
83b168dda59a4309ea3d,Clipart/CLIPART/PEOPLE/PUBLIC_3/11563.DRW,Clipart,drw,Legacy drawing format requires a compatible importer
ed7167a6a46d3287f5c4,Clipart/CLIPART/PEOPLE/PUBLIC_3/11564.DRW,Clipart,drw,Legacy drawing format requires a compatible importer
849558b1e5c950a2bd0e,Clipart/CLIPART/PEOPLE/PUBLIC_3/11565.DRW,Clipart,drw,Legacy drawing format requires a compatible importer
25d0223b8336fe4c175c,Clipart/CLIPART/PEOPLE/PUBLIC_3/11566.DRW,Clipart,drw,Legacy drawing format requires a compatible importer
e6f8a005944ce74d8c3b,Clipart/CLIPART/PEOPLE/P_MISC/FD520000.DRW,Clipart,drw,Legacy drawing format requires a compatible importer
dda26c879779a09aa8f5,Clipart/CLIPART/PEOPLE/P_MISC/FD520001.DRW,Clipart,drw,Legacy drawing format requires a compatible importer
0affa05fe0396079ef64,Clipart/CLIPART/PEOPLE/P_MISC/FD520002.DRW,Clipart,drw,Legacy drawing format requires a compatible importer
87ad254b0a46aa3eefa7,Clipart/CLIPART/PEOPLE/P_MISC/FD520003.DRW,Clipart,drw,Legacy drawing format requires a compatible importer
2e6c8990fcbcc698d9e8,Clipart/CLIPART/PEOPLE/P_MISC/FD520004.DRW,Clipart,drw,Legacy drawing format requires a compatible importer
358ca71c9db27f1707b4,Clipart/CLIPART/PEOPLE/P_MISC/FD520005.DRW,Clipart,drw,Legacy drawing format requires a compatible importer
6f8a8cd9b03b17515fcc,Clipart/CLIPART/PEOPLE/P_MISC/FD520006.DRW,Clipart,drw,Legacy drawing format requires a compatible importer
a62f64bcbac26bbe4bda,Clipart/CLIPART/PEOPLE/P_MISC/FD520007.DRW,Clipart,drw,Legacy drawing format requires a compatible importer
c64502ecb05ebeec1452,Clipart/CLIPART/PEOPLE/P_MISC/FD520008.DRW,Clipart,drw,Legacy drawing format requires a compatible importer
83a6d6d18b2a4db4e24c,Clipart/CLIPART/PEOPLE/P_MISC/FD520009.DRW,Clipart,drw,Legacy drawing format requires a compatible importer
b6859c53e67a27c43cb4,Clipart/CLIPART/PEOPLE/P_MISC/FD520010.DRW,Clipart,drw,Legacy drawing format requires a compatible importer
7026c70cb45209bdf6d4,Clipart/CLIPART/PEOPLE/P_MISC/FD520011.DRW,Clipart,drw,Legacy drawing format requires a compatible importer
99a28d59da1ad8280409,Clipart/CLIPART/PEOPLE/P_MISC/FD520012.DRW,Clipart,drw,Legacy drawing format requires a compatible importer
6f8a7a759830dad01c8f,Clipart/CLIPART/PEOPLE/P_MISC/FD520013.DRW,Clipart,drw,Legacy drawing format requires a compatible importer
b1b36a50ed52a9079790,Clipart/CLIPART/PEOPLE/P_MISC/FD520014.DRW,Clipart,drw,Legacy drawing format requires a compatible importer
e4f5254807e5896980a9,Clipart/CLIPART/PEOPLE/P_MISC/FD520015.DRW,Clipart,drw,Legacy drawing format requires a compatible importer
b4f72298399eb00dcfe0,Clipart/CLIPART/PEOPLE/P_MISC/FD520016.DRW,Clipart,drw,Legacy drawing format requires a compatible importer
aac0b2988dd3841286a5,Clipart/CLIPART/PEOPLE/P_MISC/FD520017.DRW,Clipart,drw,Legacy drawing format requires a compatible importer
77ae3f0bda9e5323ecd2,Clipart/CLIPART/PEOPLE/P_MISC/FD520018.DRW,Clipart,drw,Legacy drawing format requires a compatible importer
ad8ece0f2e4358a47b5c,Clipart/CLIPART/PEOPLE/P_MISC/FD520019.DRW,Clipart,drw,Legacy drawing format requires a compatible importer
f743458ff1966bc21e91,Clipart/CLIPART/PEOPLE/P_MISC/FD520020.DRW,Clipart,drw,Legacy drawing format requires a compatible importer
4e09567b97484393b747,Clipart/CLIPART/PEOPLE/P_MISC/FD520021.DRW,Clipart,drw,Legacy drawing format requires a compatible importer
cd561c38a33e11bb3ffa,Clipart/CLIPART/PEOPLE/P_MISC/FD520022.DRW,Clipart,drw,Legacy drawing format requires a compatible importer
a466f35ea3513c3c12f0,Clipart/CLIPART/PEOPLE/P_MISC/FD520023.DRW,Clipart,drw,Legacy drawing format requires a compatible importer
89621e2917239300bb42,Clipart/CLIPART/PEOPLE/P_MISC/FD520024.DRW,Clipart,drw,Legacy drawing format requires a compatible importer
5cf35d4ea673a63882ac,Clipart/CLIPART/PEOPLE/P_MISC/FD520025.DRW,Clipart,drw,Legacy drawing format requires a compatible importer
31cb3d9a12a33dae4ad9,Clipart/CLIPART/PEOPLE/P_MISC/FD520026.DRW,Clipart,drw,Legacy drawing format requires a compatible importer
d90f6a3afc16b27fa0a0,Clipart/CLIPART/PEOPLE/P_MISC/FD520027.DRW,Clipart,drw,Legacy drawing format requires a compatible importer
5ffb9514df2921f4f1bd,Clipart/CLIPART/PEOPLE/P_MISC/FD520028.DRW,Clipart,drw,Legacy drawing format requires a compatible importer
e885fa23f846c45a5490,Clipart/CLIPART/PEOPLE/P_MISC/FD520030.DRW,Clipart,drw,Legacy drawing format requires a compatible importer
64e1bd0e8be87ffd636c,Clipart/CLIPART/PEOPLE/P_MISC/FD520031.DRW,Clipart,drw,Legacy drawing format requires a compatible importer
0bc42c80112c21df3415,Clipart/CLIPART/PEOPLE/P_MISC/FD520032.DRW,Clipart,drw,Legacy drawing format requires a compatible importer
3bf5b3bac42c0e4c2a6c,Clipart/CLIPART/PEOPLE/P_MISC/FD520033.DRW,Clipart,drw,Legacy drawing format requires a compatible importer
42c16b16799198392494,Clipart/CLIPART/PEOPLE/P_MISC/FD520034.DRW,Clipart,drw,Legacy drawing format requires a compatible importer
f473fddf54f07b9ae285,Clipart/CLIPART/PEOPLE/P_MISC/FD520035.DRW,Clipart,drw,Legacy drawing format requires a compatible importer
3e5ffe580f65cd4ab0fb,Clipart/CLIPART/PEOPLE/P_MISC/FD520036.DRW,Clipart,drw,Legacy drawing format requires a compatible importer
f0b7292bbbbdfa51d510,Clipart/CLIPART/PEOPLE/P_MISC/FD520037.DRW,Clipart,drw,Legacy drawing format requires a compatible importer
e33ff841ee64aac45cb8,Clipart/CLIPART/PEOPLE/P_MISC/FD520038.DRW,Clipart,drw,Legacy drawing format requires a compatible importer
0a6238f2f4cb06615c10,Clipart/CLIPART/PEOPLE/P_MISC/FD520040.DRW,Clipart,drw,Legacy drawing format requires a compatible importer
30dc157331f52b876a26,Clipart/CLIPART/PEOPLE/P_MISC/FD520041.DRW,Clipart,drw,Legacy drawing format requires a compatible importer
0f7a4161c107490e398d,Clipart/CLIPART/PEOPLE/P_MISC/FD520042.DRW,Clipart,drw,Legacy drawing format requires a compatible importer
2d923b4aa64d11fa5979,Clipart/CLIPART/PEOPLE/P_MISC/FD520043.DRW,Clipart,drw,Legacy drawing format requires a compatible importer
4fe2e7c675f8a114eb53,Clipart/CLIPART/PEOPLE/P_MISC/FD520044.DRW,Clipart,drw,Legacy drawing format requires a compatible importer
2b6bfbee6176c587e3df,Clipart/CLIPART/PEOPLE/P_MISC/FD520045.DRW,Clipart,drw,Legacy drawing format requires a compatible importer
1ebac2023cd0cfba68c0,Clipart/CLIPART/PEOPLE/P_MISC/FD520046.DRW,Clipart,drw,Legacy drawing format requires a compatible importer
c5b819ba45d82252c645,Clipart/CLIPART/PEOPLE/P_MISC/FD520047.DRW,Clipart,drw,Legacy drawing format requires a compatible importer
18a04887102f019fd477,Clipart/CLIPART/PEOPLE/P_MISC/FD520048.DRW,Clipart,drw,Legacy drawing format requires a compatible importer
e761b84d298e51a12850,Clipart/CLIPART/PEOPLE/P_MISC/FD520049.DRW,Clipart,drw,Legacy drawing format requires a compatible importer
3884ff6b5e44a93a91af,Clipart/CLIPART/PEOPLE/P_MISC/FD520050.DRW,Clipart,drw,Legacy drawing format requires a compatible importer
53a9981547be25cd04ca,Clipart/CLIPART/PEOPLE/P_MISC/FD520051.DRW,Clipart,drw,Legacy drawing format requires a compatible importer
24484c087c774b56b667,Clipart/CLIPART/PEOPLE/P_MISC/FD520052.DRW,Clipart,drw,Legacy drawing format requires a compatible importer
59a4718a8bcc92372d2d,Clipart/CLIPART/PEOPLE/P_MISC/FD520053.DRW,Clipart,drw,Legacy drawing format requires a compatible importer
e996d1c2f9b7bdac43d8,Clipart/CLIPART/PEOPLE/P_MISC/FD520054.DRW,Clipart,drw,Legacy drawing format requires a compatible importer
fcee071a8cfb2f4619b9,Clipart/CLIPART/PEOPLE/P_MISC/FD520055.DRW,Clipart,drw,Legacy drawing format requires a compatible importer
a792c2db6f176153fdcf,Clipart/CLIPART/PEOPLE/P_MISC/FD520056.DRW,Clipart,drw,Legacy drawing format requires a compatible importer
da1ce8efa95553ba2db8,Clipart/CLIPART/PEOPLE/P_MISC/FD520057.DRW,Clipart,drw,Legacy drawing format requires a compatible importer
62348d9b6ee316685a26,Clipart/CLIPART/PEOPLE/P_MISC/FD520058.DRW,Clipart,drw,Legacy drawing format requires a compatible importer
5223d44c6a8af3c3d27e,Clipart/CLIPART/PEOPLE/P_MISC/FD520059.DRW,Clipart,drw,Legacy drawing format requires a compatible importer
f8c1fa15d66812b14bc4,Clipart/CLIPART/PEOPLE/P_MISC/FD520060.DRW,Clipart,drw,Legacy drawing format requires a compatible importer
37fe8801b80b913921ed,Clipart/CLIPART/PEOPLE/P_MISC/FD520061.DRW,Clipart,drw,Legacy drawing format requires a compatible importer
5b257f2eda16081974df,Clipart/CLIPART/PEOPLE/P_MISC/FD520062.DRW,Clipart,drw,Legacy drawing format requires a compatible importer
d53fe30b3e8ae6811348,Clipart/CLIPART/PEOPLE/P_MISC/FD520065.DRW,Clipart,drw,Legacy drawing format requires a compatible importer
9cb472fdd9854735b8c9,Clipart/CLIPART/PEOPLE/P_MISC/FD520066.DRW,Clipart,drw,Legacy drawing format requires a compatible importer
7e12f5f9cf6e77a317ad,Clipart/CLIPART/PEOPLE/P_MISC/FD520067.DRW,Clipart,drw,Legacy drawing format requires a compatible importer
97b1b38e17d132e0de5b,Clipart/CLIPART/PEOPLE/P_MISC/FD520068.DRW,Clipart,drw,Legacy drawing format requires a compatible importer
a816d65fb35ff2bd3a4b,Clipart/CLIPART/PEOPLE/P_MISC/FD520069.DRW,Clipart,drw,Legacy drawing format requires a compatible importer
38690a3656e59711e32a,Clipart/CLIPART/PEOPLE/P_MISC/FD520071.DRW,Clipart,drw,Legacy drawing format requires a compatible importer
197863f706f50306ca83,Clipart/CLIPART/PEOPLE/P_MISC/FD520072.DRW,Clipart,drw,Legacy drawing format requires a compatible importer
734f2ce8a6961c435c6c,Clipart/CLIPART/PEOPLE/P_MISC/FD520073.DRW,Clipart,drw,Legacy drawing format requires a compatible importer
c87e9e079b371e4d6f18,Clipart/CLIPART/PEOPLE/P_MISC/FD520074.DRW,Clipart,drw,Legacy drawing format requires a compatible importer
17f73991f323f8e89503,Clipart/CLIPART/PEOPLE/P_MISC/FD520075.DRW,Clipart,drw,Legacy drawing format requires a compatible importer
1102f6863fbe2257eef8,Clipart/CLIPART/PEOPLE/P_MISC/FD520076.DRW,Clipart,drw,Legacy drawing format requires a compatible importer
9b5dec703cd0eb656dcd,Clipart/CLIPART/PEOPLE/P_MISC/FD520077.DRW,Clipart,drw,Legacy drawing format requires a compatible importer
0e62d7b5a988bc9d7ce3,Clipart/CLIPART/PEOPLE/P_MISC/FD520078.DRW,Clipart,drw,Legacy drawing format requires a compatible importer
bfe14cd084f32bfbfbe9,Clipart/CLIPART/PEOPLE/P_MISC/FD520080.DRW,Clipart,drw,Legacy drawing format requires a compatible importer
c90bd214e01236982932,Clipart/CLIPART/PEOPLE/P_MISC/FD520081.DRW,Clipart,drw,Legacy drawing format requires a compatible importer
9e133b67301031cd8b23,Clipart/CLIPART/PEOPLE/P_MISC/FD520082.DRW,Clipart,drw,Legacy drawing format requires a compatible importer
9f9a8da0fbd32462e8c6,Clipart/CLIPART/PEOPLE/P_MISC/FD520083.DRW,Clipart,drw,Legacy drawing format requires a compatible importer
be099d2d9500377cbde1,Clipart/CLIPART/PEOPLE/P_MISC/FD520084.DRW,Clipart,drw,Legacy drawing format requires a compatible importer
ddc9ffe1d8fcd06bad2b,Clipart/CLIPART/PEOPLE/P_MISC/FD520085.DRW,Clipart,drw,Legacy drawing format requires a compatible importer
6652c707488be1b0aaa4,Clipart/CLIPART/PEOPLE/P_MISC/FD520086.DRW,Clipart,drw,Legacy drawing format requires a compatible importer
5ffe1656201a25c37cca,Clipart/CLIPART/PEOPLE/P_MISC/FD520087.DRW,Clipart,drw,Legacy drawing format requires a compatible importer
055e78a618725f46f274,Clipart/CLIPART/PEOPLE/P_MISC/FD520089.DRW,Clipart,drw,Legacy drawing format requires a compatible importer
f62823b0c251c83e75fe,Clipart/CLIPART/PEOPLE/P_MISC/FD520090.DRW,Clipart,drw,Legacy drawing format requires a compatible importer
989715f02e78bece9c83,Clipart/CLIPART/PEOPLE/P_MISC/FD520091.DRW,Clipart,drw,Legacy drawing format requires a compatible importer
32cd3639b7a35da466ec,Clipart/CLIPART/PEOPLE/P_MISC/FD520092.DRW,Clipart,drw,Legacy drawing format requires a compatible importer
201f5c0d9fa4435438bb,Clipart/CLIPART/PEOPLE/P_MISC/FD520093.DRW,Clipart,drw,Legacy drawing format requires a compatible importer
eecc1bd9f4e16ab2ed65,Clipart/CLIPART/PEOPLE/P_MISC/FD520094.DRW,Clipart,drw,Legacy drawing format requires a compatible importer
25e91ffb52c1093ebd46,Clipart/CLIPART/PEOPLE/P_MISC/FD520095.DRW,Clipart,drw,Legacy drawing format requires a compatible importer
033b9ac87dd77c38211f,Clipart/CLIPART/PEOPLE/P_MISC/FD520096.DRW,Clipart,drw,Legacy drawing format requires a compatible importer
a195cffe28f7d4029d7c,Clipart/CLIPART/PEOPLE/P_MISC/FD520097.DRW,Clipart,drw,Legacy drawing format requires a compatible importer
ac8f90e61a49e2f16841,Clipart/CLIPART/PEOPLE/P_MISC/FD520098.DRW,Clipart,drw,Legacy drawing format requires a compatible importer
15e28bf954ff4f61b64e,Clipart/CLIPART/PEOPLE/P_MISC/FD520099.DRW,Clipart,drw,Legacy drawing format requires a compatible importer
fdf3c3132e95347320c9,Clipart/CLIPART/PEOPLE/P_MISC/FD520100.DRW,Clipart,drw,Legacy drawing format requires a compatible importer
0114f5502b8f922a2c5c,Clipart/CLIPART/PEOPLE/P_MISC/FD520101.DRW,Clipart,drw,Legacy drawing format requires a compatible importer
4b538a0c7ea3744716b6,Clipart/CLIPART/PEOPLE/P_MISC/FD520102.DRW,Clipart,drw,Legacy drawing format requires a compatible importer
0cd628742245708d7c77,Clipart/CLIPART/PEOPLE/P_MISC/FD520103.DRW,Clipart,drw,Legacy drawing format requires a compatible importer
07caa7d3735e64b0f8df,Clipart/CLIPART/PEOPLE/P_MISC/FD520104.DRW,Clipart,drw,Legacy drawing format requires a compatible importer
ed0eeeba6027edbcaeba,Clipart/CLIPART/PEOPLE/P_MISC/FD520105.DRW,Clipart,drw,Legacy drawing format requires a compatible importer
7aae814cf4ab3fe63603,Clipart/CLIPART/PEOPLE/P_MISC/FD520106.DRW,Clipart,drw,Legacy drawing format requires a compatible importer
055863a72c19c87c20e8,Clipart/CLIPART/PEOPLE/P_MISC/FD520107.DRW,Clipart,drw,Legacy drawing format requires a compatible importer
41e66a0ea5bb56dcf576,Clipart/CLIPART/PEOPLE/P_MISC/FD520108.DRW,Clipart,drw,Legacy drawing format requires a compatible importer
f84fc50b1a15374e9fb1,Clipart/CLIPART/PEOPLE/P_MISC/FD520109.DRW,Clipart,drw,Legacy drawing format requires a compatible importer
ccebf8115c8bd295d914,Clipart/CLIPART/PEOPLE/P_MISC/FD520110.DRW,Clipart,drw,Legacy drawing format requires a compatible importer
0d9b5c0af327775153b4,Clipart/CLIPART/PEOPLE/P_MISC/FD520111.DRW,Clipart,drw,Legacy drawing format requires a compatible importer
c6758aafa22587ddae73,Clipart/CLIPART/PEOPLE/P_MISC/FD520112.DRW,Clipart,drw,Legacy drawing format requires a compatible importer
9af771d69be0bcb42b44,Clipart/CLIPART/PEOPLE/P_MISC/FD520113.DRW,Clipart,drw,Legacy drawing format requires a compatible importer
927874af86e454cd1bf2,Clipart/CLIPART/PEOPLE/P_MISC/FD520114.DRW,Clipart,drw,Legacy drawing format requires a compatible importer
1160edfc9275c7f8cec1,Clipart/CLIPART/PEOPLE/P_MISC/FD520115.DRW,Clipart,drw,Legacy drawing format requires a compatible importer
4f5afd0bde6fb67df300,Clipart/CLIPART/PEOPLE/P_MISC/FD520117.DRW,Clipart,drw,Legacy drawing format requires a compatible importer
43cf7ca1d4d6189fa245,Clipart/CLIPART/PEOPLE/P_MISC/FD520118.DRW,Clipart,drw,Legacy drawing format requires a compatible importer
d5439d9b003b253cf689,Clipart/CLIPART/PEOPLE/P_MISC/FD520119.DRW,Clipart,drw,Legacy drawing format requires a compatible importer
8fa0c86aecb727b9893c,Clipart/CLIPART/PEOPLE/P_MISC/FD520120.DRW,Clipart,drw,Legacy drawing format requires a compatible importer
3229e0c9eb86bf869293,Clipart/CLIPART/PEOPLE/P_MISC/FD520121.DRW,Clipart,drw,Legacy drawing format requires a compatible importer
a18dd7ce77113d9663aa,Clipart/CLIPART/PEOPLE/P_MISC/FD520122.DRW,Clipart,drw,Legacy drawing format requires a compatible importer
3947d4eda507175f1822,Clipart/CLIPART/PEOPLE/P_MISC/FD520123.DRW,Clipart,drw,Legacy drawing format requires a compatible importer
a46aff3b3471f11bc530,Clipart/CLIPART/PEOPLE/P_MISC/FD520124.DRW,Clipart,drw,Legacy drawing format requires a compatible importer
7e2294d5a1d128c032de,Clipart/CLIPART/PEOPLE/P_MISC/FD520125.DRW,Clipart,drw,Legacy drawing format requires a compatible importer
79b5ef260baa0b6a6793,Clipart/CLIPART/PEOPLE/P_MISC/FD520126.DRW,Clipart,drw,Legacy drawing format requires a compatible importer
d5a92f4aa8c79da08c04,Clipart/CLIPART/PEOPLE/P_MISC/FD520127.DRW,Clipart,drw,Legacy drawing format requires a compatible importer
4b1997581147506cae7c,Clipart/CLIPART/PEOPLE/P_MISC/FD520128.DRW,Clipart,drw,Legacy drawing format requires a compatible importer
dc544b97bc7ec40839ac,Clipart/CLIPART/PEOPLE/P_MISC/FD520129.DRW,Clipart,drw,Legacy drawing format requires a compatible importer
40492d915e985e5f3f7e,Clipart/CLIPART/PEOPLE/P_MISC/FD520130.DRW,Clipart,drw,Legacy drawing format requires a compatible importer
b7bfbce738486721f413,Clipart/CLIPART/PEOPLE/P_MISC/FD520131.DRW,Clipart,drw,Legacy drawing format requires a compatible importer
58e57ec9999c98083826,Clipart/CLIPART/PEOPLE/P_MISC/FD520132.DRW,Clipart,drw,Legacy drawing format requires a compatible importer
6d7749634f56186d8ada,Clipart/CLIPART/PEOPLE/P_MISC/FD520133.DRW,Clipart,drw,Legacy drawing format requires a compatible importer
00904e8902daa37dfd59,Clipart/CLIPART/PEOPLE/P_MISC/FD520134.DRW,Clipart,drw,Legacy drawing format requires a compatible importer
fa4679199d132caff922,Clipart/CLIPART/PEOPLE/P_MISC/FD520135.DRW,Clipart,drw,Legacy drawing format requires a compatible importer
b9e484914496791909d5,Clipart/CLIPART/PEOPLE/P_MISC/FD520136.DRW,Clipart,drw,Legacy drawing format requires a compatible importer
2c29a6d202bf813df170,Clipart/CLIPART/PEOPLE/P_MISC/FD520137.DRW,Clipart,drw,Legacy drawing format requires a compatible importer
e633ecd216e2a9a8cda7,Clipart/CLIPART/PEOPLE/P_MISC/FD520138.DRW,Clipart,drw,Legacy drawing format requires a compatible importer
aa485e780e4c53237034,Clipart/CLIPART/PEOPLE/P_MISC/FD520139.DRW,Clipart,drw,Legacy drawing format requires a compatible importer
08486229ea7af647c327,Clipart/CLIPART/PEOPLE/P_MISC/FD520140.DRW,Clipart,drw,Legacy drawing format requires a compatible importer
4a3ec2207031777454e9,Clipart/CLIPART/PEOPLE/P_MISC/FD520141.DRW,Clipart,drw,Legacy drawing format requires a compatible importer
f4ff866c7f382c745f5e,Clipart/CLIPART/PEOPLE/P_MISC/FD520142.DRW,Clipart,drw,Legacy drawing format requires a compatible importer
6488ee5dad091fb90be7,Clipart/CLIPART/PEOPLE/P_MISC/FD520143.DRW,Clipart,drw,Legacy drawing format requires a compatible importer
ae86d18bb1cacbb2df6e,Clipart/CLIPART/PEOPLE/P_MISC/FD520144.DRW,Clipart,drw,Legacy drawing format requires a compatible importer
d43fe72d257ad9064dc2,Clipart/CLIPART/PEOPLE/P_MISC/FD520145.DRW,Clipart,drw,Legacy drawing format requires a compatible importer
013a78849eeab18487b4,Clipart/CLIPART/PEOPLE/P_MISC/FD520146.DRW,Clipart,drw,Legacy drawing format requires a compatible importer
8361696e5b8f88009ded,Clipart/CLIPART/PEOPLE/P_MISC/FD520147.DRW,Clipart,drw,Legacy drawing format requires a compatible importer
9425696667df6df117a1,Clipart/CLIPART/PEOPLE/P_MISC/FD520148.DRW,Clipart,drw,Legacy drawing format requires a compatible importer
0c5b6d1b79379bde09f5,Clipart/CLIPART/PEOPLE/P_MISC/FD520149.DRW,Clipart,drw,Legacy drawing format requires a compatible importer
a60688242945562aa555,Clipart/CLIPART/PEOPLE/P_MISC/FD520150.DRW,Clipart,drw,Legacy drawing format requires a compatible importer
7a0e8e15425293522362,Clipart/CLIPART/PEOPLE/P_MISC/FD520151.DRW,Clipart,drw,Legacy drawing format requires a compatible importer
6acb105bf44308cf5cf3,Clipart/CLIPART/PEOPLE/P_MISC/FD520152.DRW,Clipart,drw,Legacy drawing format requires a compatible importer
cc037a4d68e94d1de356,Clipart/CLIPART/PEOPLE/P_MISC/FD520153.DRW,Clipart,drw,Legacy drawing format requires a compatible importer
96ab4459b335fc692ec4,Clipart/CLIPART/PEOPLE/P_MISC/FD520154.DRW,Clipart,drw,Legacy drawing format requires a compatible importer
f955580f3af8a0a586a2,Clipart/CLIPART/PEOPLE/P_MISC/FD520155.DRW,Clipart,drw,Legacy drawing format requires a compatible importer
82e24b2fcf65d7fea800,Clipart/CLIPART/PEOPLE/P_MISC/FD520156.DRW,Clipart,drw,Legacy drawing format requires a compatible importer
232c2097b667958b2243,Clipart/CLIPART/PEOPLE/P_MISC/FD520157.DRW,Clipart,drw,Legacy drawing format requires a compatible importer
56aad46b23ae4b2ee668,Clipart/CLIPART/PEOPLE/P_MISC/FD520158.DRW,Clipart,drw,Legacy drawing format requires a compatible importer
3aa381dfa1eef360f30f,Clipart/CLIPART/PEOPLE/P_MISC/FD520159.DRW,Clipart,drw,Legacy drawing format requires a compatible importer
8328ea05d5e2ca7a6789,Clipart/CLIPART/PEOPLE/P_MISC/FD520160.DRW,Clipart,drw,Legacy drawing format requires a compatible importer
1fe87a60e3ac3514a110,Clipart/CLIPART/PEOPLE/P_MISC/FD520161.DRW,Clipart,drw,Legacy drawing format requires a compatible importer
bfee5657765f6b38b77a,Clipart/CLIPART/PEOPLE/P_MISC/FD520162.DRW,Clipart,drw,Legacy drawing format requires a compatible importer
9da79016913af7028aa4,Clipart/CLIPART/PEOPLE/P_MISC/FD520163.DRW,Clipart,drw,Legacy drawing format requires a compatible importer
faa3f0aa0507ae99b070,Clipart/CLIPART/PEOPLE/P_MISC/FD520164.DRW,Clipart,drw,Legacy drawing format requires a compatible importer
2289e26ef54b91d159ab,Clipart/CLIPART/PEOPLE/P_MISC/FD520165.DRW,Clipart,drw,Legacy drawing format requires a compatible importer
727301e2918f9a67eb1f,Clipart/CLIPART/PEOPLE/P_MISC/FD520166.DRW,Clipart,drw,Legacy drawing format requires a compatible importer
7cbf4571bba6c467c692,Clipart/CLIPART/PEOPLE/P_MISC/FD520167.DRW,Clipart,drw,Legacy drawing format requires a compatible importer
217d0321ba56226676d8,Clipart/CLIPART/PEOPLE/P_MISC/FD520168.DRW,Clipart,drw,Legacy drawing format requires a compatible importer
fd128dbf4ba5dfc82255,Clipart/CLIPART/PEOPLE/P_MISC/FD520169.DRW,Clipart,drw,Legacy drawing format requires a compatible importer
e51f157b85355228890f,Clipart/CLIPART/PEOPLE/P_MISC/FD520170.DRW,Clipart,drw,Legacy drawing format requires a compatible importer
fdf619224ea116d6496c,Clipart/CLIPART/PEOPLE/P_MISC/FD520171.DRW,Clipart,drw,Legacy drawing format requires a compatible importer
2cc798bca4a54da2c6b3,Clipart/CLIPART/PEOPLE/P_MISC/FD520172.DRW,Clipart,drw,Legacy drawing format requires a compatible importer
d11245d36ecde603f3a0,Clipart/CLIPART/PEOPLE/P_MISC/FD520173.DRW,Clipart,drw,Legacy drawing format requires a compatible importer
65ee634831e6456ad7d9,Clipart/CLIPART/PEOPLE/P_MISC/FD520174.DRW,Clipart,drw,Legacy drawing format requires a compatible importer
9be00331ce1b3e1e0785,Clipart/CLIPART/PEOPLE/P_MISC/FD520175.DRW,Clipart,drw,Legacy drawing format requires a compatible importer
85b9b25acd1d74a17c2e,Clipart/CLIPART/PEOPLE/P_MISC/FD520176.DRW,Clipart,drw,Legacy drawing format requires a compatible importer
2e59b75cc478ec10c434,Clipart/CLIPART/PEOPLE/P_MISC/FD520177.DRW,Clipart,drw,Legacy drawing format requires a compatible importer
52acde2897627eadee65,Clipart/CLIPART/PEOPLE/P_MISC/FD520178.DRW,Clipart,drw,Legacy drawing format requires a compatible importer
c8e6730595b4fb91d551,Clipart/CLIPART/PEOPLE/P_MISC/FD520179.DRW,Clipart,drw,Legacy drawing format requires a compatible importer
3ff70ca1240a5c0030e0,Clipart/CLIPART/PEOPLE/P_MISC/FD520180.DRW,Clipart,drw,Legacy drawing format requires a compatible importer
de5747a1d698a7c507e7,Clipart/CLIPART/PEOPLE/P_MISC/FD520181.DRW,Clipart,drw,Legacy drawing format requires a compatible importer
8731c6826a51c9c62d93,Clipart/CLIPART/PEOPLE/P_MISC/FD520182.DRW,Clipart,drw,Legacy drawing format requires a compatible importer
d32c123535e167f0295c,Clipart/CLIPART/PEOPLE/P_MISC/FD520183.DRW,Clipart,drw,Legacy drawing format requires a compatible importer
d02b4094ee4fad1e91d1,Clipart/CLIPART/PEOPLE/P_MISC/FD520184.DRW,Clipart,drw,Legacy drawing format requires a compatible importer
9ca91af61763fd2b9b1d,Clipart/CLIPART/PEOPLE/P_MISC/FD520185.DRW,Clipart,drw,Legacy drawing format requires a compatible importer
1dcbf820a5852262bbd6,Clipart/CLIPART/PEOPLE/P_MISC/FD520186.DRW,Clipart,drw,Legacy drawing format requires a compatible importer
e24a15f7e5f1205445df,Clipart/CLIPART/PEOPLE/P_MISC/FD520187.DRW,Clipart,drw,Legacy drawing format requires a compatible importer
85fdaf4f109b79a94900,Clipart/CLIPART/PEOPLE/P_MISC/FD520188.DRW,Clipart,drw,Legacy drawing format requires a compatible importer
6f3f15474103d5efdb71,Clipart/CLIPART/PEOPLE/P_MISC/FD520189.DRW,Clipart,drw,Legacy drawing format requires a compatible importer
0d6065d121d09002323a,Clipart/CLIPART/PEOPLE/P_MISC/FD520190.DRW,Clipart,drw,Legacy drawing format requires a compatible importer
2947bbe8a0d0e5b21f3b,Clipart/CLIPART/PEOPLE/P_MISC/FD520191.DRW,Clipart,drw,Legacy drawing format requires a compatible importer
4ce9f5bca9e2d04fc2ab,Clipart/CLIPART/PEOPLE/P_MISC/FD520192.DRW,Clipart,drw,Legacy drawing format requires a compatible importer
60ed4f570ee149b5c71f,Clipart/CLIPART/PEOPLE/P_MISC/FD520193.DRW,Clipart,drw,Legacy drawing format requires a compatible importer
d4a60896bc7353e4df40,Clipart/CLIPART/PEOPLE/P_MISC/FD520194.DRW,Clipart,drw,Legacy drawing format requires a compatible importer
04583ae68ae56111726c,Clipart/CLIPART/PEOPLE/P_MISC/FD520195.DRW,Clipart,drw,Legacy drawing format requires a compatible importer
90ef8d66bfa06c40592c,Clipart/CLIPART/PEOPLE/P_MISC/FD520196.DRW,Clipart,drw,Legacy drawing format requires a compatible importer
68e62b3bb81029526133,Clipart/CLIPART/PEOPLE/P_MISC/FD520197.DRW,Clipart,drw,Legacy drawing format requires a compatible importer
f4a03edc3abf417452e6,Clipart/CLIPART/PEOPLE/P_MISC/FD520198.DRW,Clipart,drw,Legacy drawing format requires a compatible importer
7c1b4675840e269590c0,Clipart/CLIPART/PEOPLE/P_MISC/FD520199.DRW,Clipart,drw,Legacy drawing format requires a compatible importer
f572b482183c8d856f4d,Clipart/CLIPART/PEOPLE/P_MISC/FD520200.DRW,Clipart,drw,Legacy drawing format requires a compatible importer
fdea54be8d71c20f09a7,Clipart/CLIPART/PEOPLE/P_MISC/FD520201.DRW,Clipart,drw,Legacy drawing format requires a compatible importer
a3b6b06c772ca1af88b3,Clipart/CLIPART/PEOPLE/P_MISC/FD520202.DRW,Clipart,drw,Legacy drawing format requires a compatible importer
df5eef2e2a526b261110,Clipart/CLIPART/PEOPLE/P_MISC/FD520203.DRW,Clipart,drw,Legacy drawing format requires a compatible importer
f61691ae55e8b30c30ce,Clipart/CLIPART/PEOPLE/P_MISC/FD520204.DRW,Clipart,drw,Legacy drawing format requires a compatible importer
c17328f71445ca8d0038,Clipart/CLIPART/PEOPLE/P_MISC/FD520205.DRW,Clipart,drw,Legacy drawing format requires a compatible importer
da90ddacc64a4a1ea2e3,Clipart/CLIPART/PEOPLE/P_MISC/FD520206.DRW,Clipart,drw,Legacy drawing format requires a compatible importer
58a61d22165ca54ee388,Clipart/CLIPART/PEOPLE/P_MISC/FD520207.DRW,Clipart,drw,Legacy drawing format requires a compatible importer
c3b4513f699f8386bc71,Clipart/CLIPART/PEOPLE/P_MISC/FD520208.DRW,Clipart,drw,Legacy drawing format requires a compatible importer
27c858ecd117d0d09eea,Clipart/CLIPART/PEOPLE/P_MISC/FD520209.DRW,Clipart,drw,Legacy drawing format requires a compatible importer
ee85bcdc47f22af3859f,Clipart/CLIPART/PEOPLE/P_MISC/FD520210.DRW,Clipart,drw,Legacy drawing format requires a compatible importer
929019d956cc3fdb2bdd,Clipart/CLIPART/PEOPLE/P_MISC/FD520211.DRW,Clipart,drw,Legacy drawing format requires a compatible importer
de1547e8cf19fc1a3f98,Clipart/CLIPART/PEOPLE/P_MISC/FD520212.DRW,Clipart,drw,Legacy drawing format requires a compatible importer
dfafb5b4c331ade43443,Clipart/CLIPART/PEOPLE/P_MISC/FD520213.DRW,Clipart,drw,Legacy drawing format requires a compatible importer
862065d3e20142584251,Clipart/CLIPART/PEOPLE/P_MISC/FD520214.DRW,Clipart,drw,Legacy drawing format requires a compatible importer
af1465d720818b2e21f7,Clipart/CLIPART/PEOPLE/P_MISC/FD520215.DRW,Clipart,drw,Legacy drawing format requires a compatible importer
d37d8ef9e66f4a77e5b2,Clipart/CLIPART/PEOPLE/P_MISC/FD520216.DRW,Clipart,drw,Legacy drawing format requires a compatible importer
1d4d6b2bf2cdba99cbc2,Clipart/CLIPART/PEOPLE/P_MISC/FD520217.DRW,Clipart,drw,Legacy drawing format requires a compatible importer
031480cc928a8b5ffed8,Clipart/CLIPART/PEOPLE/P_MISC/FD520218.DRW,Clipart,drw,Legacy drawing format requires a compatible importer
2fc6f45709c26930b2ba,Clipart/CLIPART/PEOPLE/P_MISC/FD520219.DRW,Clipart,drw,Legacy drawing format requires a compatible importer
d387cb9106538ceba7fd,Clipart/CLIPART/PEOPLE/P_MISC/FD520220.DRW,Clipart,drw,Legacy drawing format requires a compatible importer
104d6d5e7840bb88093f,Clipart/CLIPART/PEOPLE/P_MISC/FD520221.DRW,Clipart,drw,Legacy drawing format requires a compatible importer
3f39d4870d8a7ed19cab,Clipart/CLIPART/PEOPLE/P_MISC/FD520222.DRW,Clipart,drw,Legacy drawing format requires a compatible importer
2ca7dadb0b1373d4fb1b,Clipart/CLIPART/PEOPLE/P_MISC/FD520223.DRW,Clipart,drw,Legacy drawing format requires a compatible importer
a81fcb829a8fb8407370,Clipart/CLIPART/PEOPLE/P_MISC/FD520224.DRW,Clipart,drw,Legacy drawing format requires a compatible importer
2da80c67899da982b925,Clipart/CLIPART/PEOPLE/P_MISC/FD520225.DRW,Clipart,drw,Legacy drawing format requires a compatible importer
84e36e39a64d392e4609,Clipart/CLIPART/PEOPLE/P_MISC/FD520226.DRW,Clipart,drw,Legacy drawing format requires a compatible importer
99d59105bebf29eab5b7,Clipart/CLIPART/PEOPLE/P_MISC/FD520227.DRW,Clipart,drw,Legacy drawing format requires a compatible importer
90b378b806766f0bc698,Clipart/CLIPART/PEOPLE/P_MISC/FD520228.DRW,Clipart,drw,Legacy drawing format requires a compatible importer
c6efe2f8be4a6f27af51,Clipart/CLIPART/PEOPLE/P_MISC/FD520229.DRW,Clipart,drw,Legacy drawing format requires a compatible importer
c887badd1357deb16cb2,Clipart/CLIPART/PEOPLE/P_MISC/FD520230.DRW,Clipart,drw,Legacy drawing format requires a compatible importer
1d7e802d6f27930b55f8,Clipart/CLIPART/PEOPLE/P_MISC/FD520231.DRW,Clipart,drw,Legacy drawing format requires a compatible importer
e6d4e57de662e41a776a,Clipart/CLIPART/PEOPLE/P_MISC/FD520232.DRW,Clipart,drw,Legacy drawing format requires a compatible importer
04386eff7c26fe9ed225,Clipart/CLIPART/PEOPLE/P_MISC/FD520233.DRW,Clipart,drw,Legacy drawing format requires a compatible importer
4ebf6c11875b66ca92c4,Clipart/CLIPART/PEOPLE/P_MISC/FD520234.DRW,Clipart,drw,Legacy drawing format requires a compatible importer
54c1c5e6f30d1c27b95b,Clipart/CLIPART/PEOPLE/P_MISC/FD520235.DRW,Clipart,drw,Legacy drawing format requires a compatible importer
12d95399ad313ca18511,Clipart/CLIPART/PEOPLE/P_MISC/FD520236.DRW,Clipart,drw,Legacy drawing format requires a compatible importer
bd08261de8cb57c69eeb,Clipart/CLIPART/PEOPLE/P_MISC/FD520237.DRW,Clipart,drw,Legacy drawing format requires a compatible importer
8270fb0e50a8d5fd77b0,Clipart/CLIPART/PEOPLE/P_MISC/FD520238.DRW,Clipart,drw,Legacy drawing format requires a compatible importer
f2be7d0eee018c0a2cd4,Clipart/CLIPART/PEOPLE/P_MISC/FD520239.DRW,Clipart,drw,Legacy drawing format requires a compatible importer
cf1f309dd27cc0d64227,Clipart/CLIPART/PEOPLE/P_MISC/FD520240.DRW,Clipart,drw,Legacy drawing format requires a compatible importer
7fb5067949939cc10ecd,Clipart/CLIPART/PEOPLE/P_MISC/FD520241.DRW,Clipart,drw,Legacy drawing format requires a compatible importer
61f1d2b09745ea8876b6,Clipart/CLIPART/PEOPLE/P_MISC/FD520242.DRW,Clipart,drw,Legacy drawing format requires a compatible importer
9fe93e776cd6aaeaa567,Clipart/CLIPART/PEOPLE/P_MISC/FD520243.DRW,Clipart,drw,Legacy drawing format requires a compatible importer
6a8950dade0bed34b55b,Clipart/CLIPART/PEOPLE/P_MISC/FD520244.DRW,Clipart,drw,Legacy drawing format requires a compatible importer
004145f4de0f52dcedd0,Clipart/CLIPART/PEOPLE/P_MISC/FD520245.DRW,Clipart,drw,Legacy drawing format requires a compatible importer
8d3ab4c0955c13ae7e67,Clipart/CLIPART/PEOPLE/P_MISC/FD520246.DRW,Clipart,drw,Legacy drawing format requires a compatible importer
1bdbb0a7a779d3b04e99,Clipart/CLIPART/PEOPLE/P_MISC/FD520247.DRW,Clipart,drw,Legacy drawing format requires a compatible importer
5834feb701ee2d45537d,Clipart/CLIPART/PEOPLE/P_MISC/FD520248.DRW,Clipart,drw,Legacy drawing format requires a compatible importer
50c461700d691e22cb30,Clipart/CLIPART/PEOPLE/P_MISC/FD520249.DRW,Clipart,drw,Legacy drawing format requires a compatible importer
4fbc1c932825dd8329bb,Clipart/CLIPART/PEOPLE/P_MISC/FD520250.DRW,Clipart,drw,Legacy drawing format requires a compatible importer
8a672031ef8d6ae90882,Clipart/CLIPART/PEOPLE/P_MISC/FD520251.DRW,Clipart,drw,Legacy drawing format requires a compatible importer
ef857bc9cb7201968c2f,Clipart/CLIPART/PEOPLE/P_MISC/FD520252.DRW,Clipart,drw,Legacy drawing format requires a compatible importer
3075d2bf5a025a03402c,Clipart/CLIPART/PEOPLE/P_MISC/FD520253.DRW,Clipart,drw,Legacy drawing format requires a compatible importer
343188c9175b79cb4c1f,Clipart/CLIPART/PEOPLE/P_MISC/FD520254.DRW,Clipart,drw,Legacy drawing format requires a compatible importer
12f227ca2238827786ff,Clipart/CLIPART/PEOPLE/P_MISC/FD520255.DRW,Clipart,drw,Legacy drawing format requires a compatible importer
98f695e5bc8c24f86799,Clipart/CLIPART/PEOPLE/P_MISC/FD520256.DRW,Clipart,drw,Legacy drawing format requires a compatible importer
905bf9fa6542fba88b20,Clipart/CLIPART/PEOPLE/P_MISC/FD520257.DRW,Clipart,drw,Legacy drawing format requires a compatible importer
15c2f664222d683314d4,Clipart/CLIPART/PEOPLE/P_MISC/FD520258.DRW,Clipart,drw,Legacy drawing format requires a compatible importer
7feeda76ad65b62a7b1d,Clipart/CLIPART/PEOPLE/P_MISC/FD520259.DRW,Clipart,drw,Legacy drawing format requires a compatible importer
b3202e383dd73eba617b,Clipart/CLIPART/PEOPLE/P_MISC/FD520260.DRW,Clipart,drw,Legacy drawing format requires a compatible importer
b75242700b6e5b4aef82,Clipart/CLIPART/PEOPLE/P_MISC/FD520261.DRW,Clipart,drw,Legacy drawing format requires a compatible importer
39b65638248dee87da29,Clipart/CLIPART/PEOPLE/P_MISC/FD520262.DRW,Clipart,drw,Legacy drawing format requires a compatible importer
e5de1f9d528ef1b2f941,Clipart/CLIPART/PEOPLE/P_MISC/FD520263.DRW,Clipart,drw,Legacy drawing format requires a compatible importer
410ab6cf0cbcd2218a27,Clipart/CLIPART/PEOPLE/P_MISC/FD520264.DRW,Clipart,drw,Legacy drawing format requires a compatible importer
47a496ad6394eb63c6d8,Clipart/CLIPART/PEOPLE/P_MISC/FD520265.DRW,Clipart,drw,Legacy drawing format requires a compatible importer
6aa97c434c111820db78,Clipart/CLIPART/PEOPLE/P_MISC/FD520266.DRW,Clipart,drw,Legacy drawing format requires a compatible importer
3b162c2d2dad681aba10,Clipart/CLIPART/PEOPLE/P_MISC/FD520267.DRW,Clipart,drw,Legacy drawing format requires a compatible importer
f09d4e34839e6346dff0,Clipart/CLIPART/PEOPLE/P_MISC/FD520268.DRW,Clipart,drw,Legacy drawing format requires a compatible importer
ce324a9fe6ba0b2f7466,Clipart/CLIPART/PEOPLE/P_MISC/FD520269.DRW,Clipart,drw,Legacy drawing format requires a compatible importer
e3b2dd1d0dfed14f0da6,Clipart/CLIPART/PEOPLE/P_MISC/FD520270.DRW,Clipart,drw,Legacy drawing format requires a compatible importer
d5d10688c4c0467295a5,Clipart/CLIPART/PEOPLE/P_MISC/FD520271.DRW,Clipart,drw,Legacy drawing format requires a compatible importer
a507f51d65cb51fed01b,Clipart/CLIPART/PEOPLE/P_MISC/FD520272.DRW,Clipart,drw,Legacy drawing format requires a compatible importer
a03a22b73db1042a87b7,Clipart/CLIPART/PEOPLE/P_MISC/FD520273.DRW,Clipart,drw,Legacy drawing format requires a compatible importer
3a349a3fd80068b0af09,Clipart/CLIPART/PEOPLE/P_MISC/FD520274.DRW,Clipart,drw,Legacy drawing format requires a compatible importer
180e950e2bd3422d73ec,Clipart/CLIPART/PEOPLE/P_MISC/FD520275.DRW,Clipart,drw,Legacy drawing format requires a compatible importer
d19c3f7c4100e7dc730a,Clipart/CLIPART/PEOPLE/P_MISC/FD520276.DRW,Clipart,drw,Legacy drawing format requires a compatible importer
c437f0855f58942ee5c3,Clipart/CLIPART/PEOPLE/P_MISC/FD520277.DRW,Clipart,drw,Legacy drawing format requires a compatible importer
6b3ea81a7b8d8b29279e,Clipart/CLIPART/PEOPLE/P_MISC/FD520278.DRW,Clipart,drw,Legacy drawing format requires a compatible importer
e4a10db820339b43d5b2,Clipart/CLIPART/PEOPLE/P_MISC/FD520279.DRW,Clipart,drw,Legacy drawing format requires a compatible importer
b16cf5aa91ad987d6380,Clipart/CLIPART/PEOPLE/P_MISC/FD520280.DRW,Clipart,drw,Legacy drawing format requires a compatible importer
74103cb39a765eeb34f1,Clipart/CLIPART/PEOPLE/P_MISC/FD520281.DRW,Clipart,drw,Legacy drawing format requires a compatible importer
2b74129455ffffb5c5c6,Clipart/CLIPART/PEOPLE/P_MISC/FD520282.DRW,Clipart,drw,Legacy drawing format requires a compatible importer
d72fd6ea7e8090d62b9d,Clipart/CLIPART/PEOPLE/P_MISC/FD520283.DRW,Clipart,drw,Legacy drawing format requires a compatible importer
29b839fe61f6e71e27bf,Clipart/CLIPART/PEOPLE/P_MISC/FD520284.DRW,Clipart,drw,Legacy drawing format requires a compatible importer
8f61167ec64884bdc266,Clipart/CLIPART/PEOPLE/P_MISC/FD520285.DRW,Clipart,drw,Legacy drawing format requires a compatible importer
c5301d7b25a5ab5a052f,Clipart/CLIPART/PEOPLE/P_MISC/FD520286.DRW,Clipart,drw,Legacy drawing format requires a compatible importer
7d62244122d1ac312123,Clipart/CLIPART/PEOPLE/P_MISC/FD520287.DRW,Clipart,drw,Legacy drawing format requires a compatible importer
97459150fdf978e57628,Clipart/CLIPART/PEOPLE/P_MISC/FD520288.DRW,Clipart,drw,Legacy drawing format requires a compatible importer
ef3acad14acdbc6aec98,Clipart/CLIPART/PEOPLE/P_MISC/FD520289.DRW,Clipart,drw,Legacy drawing format requires a compatible importer
6b70861fbddf0e5141e5,Clipart/CLIPART/PEOPLE/P_MISC/FD520290.DRW,Clipart,drw,Legacy drawing format requires a compatible importer
c508dee100eb58987adc,Clipart/CLIPART/PEOPLE/P_MISC/FD520291.DRW,Clipart,drw,Legacy drawing format requires a compatible importer
a141576531bee0be0b39,Clipart/CLIPART/PEOPLE/P_MISC/FD520292.DRW,Clipart,drw,Legacy drawing format requires a compatible importer
6fb3fec1436d9b502166,Clipart/CLIPART/PEOPLE/P_MISC/FD520293.DRW,Clipart,drw,Legacy drawing format requires a compatible importer
aebe375c070f7afdaaaa,Clipart/CLIPART/PEOPLE/P_MISC/FD520294.DRW,Clipart,drw,Legacy drawing format requires a compatible importer
ecde177011f094b7ca14,Clipart/CLIPART/PEOPLE/P_MISC/FD520295.DRW,Clipart,drw,Legacy drawing format requires a compatible importer
6e27587d6bbee3b95c8a,Clipart/CLIPART/PEOPLE/P_MISC/FD520296.DRW,Clipart,drw,Legacy drawing format requires a compatible importer
d8c43ec74310af29f9c1,Clipart/CLIPART/PEOPLE/P_MISC/FD520297.DRW,Clipart,drw,Legacy drawing format requires a compatible importer
2a5f481dd163cc5369c1,Clipart/CLIPART/PEOPLE/P_MISC/FD520298.DRW,Clipart,drw,Legacy drawing format requires a compatible importer
bff0755e9d6842ad0310,Clipart/CLIPART/PEOPLE/P_MISC/FD520299.DRW,Clipart,drw,Legacy drawing format requires a compatible importer
2d66e877a65de0f225c3,Clipart/CLIPART/PEOPLE/P_MISC/FD520300.DRW,Clipart,drw,Legacy drawing format requires a compatible importer
7419ef0334c3a05aa749,Clipart/CLIPART/PEOPLE/P_MISC/FD520301.DRW,Clipart,drw,Legacy drawing format requires a compatible importer
97b4cbb6c339b15858fc,Clipart/CLIPART/PEOPLE/P_MISC/FD520302.DRW,Clipart,drw,Legacy drawing format requires a compatible importer
0e433a739501caea3dc4,Clipart/CLIPART/PEOPLE/P_MISC/FD520303.DRW,Clipart,drw,Legacy drawing format requires a compatible importer
7707f5b9274e375231ac,Clipart/CLIPART/PEOPLE/P_MISC/FD520304.DRW,Clipart,drw,Legacy drawing format requires a compatible importer
a8180961cffc66e20580,Clipart/CLIPART/PEOPLE/P_MISC/FD520305.DRW,Clipart,drw,Legacy drawing format requires a compatible importer
c617b2b55d1d61baa262,Clipart/CLIPART/PEOPLE/P_MISC/FD520306.DRW,Clipart,drw,Legacy drawing format requires a compatible importer
72d0e0f4537991fe25c3,Clipart/CLIPART/PEOPLE/P_MISC/FD520307.DRW,Clipart,drw,Legacy drawing format requires a compatible importer
769e3051885bd1ad3ec6,Clipart/CLIPART/PEOPLE/P_MISC/FD520308.DRW,Clipart,drw,Legacy drawing format requires a compatible importer
52cbb8ee32809cca1047,Clipart/CLIPART/PEOPLE/P_MISC/FD520309.DRW,Clipart,drw,Legacy drawing format requires a compatible importer
ca368861cb6a1cd39a29,Clipart/CLIPART/PEOPLE/P_MISC/FD520310.DRW,Clipart,drw,Legacy drawing format requires a compatible importer
c9b961825ff83822bdaf,Clipart/CLIPART/PEOPLE/P_MISC/FD520311.DRW,Clipart,drw,Legacy drawing format requires a compatible importer
ed5a978da2dbc1bac855,Clipart/CLIPART/PEOPLE/P_MISC/FD520312.DRW,Clipart,drw,Legacy drawing format requires a compatible importer
49ea0e2a42994cb10791,Clipart/CLIPART/PEOPLE/P_MISC/FD520313.DRW,Clipart,drw,Legacy drawing format requires a compatible importer
a75953e0344cfc72c4ee,Clipart/CLIPART/PEOPLE/P_MISC/FD520314.DRW,Clipart,drw,Legacy drawing format requires a compatible importer
888bfe297d5823802f6d,Clipart/CLIPART/PEOPLE/P_MISC/FD520315.DRW,Clipart,drw,Legacy drawing format requires a compatible importer
0676a94ebc18d3d816da,Clipart/CLIPART/PEOPLE/P_MISC/FD520316.DRW,Clipart,drw,Legacy drawing format requires a compatible importer
05337dda141d67cc241b,Clipart/CLIPART/PEOPLE/P_MISC/FD520317.DRW,Clipart,drw,Legacy drawing format requires a compatible importer
7f78ad462186d9ca6d58,Clipart/CLIPART/PEOPLE/P_MISC/FD520318.DRW,Clipart,drw,Legacy drawing format requires a compatible importer
60f5afad828cf868cae2,Clipart/CLIPART/PEOPLE/P_MISC/FD520319.DRW,Clipart,drw,Legacy drawing format requires a compatible importer
8067a6fc0d181aeadf63,Clipart/CLIPART/PEOPLE/P_MISC/FD520320.DRW,Clipart,drw,Legacy drawing format requires a compatible importer
43c440401c5f64abab48,Clipart/CLIPART/PEOPLE/P_MISC/FD520321.DRW,Clipart,drw,Legacy drawing format requires a compatible importer
01a7c2f525b958132351,Clipart/CLIPART/PEOPLE/P_MISC/FD520322.DRW,Clipart,drw,Legacy drawing format requires a compatible importer
71b181163e7cfce78952,Clipart/CLIPART/PEOPLE/P_MISC/FD520323.DRW,Clipart,drw,Legacy drawing format requires a compatible importer
d9cb900e0a527a8c144d,Clipart/CLIPART/PEOPLE/P_MISC/FD520324.DRW,Clipart,drw,Legacy drawing format requires a compatible importer
2add498b1819f2e2f7fd,Clipart/CLIPART/PEOPLE/P_MISC/FD520325.DRW,Clipart,drw,Legacy drawing format requires a compatible importer
eddb6813c01e2f5e903b,Clipart/CLIPART/PEOPLE/P_MISC/FD520326.DRW,Clipart,drw,Legacy drawing format requires a compatible importer
024da7a17a9065b7e9ec,Clipart/CLIPART/PEOPLE/P_MISC/FD520327.DRW,Clipart,drw,Legacy drawing format requires a compatible importer
08a6063790e0b9849114,Clipart/CLIPART/PEOPLE/P_MISC/FD520328.DRW,Clipart,drw,Legacy drawing format requires a compatible importer
41f4807e5ffaed2061f6,Clipart/CLIPART/PEOPLE/P_MISC/FD520329.DRW,Clipart,drw,Legacy drawing format requires a compatible importer
76e32054df8c4b891c09,Clipart/CLIPART/PEOPLE/P_MISC/FD520330.DRW,Clipart,drw,Legacy drawing format requires a compatible importer
5eee53c7bb78ef87039f,Clipart/CLIPART/PEOPLE/P_MISC/FD520331.DRW,Clipart,drw,Legacy drawing format requires a compatible importer
f552cbfdbc3c318a3346,Clipart/CLIPART/PEOPLE/P_MISC/FD520332.DRW,Clipart,drw,Legacy drawing format requires a compatible importer
f36f7785856ccacb0c97,Clipart/CLIPART/PEOPLE/P_MISC/FD520333.DRW,Clipart,drw,Legacy drawing format requires a compatible importer
b8f39f1f0b85250ee86b,Clipart/CLIPART/PEOPLE/P_MISC/FD520334.DRW,Clipart,drw,Legacy drawing format requires a compatible importer
b391e4de9f77d79b7544,Clipart/CLIPART/PEOPLE/P_MISC/FD520335.DRW,Clipart,drw,Legacy drawing format requires a compatible importer
d52157bf2143e4fad745,Clipart/CLIPART/PEOPLE/P_MISC/FD520336.DRW,Clipart,drw,Legacy drawing format requires a compatible importer
eab58d54b9b134ffa7bd,Clipart/CLIPART/PEOPLE/P_MISC/FD520337.DRW,Clipart,drw,Legacy drawing format requires a compatible importer
6bcc850d794b5b179a37,Clipart/CLIPART/PEOPLE/P_MISC/FD520338.DRW,Clipart,drw,Legacy drawing format requires a compatible importer
813aab55345bade896e9,Clipart/CLIPART/PEOPLE/P_MISC/FD520339.DRW,Clipart,drw,Legacy drawing format requires a compatible importer
b22e96044377386ae33a,Clipart/CLIPART/PEOPLE/P_MISC/FD520340.DRW,Clipart,drw,Legacy drawing format requires a compatible importer
86b7b07c5935679ce764,Clipart/CLIPART/PEOPLE/P_MISC/FD520341.DRW,Clipart,drw,Legacy drawing format requires a compatible importer
361818b5ac8c9bba0b5c,Clipart/CLIPART/PEOPLE/P_MISC/FD520342.DRW,Clipart,drw,Legacy drawing format requires a compatible importer
c3d62e1f13376dacedfb,Clipart/CLIPART/PEOPLE/P_MISC/FD520343.DRW,Clipart,drw,Legacy drawing format requires a compatible importer
2c3a3ff9ff800fbfa58f,Clipart/CLIPART/PEOPLE/P_MISC/FD520344.DRW,Clipart,drw,Legacy drawing format requires a compatible importer
26ca7ab434e0a282a1bf,Clipart/CLIPART/PEOPLE/P_MISC/FD520345.DRW,Clipart,drw,Legacy drawing format requires a compatible importer
39a73c7b6ea192a9b75d,Clipart/CLIPART/PEOPLE/P_MISC/FD520346.DRW,Clipart,drw,Legacy drawing format requires a compatible importer
e275fc476d67af3d9557,Clipart/CLIPART/PEOPLE/P_MISC/FD520347.DRW,Clipart,drw,Legacy drawing format requires a compatible importer
431cb429654cb01c0e3b,Clipart/CLIPART/PEOPLE/P_MISC/FD520348.DRW,Clipart,drw,Legacy drawing format requires a compatible importer
9de54d6c2ceae7d30b77,Clipart/CLIPART/PEOPLE/P_MISC/FD520349.DRW,Clipart,drw,Legacy drawing format requires a compatible importer
69d9384813d12c139b80,Clipart/CLIPART/PEOPLE/P_MISC/FD520350.DRW,Clipart,drw,Legacy drawing format requires a compatible importer
0807fee6bc02cfd94464,Clipart/CLIPART/PEOPLE/P_MISC/FD520351.DRW,Clipart,drw,Legacy drawing format requires a compatible importer
1c9bb8ad2e3d5f8927a1,Clipart/CLIPART/PEOPLE/P_MISC/FD520352.DRW,Clipart,drw,Legacy drawing format requires a compatible importer
fdcd13e8e4d59b6405c6,Clipart/CLIPART/PEOPLE/P_MISC/FD520353.DRW,Clipart,drw,Legacy drawing format requires a compatible importer
009629077b24d117cf50,Clipart/CLIPART/PEOPLE/P_MISC/FD520354.DRW,Clipart,drw,Legacy drawing format requires a compatible importer
1a49d5dad53108098cb7,Clipart/CLIPART/PEOPLE/P_MISC/FD520355.DRW,Clipart,drw,Legacy drawing format requires a compatible importer
9fa74c07cc3127c6496b,Clipart/CLIPART/PEOPLE/P_MISC/FD520356.DRW,Clipart,drw,Legacy drawing format requires a compatible importer
9b91abf925a9ee134de5,Clipart/CLIPART/PEOPLE/P_MISC/FD520357.DRW,Clipart,drw,Legacy drawing format requires a compatible importer
9ae1b219eac293390845,Clipart/CLIPART/PEOPLE/P_MISC/FD520358.DRW,Clipart,drw,Legacy drawing format requires a compatible importer
4580d1bd80536e322850,Clipart/CLIPART/PEOPLE/P_MISC/FD520359.DRW,Clipart,drw,Legacy drawing format requires a compatible importer
d3e03b85248fb6d8f619,Clipart/CLIPART/PEOPLE/P_MISC/FD520360.DRW,Clipart,drw,Legacy drawing format requires a compatible importer
cc8349a293b9b7cd1fc7,Clipart/CLIPART/PEOPLE/P_MISC/FD520363.DRW,Clipart,drw,Legacy drawing format requires a compatible importer
95af505693a875a4bfff,Clipart/CLIPART/PEOPLE/P_MISC/FD520364.DRW,Clipart,drw,Legacy drawing format requires a compatible importer
a32b477e8cfbcab75831,Clipart/CLIPART/PEOPLE/P_MISC/FD520365.DRW,Clipart,drw,Legacy drawing format requires a compatible importer
7f3e34fcb3eedc8ad631,Clipart/CLIPART/PEOPLE/P_MISC/FD520366.DRW,Clipart,drw,Legacy drawing format requires a compatible importer
fd78cca215667113d0d0,Clipart/CLIPART/PEOPLE/P_MISC/FD520367.DRW,Clipart,drw,Legacy drawing format requires a compatible importer
ee6059d15bc8966d72da,Clipart/CLIPART/PEOPLE/P_MISC/FD520368.DRW,Clipart,drw,Legacy drawing format requires a compatible importer
9f1899955bb7412c94e7,Clipart/CLIPART/PEOPLE/P_MISC/FD520369.DRW,Clipart,drw,Legacy drawing format requires a compatible importer
6cf7fe6a26b1748334fe,Clipart/CLIPART/PEOPLE/P_MISC/FD520370.DRW,Clipart,drw,Legacy drawing format requires a compatible importer
3a6536eaa8e281dba9d0,Clipart/CLIPART/PEOPLE/P_MISC/FD520371.DRW,Clipart,drw,Legacy drawing format requires a compatible importer
d07c1beb5859a1419336,Clipart/CLIPART/PEOPLE/P_MISC/FD520372.DRW,Clipart,drw,Legacy drawing format requires a compatible importer
a261348322a9b9dfa650,Clipart/CLIPART/PEOPLE/P_MISC/FD520373.DRW,Clipart,drw,Legacy drawing format requires a compatible importer
d6851a7fb9e7e5462bf1,Clipart/CLIPART/PEOPLE/P_MISC/FD520374.DRW,Clipart,drw,Legacy drawing format requires a compatible importer
47c53d297bc60f2c0c3a,Clipart/CLIPART/PEOPLE/P_MISC/FD520375.DRW,Clipart,drw,Legacy drawing format requires a compatible importer
05f28299b121bbbac383,Clipart/CLIPART/PEOPLE/P_MISC/FD520376.DRW,Clipart,drw,Legacy drawing format requires a compatible importer
061c15506b4d3dc79f02,Clipart/CLIPART/PEOPLE/P_MISC/FD520377.DRW,Clipart,drw,Legacy drawing format requires a compatible importer
b959aaf9b66882e9c9fb,Clipart/CLIPART/PEOPLE/P_MISC/FD520378.DRW,Clipart,drw,Legacy drawing format requires a compatible importer
e437dd3082db8f0e52a2,Clipart/CLIPART/PEOPLE/P_MISC/FD520379.DRW,Clipart,drw,Legacy drawing format requires a compatible importer
6938fa126cdeef891de2,Clipart/CLIPART/PEOPLE/P_MISC/FD520380.DRW,Clipart,drw,Legacy drawing format requires a compatible importer
627a3cbdb610ee38e3f8,Clipart/CLIPART/PEOPLE/P_MISC/FD520381.DRW,Clipart,drw,Legacy drawing format requires a compatible importer
925388b46438502a1371,Clipart/CLIPART/PEOPLE/P_MISC/FD520382.DRW,Clipart,drw,Legacy drawing format requires a compatible importer
b97b31a8806d88956392,Clipart/CLIPART/PEOPLE/P_MISC/FD520383.DRW,Clipart,drw,Legacy drawing format requires a compatible importer
169510732820666ee541,Clipart/CLIPART/PEOPLE/P_MISC/FD520384.DRW,Clipart,drw,Legacy drawing format requires a compatible importer
84719a133a9103a4033c,Clipart/CLIPART/PEOPLE/P_MISC/FD520385.DRW,Clipart,drw,Legacy drawing format requires a compatible importer
5e0d9a3b7b7aefc483a9,Clipart/CLIPART/PEOPLE/P_MISC/FD520386.DRW,Clipart,drw,Legacy drawing format requires a compatible importer
feed0515c89f7622df04,Clipart/CLIPART/PEOPLE/P_MISC/FD520388.DRW,Clipart,drw,Legacy drawing format requires a compatible importer
7dd2746cd9ad7a457a92,Clipart/CLIPART/PEOPLE/P_MISC/FD520389.DRW,Clipart,drw,Legacy drawing format requires a compatible importer
f99b41d1626609f6f7a8,Clipart/CLIPART/PEOPLE/P_MISC/FD520390.DRW,Clipart,drw,Legacy drawing format requires a compatible importer
3c1092efb61a7860db51,Clipart/CLIPART/PEOPLE/P_MISC/FD520391.DRW,Clipart,drw,Legacy drawing format requires a compatible importer
689d39ffe24eeb8ace5a,Clipart/CLIPART/PEOPLE/P_MISC/FD520392.DRW,Clipart,drw,Legacy drawing format requires a compatible importer
397129c3ebe98b5a513e,Clipart/CLIPART/PEOPLE/P_MISC/FD520393.DRW,Clipart,drw,Legacy drawing format requires a compatible importer
84d6626134fa9b3667ea,Clipart/CLIPART/PEOPLE/P_MISC/FD520394.DRW,Clipart,drw,Legacy drawing format requires a compatible importer
3f415b0e25e59e1eba6d,Clipart/CLIPART/PEOPLE/P_MISC/FD520395.DRW,Clipart,drw,Legacy drawing format requires a compatible importer
0226df56705d919ca7fb,Clipart/CLIPART/PEOPLE/P_MISC/FD520396.DRW,Clipart,drw,Legacy drawing format requires a compatible importer
257b62a4c8a010f19a31,Clipart/CLIPART/PEOPLE/P_MISC/FD520397.DRW,Clipart,drw,Legacy drawing format requires a compatible importer
4bb91e001c2e9e5c4fac,Clipart/CLIPART/PEOPLE/P_MISC/FD520398.DRW,Clipart,drw,Legacy drawing format requires a compatible importer
3fddd01b079d28183930,Clipart/CLIPART/PEOPLE/P_MISC/FD520399.DRW,Clipart,drw,Legacy drawing format requires a compatible importer
c7be3de5940a4b5f1d40,Clipart/CLIPART/PEOPLE/P_MISC/FD520400.DRW,Clipart,drw,Legacy drawing format requires a compatible importer
c984630c3c9524b5fee1,Clipart/CLIPART/PEOPLE/P_MISC/FD520401.DRW,Clipart,drw,Legacy drawing format requires a compatible importer
c951f00d527be1305960,Clipart/CLIPART/PEOPLE/P_MISC/FD520402.DRW,Clipart,drw,Legacy drawing format requires a compatible importer
4e1514d5efc2ba90723f,Clipart/CLIPART/PEOPLE/P_MISC/FD520403.DRW,Clipart,drw,Legacy drawing format requires a compatible importer
8cdc8fc1f227e5d8cf95,Clipart/CLIPART/PEOPLE/P_MISC/FD520404.DRW,Clipart,drw,Legacy drawing format requires a compatible importer
a389daa5993184a4afac,Clipart/CLIPART/PEOPLE/P_MISC/FD520405.DRW,Clipart,drw,Legacy drawing format requires a compatible importer
0a53b311fecfb51d69ca,Clipart/CLIPART/PEOPLE/P_MISC/FD520406.DRW,Clipart,drw,Legacy drawing format requires a compatible importer
511f4b6a8e2192b58262,Clipart/CLIPART/PEOPLE/P_MISC/FD520407.DRW,Clipart,drw,Legacy drawing format requires a compatible importer
caed5c4cffbf10c3ece8,Clipart/CLIPART/PEOPLE/P_MISC/FD520408.DRW,Clipart,drw,Legacy drawing format requires a compatible importer
8d987fa4e4e5ba1ac536,Clipart/CLIPART/PEOPLE/P_MISC/FD520409.DRW,Clipart,drw,Legacy drawing format requires a compatible importer
b8b761f7d4f2abec119a,Clipart/CLIPART/PEOPLE/P_MISC/FD520410.DRW,Clipart,drw,Legacy drawing format requires a compatible importer
e9509a634bb168218ac2,Clipart/CLIPART/PEOPLE/P_MISC/FD520411.DRW,Clipart,drw,Legacy drawing format requires a compatible importer
6ed152f221bff7545d3b,Clipart/CLIPART/PEOPLE/P_MISC/FD520412.DRW,Clipart,drw,Legacy drawing format requires a compatible importer
f6929137815a42b0e361,Clipart/CLIPART/PEOPLE/P_MISC/FD520413.DRW,Clipart,drw,Legacy drawing format requires a compatible importer
175c20cefb2de0a48ce5,Clipart/CLIPART/PEOPLE/P_MISC/FD520414.DRW,Clipart,drw,Legacy drawing format requires a compatible importer
5d1be44d70ee3116ae57,Clipart/CLIPART/PEOPLE/P_MISC/FD520415.DRW,Clipart,drw,Legacy drawing format requires a compatible importer
c739af81f56f5ced0bc2,Clipart/CLIPART/PEOPLE/P_MISC/FD520416.DRW,Clipart,drw,Legacy drawing format requires a compatible importer
eda79cc68ebc121d60d9,Clipart/CLIPART/PEOPLE/P_MISC/FD520417.DRW,Clipart,drw,Legacy drawing format requires a compatible importer
b8064c34ce1663942425,Clipart/CLIPART/PEOPLE/P_MISC/FD520418.DRW,Clipart,drw,Legacy drawing format requires a compatible importer
d530cf524ff9ba32d08e,Clipart/CLIPART/PEOPLE/P_MISC/FD520419.DRW,Clipart,drw,Legacy drawing format requires a compatible importer
8118000684db67349ac5,Clipart/CLIPART/PEOPLE/P_MISC/FD520420.DRW,Clipart,drw,Legacy drawing format requires a compatible importer
e76a3bdd790514ca1658,Clipart/CLIPART/PEOPLE/P_MISC/FD520421.DRW,Clipart,drw,Legacy drawing format requires a compatible importer
3374435580ee12ba3896,Clipart/CLIPART/PEOPLE/P_MISC/FD520422.DRW,Clipart,drw,Legacy drawing format requires a compatible importer
0402dea5593274bdd403,Clipart/CLIPART/PEOPLE/P_MISC/FD520423.DRW,Clipart,drw,Legacy drawing format requires a compatible importer
56fecac8f4c7626fb3aa,Clipart/CLIPART/PEOPLE/P_MISC/FD520424.DRW,Clipart,drw,Legacy drawing format requires a compatible importer
a45ea85bb07192880b4d,Clipart/CLIPART/PEOPLE/P_MISC/FD520425.DRW,Clipart,drw,Legacy drawing format requires a compatible importer
ba7419fec51fda196bfc,Clipart/CLIPART/PEOPLE/P_MISC/FD520426.DRW,Clipart,drw,Legacy drawing format requires a compatible importer
c75420cc7fffc1ffe10d,Clipart/CLIPART/PEOPLE/P_MISC/FD520427.DRW,Clipart,drw,Legacy drawing format requires a compatible importer
dd484dc9cf00867bc570,Clipart/CLIPART/PEOPLE/P_MISC/FD520428.DRW,Clipart,drw,Legacy drawing format requires a compatible importer
735617a2c417d8c11748,Clipart/CLIPART/PEOPLE/P_MISC/FD520429.DRW,Clipart,drw,Legacy drawing format requires a compatible importer
5606c91db7cc4d5ed812,Clipart/CLIPART/PEOPLE/P_MISC/FD520430.DRW,Clipart,drw,Legacy drawing format requires a compatible importer
a22b1250d372cce16628,Clipart/CLIPART/PEOPLE/P_MISC/FD520431.DRW,Clipart,drw,Legacy drawing format requires a compatible importer
e9bab32514680ac83fc4,Clipart/CLIPART/PEOPLE/P_MISC/FD520432.DRW,Clipart,drw,Legacy drawing format requires a compatible importer
70459ddc629006c770aa,Clipart/CLIPART/PEOPLE/P_MISC/FD520433.DRW,Clipart,drw,Legacy drawing format requires a compatible importer
c5501777d92e44bd9626,Clipart/CLIPART/PEOPLE/P_MISC/FD520434.DRW,Clipart,drw,Legacy drawing format requires a compatible importer
66b93860d1444f1c727c,Clipart/CLIPART/PEOPLE/P_MISC/FD520435.DRW,Clipart,drw,Legacy drawing format requires a compatible importer
006e6e2f021b9f434bc2,Clipart/CLIPART/PEOPLE/P_MISC/FD520436.DRW,Clipart,drw,Legacy drawing format requires a compatible importer
f0eb4ad966d1256be584,Clipart/CLIPART/PEOPLE/P_MISC/FD520437.DRW,Clipart,drw,Legacy drawing format requires a compatible importer
08dee89f2cd5267e5787,Clipart/CLIPART/PEOPLE/P_MISC/FD520438.DRW,Clipart,drw,Legacy drawing format requires a compatible importer
569abe3bd3dd65ac322f,Clipart/CLIPART/PEOPLE/P_MISC/FD520439.DRW,Clipart,drw,Legacy drawing format requires a compatible importer
344540b25e2cf10161cf,Clipart/CLIPART/PEOPLE/P_MISC/FD520440.DRW,Clipart,drw,Legacy drawing format requires a compatible importer
9e694405084b45f5a899,Clipart/CLIPART/PEOPLE/P_MISC/FD520441.DRW,Clipart,drw,Legacy drawing format requires a compatible importer
1625c5be4bb5a0e8cf29,Clipart/CLIPART/PEOPLE/P_MISC/FD520442.DRW,Clipart,drw,Legacy drawing format requires a compatible importer
d6bde5f5e36a7c598617,Clipart/CLIPART/PEOPLE/P_MISC/FD520443.DRW,Clipart,drw,Legacy drawing format requires a compatible importer
f2296324b0b0add34a9e,Clipart/CLIPART/PEOPLE/P_MISC/FD520444.DRW,Clipart,drw,Legacy drawing format requires a compatible importer
5900d3ecc357534b246c,Clipart/CLIPART/PEOPLE/P_MISC/FD520445.DRW,Clipart,drw,Legacy drawing format requires a compatible importer
b9810fdae40d5a9698af,Clipart/CLIPART/PEOPLE/P_MISC/FD520446.DRW,Clipart,drw,Legacy drawing format requires a compatible importer
04fabb2b334efd029e76,Clipart/CLIPART/PEOPLE/P_MISC/FD520447.DRW,Clipart,drw,Legacy drawing format requires a compatible importer
1bcfa82b100a2a9a45bf,Clipart/CLIPART/PEOPLE/P_MISC/FD520448.DRW,Clipart,drw,Legacy drawing format requires a compatible importer
4671be89113dd6906666,Clipart/CLIPART/PEOPLE/P_MISC/FD520449.DRW,Clipart,drw,Legacy drawing format requires a compatible importer
f869d809b0acd6c0032f,Clipart/CLIPART/PEOPLE/P_MISC/FD520450.DRW,Clipart,drw,Legacy drawing format requires a compatible importer
0bbf3be5271aedea9d96,Clipart/CLIPART/PEOPLE/P_MISC/FD520451.DRW,Clipart,drw,Legacy drawing format requires a compatible importer
61b697273f94bd0599aa,Clipart/CLIPART/PEOPLE/P_MISC/FD520452.DRW,Clipart,drw,Legacy drawing format requires a compatible importer
8dddf595f0ef7b0f4626,Clipart/CLIPART/PEOPLE/P_MISC/FD520453.DRW,Clipart,drw,Legacy drawing format requires a compatible importer
c44be5a371c32848b654,Clipart/CLIPART/PEOPLE/P_MISC/FD520454.DRW,Clipart,drw,Legacy drawing format requires a compatible importer
426c8dd502530623f83b,Clipart/CLIPART/PEOPLE/P_MISC/FD520455.DRW,Clipart,drw,Legacy drawing format requires a compatible importer
92450469eb92701e8b5d,Clipart/CLIPART/PEOPLE/P_MISC/FD520456.DRW,Clipart,drw,Legacy drawing format requires a compatible importer
9c40c0cdc69f5d89aa92,Clipart/CLIPART/PEOPLE/P_MISC/FD520458.DRW,Clipart,drw,Legacy drawing format requires a compatible importer
7886994ba3297ebfb455,Clipart/CLIPART/PEOPLE/P_MISC/FD520459.DRW,Clipart,drw,Legacy drawing format requires a compatible importer
176cba47b742a1b8376d,Clipart/CLIPART/PEOPLE/P_MISC/FD520460.DRW,Clipart,drw,Legacy drawing format requires a compatible importer
a8ca2d3d78496501e451,Clipart/CLIPART/PEOPLE/P_MISC/FD520461.DRW,Clipart,drw,Legacy drawing format requires a compatible importer
296aced5c1bc15b883f5,Clipart/CLIPART/PEOPLE/P_MISC/FD520462.DRW,Clipart,drw,Legacy drawing format requires a compatible importer
7d0faac5d4f039acb91f,Clipart/CLIPART/PEOPLE/P_MISC/FD520463.DRW,Clipart,drw,Legacy drawing format requires a compatible importer
7eb141452147f88357ea,Clipart/CLIPART/PEOPLE/P_MISC/FD520464.DRW,Clipart,drw,Legacy drawing format requires a compatible importer
f7b0cda7202dc59aaa92,Clipart/CLIPART/PEOPLE/P_MISC/FD520465.DRW,Clipart,drw,Legacy drawing format requires a compatible importer
2e48537301cb02de2800,Clipart/CLIPART/PEOPLE/P_MISC/FD520466.DRW,Clipart,drw,Legacy drawing format requires a compatible importer
8fd2c1f4911b3af8633d,Clipart/CLIPART/PEOPLE/P_MISC/FD520467.DRW,Clipart,drw,Legacy drawing format requires a compatible importer
e91126e858b01e609cb1,Clipart/CLIPART/PEOPLE/P_MISC/FD520468.DRW,Clipart,drw,Legacy drawing format requires a compatible importer
9883424829bacd43da0f,Clipart/CLIPART/PEOPLE/P_MISC/FD520469.DRW,Clipart,drw,Legacy drawing format requires a compatible importer
b0b40c6d33496bfdd0e1,Clipart/CLIPART/PEOPLE/P_MISC/FD520470.DRW,Clipart,drw,Legacy drawing format requires a compatible importer
14b9fa90323b98e60823,Clipart/CLIPART/PEOPLE/P_MISC/FD520471.DRW,Clipart,drw,Legacy drawing format requires a compatible importer
f44580d236c6cc60a9cf,Clipart/CLIPART/PEOPLE/P_MISC/FD520472.DRW,Clipart,drw,Legacy drawing format requires a compatible importer
a12e4cd89cdaace3da42,Clipart/CLIPART/PEOPLE/P_MISC/FD520473.DRW,Clipart,drw,Legacy drawing format requires a compatible importer
ed33295210d2a1b69a65,Clipart/CLIPART/PEOPLE/P_MISC/FD520474.DRW,Clipart,drw,Legacy drawing format requires a compatible importer
d868c11b2320e557b43d,Clipart/CLIPART/PEOPLE/P_MISC/FD520475.DRW,Clipart,drw,Legacy drawing format requires a compatible importer
d65ad3851765cc733738,Clipart/CLIPART/PEOPLE/P_MISC/FD520476.DRW,Clipart,drw,Legacy drawing format requires a compatible importer
b5dbc7974d8fbac7193a,Clipart/CLIPART/PEOPLE/P_MISC/FD520477.DRW,Clipart,drw,Legacy drawing format requires a compatible importer
a91d6d0e64d11cb8a4ac,Clipart/CLIPART/PEOPLE/P_MISC/FD520478.DRW,Clipart,drw,Legacy drawing format requires a compatible importer
068c3610e08e31dc06f4,Clipart/CLIPART/PEOPLE/P_MISC/FD520479.DRW,Clipart,drw,Legacy drawing format requires a compatible importer
b5ac5dbe0af81f489f33,Clipart/CLIPART/PEOPLE/P_MISC/FD520480.DRW,Clipart,drw,Legacy drawing format requires a compatible importer
2605eca467879b845dd7,Clipart/CLIPART/PEOPLE/P_MISC/FD520481.DRW,Clipart,drw,Legacy drawing format requires a compatible importer
f5a844c295e03b3d4b13,Clipart/CLIPART/PEOPLE/P_MISC/FD520482.DRW,Clipart,drw,Legacy drawing format requires a compatible importer
bb47a2e2c72f263cf77e,Clipart/CLIPART/PEOPLE/P_MISC/FD520483.DRW,Clipart,drw,Legacy drawing format requires a compatible importer
71b12b054320eeae7e43,Clipart/CLIPART/PEOPLE/P_MISC/FD520484.DRW,Clipart,drw,Legacy drawing format requires a compatible importer
32dc9ae6cf09ace222de,Clipart/CLIPART/PEOPLE/P_MISC/FD520485.DRW,Clipart,drw,Legacy drawing format requires a compatible importer
e0d8c7650bedd6a3e36a,Clipart/CLIPART/PEOPLE/P_MISC/FD520486.DRW,Clipart,drw,Legacy drawing format requires a compatible importer
5a7df4b012ac9a7f9972,Clipart/CLIPART/PEOPLE/P_MISC/FD520487.DRW,Clipart,drw,Legacy drawing format requires a compatible importer
45eb403b4d03c857514d,Clipart/CLIPART/PEOPLE/P_MISC/FD520488.DRW,Clipart,drw,Legacy drawing format requires a compatible importer
968b80e5632db70fd9e5,Clipart/CLIPART/PEOPLE/P_MISC/FD520493.DRW,Clipart,drw,Legacy drawing format requires a compatible importer
4754e74e70d60c07f118,Clipart/CLIPART/PEOPLE/P_MISC/FD520494.DRW,Clipart,drw,Legacy drawing format requires a compatible importer
45451fa0024ce57e36de,Clipart/CLIPART/PEOPLE/P_MISC/FD520495.DRW,Clipart,drw,Legacy drawing format requires a compatible importer
2eb96b7a8be989d22d25,Clipart/CLIPART/PEOPLE/P_MISC/FD520496.DRW,Clipart,drw,Legacy drawing format requires a compatible importer
d24ee62b0556b85aba07,Clipart/CLIPART/PEOPLE/P_MISC/FD520497.DRW,Clipart,drw,Legacy drawing format requires a compatible importer
b1bb942030084e32a575,Clipart/CLIPART/PEOPLE/P_MISC/FD520498.DRW,Clipart,drw,Legacy drawing format requires a compatible importer
f799583d60d2c941792c,Clipart/CLIPART/PEOPLE/P_MISC/FD520499.DRW,Clipart,drw,Legacy drawing format requires a compatible importer
780489d4a28697cab25f,Clipart/CLIPART/PEOPLE/P_MISC/FD520500.DRW,Clipart,drw,Legacy drawing format requires a compatible importer
df6720c342030582fc83,Clipart/CLIPART/PEOPLE/P_MISC/FD520501.DRW,Clipart,drw,Legacy drawing format requires a compatible importer
6ee63e2f728de5b7ab49,Clipart/CLIPART/PEOPLE/P_MISC/FD520502.DRW,Clipart,drw,Legacy drawing format requires a compatible importer
e28349a97f7950fcdf10,Clipart/CLIPART/PEOPLE/P_MISC/FD520503.DRW,Clipart,drw,Legacy drawing format requires a compatible importer
830d21281728e70851f4,Clipart/CLIPART/PEOPLE/P_MISC/FD520504.DRW,Clipart,drw,Legacy drawing format requires a compatible importer
5e4438ceeecd5cf1b786,Clipart/CLIPART/PEOPLE/P_MISC/FD520505.DRW,Clipart,drw,Legacy drawing format requires a compatible importer
c9443254a5af114bba34,Clipart/CLIPART/PEOPLE/P_MISC/FD520506.DRW,Clipart,drw,Legacy drawing format requires a compatible importer
a75c7549d7386bf36476,Clipart/CLIPART/PEOPLE/P_MISC/FD520507.DRW,Clipart,drw,Legacy drawing format requires a compatible importer
20d37eef2e25aee38283,Clipart/CLIPART/PEOPLE/P_MISC/FD520508.DRW,Clipart,drw,Legacy drawing format requires a compatible importer
16acd5d34e82c9e1f627,Clipart/CLIPART/PEOPLE/P_MISC/FD520509.DRW,Clipart,drw,Legacy drawing format requires a compatible importer
18191a3c36a3e92c987c,Clipart/CLIPART/PEOPLE/P_MISC/FD520510.DRW,Clipart,drw,Legacy drawing format requires a compatible importer
aff5b6b1a0c7f376ccaa,Clipart/CLIPART/PEOPLE/P_MISC/FD520511.DRW,Clipart,drw,Legacy drawing format requires a compatible importer
98a3d040fecd1bae901c,Clipart/CLIPART/PEOPLE/P_MISC/FD520512.DRW,Clipart,drw,Legacy drawing format requires a compatible importer
e3ba63f6b83fdd6f59a1,Clipart/CLIPART/PEOPLE/P_MISC/FD520513.DRW,Clipart,drw,Legacy drawing format requires a compatible importer
e52d004ea1842110c379,Clipart/CLIPART/PEOPLE/P_MISC/FD520514.DRW,Clipart,drw,Legacy drawing format requires a compatible importer
233100d78bf26b335f1b,Clipart/CLIPART/PEOPLE/P_MISC/FD520515.DRW,Clipart,drw,Legacy drawing format requires a compatible importer
cd525128da9cb1791017,Clipart/CLIPART/PEOPLE/P_MISC/FD520516.DRW,Clipart,drw,Legacy drawing format requires a compatible importer
1afd7599c537881fa479,Clipart/CLIPART/PEOPLE/P_MISC/FD520517.DRW,Clipart,drw,Legacy drawing format requires a compatible importer
2c9e54333faec35b425e,Clipart/CLIPART/PEOPLE/P_MISC/FD520518.DRW,Clipart,drw,Legacy drawing format requires a compatible importer
448c1a91f65038ca8058,Clipart/CLIPART/PEOPLE/P_MISC/FD520519.DRW,Clipart,drw,Legacy drawing format requires a compatible importer
7ab131ac3344f2bb32ec,Clipart/CLIPART/PEOPLE/P_MISC/FD520520.DRW,Clipart,drw,Legacy drawing format requires a compatible importer
803f143b8adc7033a8e3,Clipart/CLIPART/PEOPLE/P_MISC/FD520521.DRW,Clipart,drw,Legacy drawing format requires a compatible importer
57d3719fc99be7ba74b9,Clipart/CLIPART/PEOPLE/P_MISC/FD520522.DRW,Clipart,drw,Legacy drawing format requires a compatible importer
5d827f474109688ace6d,Clipart/CLIPART/PEOPLE/P_MISC/FD520523.DRW,Clipart,drw,Legacy drawing format requires a compatible importer
da75a947dc98dead095e,Clipart/CLIPART/PEOPLE/P_MISC/FD520524.DRW,Clipart,drw,Legacy drawing format requires a compatible importer
10426549655499e7fa24,Clipart/CLIPART/PEOPLE/P_MISC/FD520525.DRW,Clipart,drw,Legacy drawing format requires a compatible importer
10778f63cfbeeb9676d1,Clipart/CLIPART/PEOPLE/P_MISC/FD520526.DRW,Clipart,drw,Legacy drawing format requires a compatible importer
861c31b63fd0610145cc,Clipart/CLIPART/PEOPLE/P_MISC/FD520527.DRW,Clipart,drw,Legacy drawing format requires a compatible importer
dea57a006f5a9325b394,Clipart/CLIPART/PEOPLE/P_MISC/FD520528.DRW,Clipart,drw,Legacy drawing format requires a compatible importer
aebd71ddf334a6cee85b,Clipart/CLIPART/PEOPLE/P_MISC/FD520529.DRW,Clipart,drw,Legacy drawing format requires a compatible importer
7aa933f6b124fba79f00,Clipart/CLIPART/PEOPLE/P_MISC/FD520530.DRW,Clipart,drw,Legacy drawing format requires a compatible importer
8ff894100f949f95e29d,Clipart/CLIPART/PEOPLE/P_MISC/FD520531.DRW,Clipart,drw,Legacy drawing format requires a compatible importer
44321f9a7c0e323c83bf,Clipart/CLIPART/PEOPLE/P_MISC/FD520532.DRW,Clipart,drw,Legacy drawing format requires a compatible importer
27f2ceda7fab603e5b4c,Clipart/CLIPART/PEOPLE/P_MISC/FD520533.DRW,Clipart,drw,Legacy drawing format requires a compatible importer
355dbf6de5523c163153,Clipart/CLIPART/PEOPLE/P_MISC/FD520534.DRW,Clipart,drw,Legacy drawing format requires a compatible importer
76ad654362dc3dadf29d,Clipart/CLIPART/PEOPLE/P_MISC/FD520535.DRW,Clipart,drw,Legacy drawing format requires a compatible importer
07ba15fd288991723ff1,Clipart/CLIPART/PEOPLE/P_MISC/FD520536.DRW,Clipart,drw,Legacy drawing format requires a compatible importer
02f49df34c799c664b4b,Clipart/CLIPART/PEOPLE/P_MISC/FD520537.DRW,Clipart,drw,Legacy drawing format requires a compatible importer
217d4589a2d005b707a4,Clipart/CLIPART/PEOPLE/P_MISC/FD520538.DRW,Clipart,drw,Legacy drawing format requires a compatible importer
835d4064c23c1826e895,Clipart/CLIPART/PEOPLE/P_MISC/FD520539.DRW,Clipart,drw,Legacy drawing format requires a compatible importer
be1a2e76b4f35da49d08,Clipart/CLIPART/PEOPLE/P_MISC/FD520540.DRW,Clipart,drw,Legacy drawing format requires a compatible importer
5797a0dc61a57316355b,Clipart/CLIPART/PEOPLE/P_MISC/FD520541.DRW,Clipart,drw,Legacy drawing format requires a compatible importer
0f7abbc71eedf11ad902,Clipart/CLIPART/PEOPLE/P_MISC/FD520542.DRW,Clipart,drw,Legacy drawing format requires a compatible importer
8594a898726ebd98cd03,Clipart/CLIPART/PEOPLE/P_MISC/FD520543.DRW,Clipart,drw,Legacy drawing format requires a compatible importer
7cd8b24a1ecb673c07a7,Clipart/CLIPART/PEOPLE/P_MISC/FD520544.DRW,Clipart,drw,Legacy drawing format requires a compatible importer
786539e753d1153a4226,Clipart/CLIPART/PEOPLE/P_MISC/FD520545.DRW,Clipart,drw,Legacy drawing format requires a compatible importer
d66079c8553f871b9b85,Clipart/CLIPART/PEOPLE/P_MISC/FD520546.DRW,Clipart,drw,Legacy drawing format requires a compatible importer
f05b64056395cc4784af,Clipart/CLIPART/PEOPLE/P_MISC/FD520547.DRW,Clipart,drw,Legacy drawing format requires a compatible importer
f99075c44c50d6a07a54,Clipart/CLIPART/PEOPLE/P_MISC/FD520548.DRW,Clipart,drw,Legacy drawing format requires a compatible importer
12bc59bc7187eb042eb0,Clipart/CLIPART/PEOPLE/P_MISC/FD520549.DRW,Clipart,drw,Legacy drawing format requires a compatible importer
8b05bbbade406dba20a7,Clipart/CLIPART/PEOPLE/P_MISC/FD520550.DRW,Clipart,drw,Legacy drawing format requires a compatible importer
2ab34bec836da94c8b4d,Clipart/CLIPART/PEOPLE/P_MISC/FD520551.DRW,Clipart,drw,Legacy drawing format requires a compatible importer
453a62fa3a1052b633f9,Clipart/CLIPART/PEOPLE/P_MISC/FD520552.DRW,Clipart,drw,Legacy drawing format requires a compatible importer
805ecfef4e14523a47dd,Clipart/CLIPART/PEOPLE/P_MISC/FD520553.DRW,Clipart,drw,Legacy drawing format requires a compatible importer
25ce072535a69b3b279b,Clipart/CLIPART/PEOPLE/P_MISC/FD520554.DRW,Clipart,drw,Legacy drawing format requires a compatible importer
8666d2c1b7d8aba7ca84,Clipart/CLIPART/PEOPLE/P_MISC/FD520555.DRW,Clipart,drw,Legacy drawing format requires a compatible importer
02f72db8083a6709eb9f,Clipart/CLIPART/PEOPLE/P_MISC/FD520556.DRW,Clipart,drw,Legacy drawing format requires a compatible importer
547bf0c3276580c846f5,Clipart/CLIPART/PEOPLE/P_MISC/FD520557.DRW,Clipart,drw,Legacy drawing format requires a compatible importer
829736267e391496ade1,Clipart/CLIPART/PEOPLE/P_MISC/FD520558.DRW,Clipart,drw,Legacy drawing format requires a compatible importer
f9fca70826e031954214,Clipart/CLIPART/PEOPLE/P_MISC/FD520559.DRW,Clipart,drw,Legacy drawing format requires a compatible importer
00a3540648af58584e2b,Clipart/CLIPART/PEOPLE/P_MISC/FD520560.DRW,Clipart,drw,Legacy drawing format requires a compatible importer
47563f3ffd080d240685,Clipart/CLIPART/PEOPLE/P_MISC/FD520561.DRW,Clipart,drw,Legacy drawing format requires a compatible importer
f30277b06d6af3f64965,Clipart/CLIPART/PEOPLE/P_MISC/FD520562.DRW,Clipart,drw,Legacy drawing format requires a compatible importer
9729a2328a9732f6a365,Clipart/CLIPART/PEOPLE/P_MISC/FD520563.DRW,Clipart,drw,Legacy drawing format requires a compatible importer
48758aa4583d55c3330e,Clipart/CLIPART/PEOPLE/P_MISC/FD520564.DRW,Clipart,drw,Legacy drawing format requires a compatible importer
7fec3f741303c7c91168,Clipart/CLIPART/PEOPLE/P_MISC/FD520565.DRW,Clipart,drw,Legacy drawing format requires a compatible importer
bfcb6f3f0fda60c1bd8c,Clipart/CLIPART/PEOPLE/P_MISC/FD520566.DRW,Clipart,drw,Legacy drawing format requires a compatible importer
352b4ba4a36b7f07d766,Clipart/CLIPART/PEOPLE/P_MISC/FD520567.DRW,Clipart,drw,Legacy drawing format requires a compatible importer
98abfd42e5b33ea7addb,Clipart/CLIPART/PEOPLE/P_MISC/FD520568.DRW,Clipart,drw,Legacy drawing format requires a compatible importer
c1988b6075d566fcd10d,Clipart/CLIPART/PEOPLE/P_MISC/FD520569.DRW,Clipart,drw,Legacy drawing format requires a compatible importer
05a08d23ecf5f362718f,Clipart/CLIPART/PEOPLE/P_MISC/FD520570.DRW,Clipart,drw,Legacy drawing format requires a compatible importer
6c535d3acfaafbb310ec,Clipart/CLIPART/PEOPLE/P_MISC/FD520571.DRW,Clipart,drw,Legacy drawing format requires a compatible importer
edd1ce049df945cd7601,Clipart/CLIPART/PEOPLE/P_MISC/FD520572.DRW,Clipart,drw,Legacy drawing format requires a compatible importer
1958be2a8850458c5189,Clipart/CLIPART/PEOPLE/P_MISC/FD520573.DRW,Clipart,drw,Legacy drawing format requires a compatible importer
b76cef24965b62e86a84,Clipart/CLIPART/PEOPLE/P_MISC/FD520574.DRW,Clipart,drw,Legacy drawing format requires a compatible importer
40aac786b76736e4b0f1,Clipart/CLIPART/PEOPLE/P_WORK/FD530000.DRW,Clipart,drw,Legacy drawing format requires a compatible importer
803b85443e93cdac7936,Clipart/CLIPART/PEOPLE/P_WORK/FD530001.DRW,Clipart,drw,Legacy drawing format requires a compatible importer
81228ff845f7decc0e44,Clipart/CLIPART/PEOPLE/P_WORK/FD530002.DRW,Clipart,drw,Legacy drawing format requires a compatible importer
fa44575dd1f04dec43df,Clipart/CLIPART/PEOPLE/P_WORK/FD530003.DRW,Clipart,drw,Legacy drawing format requires a compatible importer
211787e963888f4b8921,Clipart/CLIPART/PEOPLE/P_WORK/FD530004.DRW,Clipart,drw,Legacy drawing format requires a compatible importer
2b6408975181a5ade426,Clipart/CLIPART/PEOPLE/P_WORK/FD530005.DRW,Clipart,drw,Legacy drawing format requires a compatible importer
91bdae579289ca8944ce,Clipart/CLIPART/PEOPLE/P_WORK/FD530006.DRW,Clipart,drw,Legacy drawing format requires a compatible importer
4491863ece27220baafa,Clipart/CLIPART/PEOPLE/P_WORK/FD530007.DRW,Clipart,drw,Legacy drawing format requires a compatible importer
41f249d3c8e0decbf2b4,Clipart/CLIPART/PEOPLE/P_WORK/FD530008.DRW,Clipart,drw,Legacy drawing format requires a compatible importer
469312097b720ba05ffd,Clipart/CLIPART/PEOPLE/P_WORK/FD530009.DRW,Clipart,drw,Legacy drawing format requires a compatible importer
71b497283faf9199e338,Clipart/CLIPART/PEOPLE/P_WORK/FD530010.DRW,Clipart,drw,Legacy drawing format requires a compatible importer
831e41c951da0fc439d6,Clipart/CLIPART/PEOPLE/P_WORK/FD530011.DRW,Clipart,drw,Legacy drawing format requires a compatible importer
384c3ae03dfd759b8d6b,Clipart/CLIPART/PEOPLE/P_WORK/FD530012.DRW,Clipart,drw,Legacy drawing format requires a compatible importer
91406576433897f10859,Clipart/CLIPART/PEOPLE/P_WORK/FD530013.DRW,Clipart,drw,Legacy drawing format requires a compatible importer
4b85f4d5d96a4f581d1c,Clipart/CLIPART/PEOPLE/P_WORK/FD530014.DRW,Clipart,drw,Legacy drawing format requires a compatible importer
0d00c8eaff8cba1ffa3c,Clipart/CLIPART/PEOPLE/P_WORK/FD530015.DRW,Clipart,drw,Legacy drawing format requires a compatible importer
83fcaec369aa0af90fa8,Clipart/CLIPART/PEOPLE/P_WORK/FD530016.DRW,Clipart,drw,Legacy drawing format requires a compatible importer
e81c3236baa8fd249661,Clipart/CLIPART/PEOPLE/P_WORK/FD530017.DRW,Clipart,drw,Legacy drawing format requires a compatible importer
2de9efd8392592ad8d2f,Clipart/CLIPART/PEOPLE/P_WORK/FD530018.DRW,Clipart,drw,Legacy drawing format requires a compatible importer
00f56dbd84cf1242437d,Clipart/CLIPART/PEOPLE/P_WORK/FD530019.DRW,Clipart,drw,Legacy drawing format requires a compatible importer
5510c3d8d14ff7c5a3f3,Clipart/CLIPART/PEOPLE/P_WORK/FD530020.DRW,Clipart,drw,Legacy drawing format requires a compatible importer
f3032ee7f8c8044a446d,Clipart/CLIPART/PEOPLE/P_WORK/FD530021.DRW,Clipart,drw,Legacy drawing format requires a compatible importer
ba04d42afebc368d4501,Clipart/CLIPART/PEOPLE/P_WORK/FD530022.DRW,Clipart,drw,Legacy drawing format requires a compatible importer
edd1882b3e3e3b062a85,Clipart/CLIPART/PEOPLE/P_WORK/FD530023.DRW,Clipart,drw,Legacy drawing format requires a compatible importer
f76fb311808e3fcbbf63,Clipart/CLIPART/PEOPLE/P_WORK/FD530024.DRW,Clipart,drw,Legacy drawing format requires a compatible importer
f5f4c37872bae7da47f5,Clipart/CLIPART/PEOPLE/P_WORK/FD530025.DRW,Clipart,drw,Legacy drawing format requires a compatible importer
36df73443db3e34edd1f,Clipart/CLIPART/PEOPLE/P_WORK/FD530026.DRW,Clipart,drw,Legacy drawing format requires a compatible importer
79ce253c53207aedab4f,Clipart/CLIPART/PEOPLE/P_WORK/FD530027.DRW,Clipart,drw,Legacy drawing format requires a compatible importer
97e5421f4b6d8aec78cb,Clipart/CLIPART/PEOPLE/P_WORK/FD530028.DRW,Clipart,drw,Legacy drawing format requires a compatible importer
8a781be887d2db5b89b3,Clipart/CLIPART/PEOPLE/P_WORK/FD530029.DRW,Clipart,drw,Legacy drawing format requires a compatible importer
1dc890d6f8a5a4f411b3,Clipart/CLIPART/PEOPLE/P_WORK/FD530030.DRW,Clipart,drw,Legacy drawing format requires a compatible importer
2f1745ebdfa09e5da82f,Clipart/CLIPART/PEOPLE/P_WORK/FD530031.DRW,Clipart,drw,Legacy drawing format requires a compatible importer
870428d0022f16b1bfef,Clipart/CLIPART/PEOPLE/P_WORK/FD530032.DRW,Clipart,drw,Legacy drawing format requires a compatible importer
334eedd9c8a7c699285b,Clipart/CLIPART/PEOPLE/P_WORK/FD530033.DRW,Clipart,drw,Legacy drawing format requires a compatible importer
196dcbe8958ee2f43415,Clipart/CLIPART/PEOPLE/P_WORK/FD530034.DRW,Clipart,drw,Legacy drawing format requires a compatible importer
8878f14fa98995169c5c,Clipart/CLIPART/PEOPLE/P_WORK/FD530035.DRW,Clipart,drw,Legacy drawing format requires a compatible importer
5a24a4c86f9e34f7d311,Clipart/CLIPART/PEOPLE/P_WORK/FD530036.DRW,Clipart,drw,Legacy drawing format requires a compatible importer
0f6e6840361eea69781c,Clipart/CLIPART/PEOPLE/P_WORK/FD530037.DRW,Clipart,drw,Legacy drawing format requires a compatible importer
1fdf2d349ecb6b0d767f,Clipart/CLIPART/PEOPLE/P_WORK/FD530038.DRW,Clipart,drw,Legacy drawing format requires a compatible importer
e93f74a92785ce0684d9,Clipart/CLIPART/PEOPLE/P_WORK/FD530039.DRW,Clipart,drw,Legacy drawing format requires a compatible importer
bd98855d4e09dd1a58ef,Clipart/CLIPART/PEOPLE/P_WORK/FD530040.DRW,Clipart,drw,Legacy drawing format requires a compatible importer
61f78b9e18e05444d330,Clipart/CLIPART/PEOPLE/P_WORK/FD530041.DRW,Clipart,drw,Legacy drawing format requires a compatible importer
bb39bb9cca5de5fe30a0,Clipart/CLIPART/PEOPLE/P_WORK/FD530042.DRW,Clipart,drw,Legacy drawing format requires a compatible importer
3f5c5460b742fe9dc661,Clipart/CLIPART/PEOPLE/P_WORK/FD530043.DRW,Clipart,drw,Legacy drawing format requires a compatible importer
070157a7a0018789fc1d,Clipart/CLIPART/PEOPLE/P_WORK/FD530045.DRW,Clipart,drw,Legacy drawing format requires a compatible importer
fca0250781038592c25e,Clipart/CLIPART/PEOPLE/P_WORK/FD530046.DRW,Clipart,drw,Legacy drawing format requires a compatible importer
b279d9ddc9208ce4a72b,Clipart/CLIPART/PEOPLE/P_WORK/FD530047.DRW,Clipart,drw,Legacy drawing format requires a compatible importer
aac118c741aa617517d0,Clipart/CLIPART/PEOPLE/P_WORK/FD530048.DRW,Clipart,drw,Legacy drawing format requires a compatible importer
f2441d03b9a47a92409b,Clipart/CLIPART/PEOPLE/P_WORK/FD530049.DRW,Clipart,drw,Legacy drawing format requires a compatible importer
7e8afaad9bbdc1aec8ff,Clipart/CLIPART/PEOPLE/P_WORK/FD530050.DRW,Clipart,drw,Legacy drawing format requires a compatible importer
5f15e4a683b715adf3c1,Clipart/CLIPART/PEOPLE/P_WORK/FD530051.DRW,Clipart,drw,Legacy drawing format requires a compatible importer
98d05ebecb383b03c5c0,Clipart/CLIPART/PEOPLE/P_WORK/FD530052.DRW,Clipart,drw,Legacy drawing format requires a compatible importer
48baea2791f9fd31a59b,Clipart/CLIPART/PEOPLE/P_WORK/FD530053.DRW,Clipart,drw,Legacy drawing format requires a compatible importer
c8858dad94ce9af6edc2,Clipart/CLIPART/PEOPLE/P_WORK/FD530054.DRW,Clipart,drw,Legacy drawing format requires a compatible importer
5f409cf05f3e77a096b7,Clipart/CLIPART/PEOPLE/P_WORK/FD530055.DRW,Clipart,drw,Legacy drawing format requires a compatible importer
e6000b735c7e290a0b22,Clipart/CLIPART/PEOPLE/P_WORK/FD530056.DRW,Clipart,drw,Legacy drawing format requires a compatible importer
c421aeae344c42f54af7,Clipart/CLIPART/PEOPLE/P_WORK/FD530057.DRW,Clipart,drw,Legacy drawing format requires a compatible importer
7889db9908a7915a19c1,Clipart/CLIPART/PEOPLE/P_WORK/FD530058.DRW,Clipart,drw,Legacy drawing format requires a compatible importer
f171dd07f24cba432b0a,Clipart/CLIPART/PEOPLE/P_WORK/FD530059.DRW,Clipart,drw,Legacy drawing format requires a compatible importer
8635f633f6fc9e72e180,Clipart/CLIPART/PEOPLE/P_WORK/FD530060.DRW,Clipart,drw,Legacy drawing format requires a compatible importer
28e1d124bad4b18bbe81,Clipart/CLIPART/PEOPLE/P_WORK/FD530061.DRW,Clipart,drw,Legacy drawing format requires a compatible importer
9fd35b723c74b98c0d35,Clipart/CLIPART/PEOPLE/P_WORK/FD530062.DRW,Clipart,drw,Legacy drawing format requires a compatible importer
3a514174faf2c1a9b652,Clipart/CLIPART/PEOPLE/P_WORK/FD530063.DRW,Clipart,drw,Legacy drawing format requires a compatible importer
1e75635e0fdeeecf4af7,Clipart/CLIPART/PEOPLE/P_WORK/FD530064.DRW,Clipart,drw,Legacy drawing format requires a compatible importer
67a9c995d5da5f7fba68,Clipart/CLIPART/PEOPLE/P_WORK/FD530065.DRW,Clipart,drw,Legacy drawing format requires a compatible importer
0a8216b4d88363a052ea,Clipart/CLIPART/PEOPLE/P_WORK/FD530066.DRW,Clipart,drw,Legacy drawing format requires a compatible importer
ee1123c096f3f91a7785,Clipart/CLIPART/PEOPLE/P_WORK/FD530067.DRW,Clipart,drw,Legacy drawing format requires a compatible importer
6143d4fec956d6d6ce5c,Clipart/CLIPART/PEOPLE/P_WORK/FD530068.DRW,Clipart,drw,Legacy drawing format requires a compatible importer
0fe8970667256a11d6b7,Clipart/CLIPART/PEOPLE/P_WORK/FD530069.DRW,Clipart,drw,Legacy drawing format requires a compatible importer
d8b5e2db01d14ff81ba6,Clipart/CLIPART/PEOPLE/P_WORK/FD530070.DRW,Clipart,drw,Legacy drawing format requires a compatible importer
54a72faaf5332cba05fc,Clipart/CLIPART/PEOPLE/P_WORK/FD530071.DRW,Clipart,drw,Legacy drawing format requires a compatible importer
b0212b90a56bb104cc06,Clipart/CLIPART/PEOPLE/P_WORK/FD530072.DRW,Clipart,drw,Legacy drawing format requires a compatible importer
79563dcf7ba82a824cb9,Clipart/CLIPART/PEOPLE/P_WORK/FD530073.DRW,Clipart,drw,Legacy drawing format requires a compatible importer
07ffcf61f04fb4b20b96,Clipart/CLIPART/PEOPLE/P_WORK/FD530074.DRW,Clipart,drw,Legacy drawing format requires a compatible importer
677ada14db1d8734dd60,Clipart/CLIPART/PEOPLE/P_WORK/FD530075.DRW,Clipart,drw,Legacy drawing format requires a compatible importer
990b8dfbff46b8d0532d,Clipart/CLIPART/PEOPLE/P_WORK/FD530076.DRW,Clipart,drw,Legacy drawing format requires a compatible importer
70ecd6e2cf3ae34803dd,Clipart/CLIPART/PEOPLE/P_WORK/FD530077.DRW,Clipart,drw,Legacy drawing format requires a compatible importer
fa775c0295a3f2a0cc7c,Clipart/CLIPART/PEOPLE/P_WORK/FD530078.DRW,Clipart,drw,Legacy drawing format requires a compatible importer
4a7bc88f9b391a082dff,Clipart/CLIPART/PEOPLE/P_WORK/FD530079.DRW,Clipart,drw,Legacy drawing format requires a compatible importer
fd84e6c2297ba140e74f,Clipart/CLIPART/PEOPLE/P_WORK/FD530080.DRW,Clipart,drw,Legacy drawing format requires a compatible importer
d3b93e8acb6d19a0a97f,Clipart/CLIPART/PEOPLE/P_WORK/FD530081.DRW,Clipart,drw,Legacy drawing format requires a compatible importer
8aeea4590256c9145cd0,Clipart/CLIPART/PEOPLE/P_WORK/FD530082.DRW,Clipart,drw,Legacy drawing format requires a compatible importer
3685cb7d5a01b70c6057,Clipart/CLIPART/PEOPLE/P_WORK/FD530083.DRW,Clipart,drw,Legacy drawing format requires a compatible importer
c622af624dc53c377cfb,Clipart/CLIPART/PEOPLE/P_WORK/FD530084.DRW,Clipart,drw,Legacy drawing format requires a compatible importer
a03ce422b5cb7ddf86bb,Clipart/CLIPART/PEOPLE/P_WORK/FD530085.DRW,Clipart,drw,Legacy drawing format requires a compatible importer
db063cfc89f6b981a146,Clipart/CLIPART/PEOPLE/P_WORK/FD530086.DRW,Clipart,drw,Legacy drawing format requires a compatible importer
1eca2a7b855fe4d39712,Clipart/CLIPART/PEOPLE/P_WORK/FD530087.DRW,Clipart,drw,Legacy drawing format requires a compatible importer
6246348ef0e7880780e4,Clipart/CLIPART/PEOPLE/P_WORK/FD530088.DRW,Clipart,drw,Legacy drawing format requires a compatible importer
5b0b49e19097170413ea,Clipart/CLIPART/PEOPLE/P_WORK/FD530089.DRW,Clipart,drw,Legacy drawing format requires a compatible importer
bf591e6b5fa42f74e644,Clipart/CLIPART/PEOPLE/P_WORK/FD530090.DRW,Clipart,drw,Legacy drawing format requires a compatible importer
6c63831af1abe61bf057,Clipart/CLIPART/PEOPLE/P_WORK/FD530091.DRW,Clipart,drw,Legacy drawing format requires a compatible importer
0a8ca9d8853eef5f106b,Clipart/CLIPART/PEOPLE/P_WORK/FD530092.DRW,Clipart,drw,Legacy drawing format requires a compatible importer
eb3b70917d7e8494d9be,Clipart/CLIPART/PEOPLE/P_WORK/FD530093.DRW,Clipart,drw,Legacy drawing format requires a compatible importer
33bbb2af68d812da0b7b,Clipart/CLIPART/PEOPLE/P_WORK/FD530094.DRW,Clipart,drw,Legacy drawing format requires a compatible importer
ecabcc1b995b1c48a4ee,Clipart/CLIPART/PEOPLE/P_WORK/FD530095.DRW,Clipart,drw,Legacy drawing format requires a compatible importer
73c7ecb1e16b27bcb3f2,Clipart/CLIPART/PEOPLE/P_WORK/FD530096.DRW,Clipart,drw,Legacy drawing format requires a compatible importer
76b230d1a7405d409721,Clipart/CLIPART/PEOPLE/P_WORK/FD530097.DRW,Clipart,drw,Legacy drawing format requires a compatible importer
7a391454af53e4dd3a87,Clipart/CLIPART/PEOPLE/P_WORK/FD530098.DRW,Clipart,drw,Legacy drawing format requires a compatible importer
21b4e454d18f5e70164d,Clipart/CLIPART/PEOPLE/P_WORK/FD530099.DRW,Clipart,drw,Legacy drawing format requires a compatible importer
746953e32d23d8874c75,Clipart/CLIPART/PEOPLE/P_WORK/FD530100.DRW,Clipart,drw,Legacy drawing format requires a compatible importer
51a071fc06564ab97e92,Clipart/CLIPART/PEOPLE/P_WORK/FD530102.DRW,Clipart,drw,Legacy drawing format requires a compatible importer
dbc2a6f8ca0c0abbc47e,Clipart/CLIPART/PEOPLE/P_WORK/FD530103.DRW,Clipart,drw,Legacy drawing format requires a compatible importer
b60d8f46b2259f615794,Clipart/CLIPART/PEOPLE/P_WORK/FD530104.DRW,Clipart,drw,Legacy drawing format requires a compatible importer
7e3febcde6894d89ed1b,Clipart/CLIPART/PEOPLE/P_WORK/FD530105.DRW,Clipart,drw,Legacy drawing format requires a compatible importer
98d383eabf15deed6105,Clipart/CLIPART/PEOPLE/P_WORK/FD530106.DRW,Clipart,drw,Legacy drawing format requires a compatible importer
0ced2a3cc9fff3b05528,Clipart/CLIPART/PEOPLE/P_WORK/FD530107.DRW,Clipart,drw,Legacy drawing format requires a compatible importer
22e450a3d028115bbd58,Clipart/CLIPART/PEOPLE/P_WORK/FD530108.DRW,Clipart,drw,Legacy drawing format requires a compatible importer
5b05e5ccc60dd611361a,Clipart/CLIPART/PEOPLE/P_WORK/FD530109.DRW,Clipart,drw,Legacy drawing format requires a compatible importer
c7a633e33c08bd1440d5,Clipart/CLIPART/PEOPLE/P_WORK/FD530110.DRW,Clipart,drw,Legacy drawing format requires a compatible importer
d5b880cc822bf59fd584,Clipart/CLIPART/PEOPLE/P_WORK/FD530111.DRW,Clipart,drw,Legacy drawing format requires a compatible importer
382ccba981644467d460,Clipart/CLIPART/PEOPLE/P_WORK/FD530112.DRW,Clipart,drw,Legacy drawing format requires a compatible importer
3dda97b7eb3a3693a761,Clipart/CLIPART/PEOPLE/P_WORK/FD530113.DRW,Clipart,drw,Legacy drawing format requires a compatible importer
8c9371a53181daccda6d,Clipart/CLIPART/PEOPLE/P_WORK/FD530114.DRW,Clipart,drw,Legacy drawing format requires a compatible importer
6cba17985df03c900b13,Clipart/CLIPART/PEOPLE/P_WORK/FD530115.DRW,Clipart,drw,Legacy drawing format requires a compatible importer
94282e0b10fe93a95a27,Clipart/CLIPART/PEOPLE/P_WORK/FD530116.DRW,Clipart,drw,Legacy drawing format requires a compatible importer
e0736323e2a55b7e8764,Clipart/CLIPART/PEOPLE/P_WORK/FD530117.DRW,Clipart,drw,Legacy drawing format requires a compatible importer
dee6b81e3fef1ca0b46b,Clipart/CLIPART/PEOPLE/P_WORK/FD530118.DRW,Clipart,drw,Legacy drawing format requires a compatible importer
893711245c816c0e90e2,Clipart/CLIPART/PEOPLE/P_WORK/FD530119.DRW,Clipart,drw,Legacy drawing format requires a compatible importer
e71476c9f7046d33603d,Clipart/CLIPART/PEOPLE/P_WORK/FD530120.DRW,Clipart,drw,Legacy drawing format requires a compatible importer
16bdd6a483d7df74ed89,Clipart/CLIPART/PEOPLE/P_WORK/FD530121.DRW,Clipart,drw,Legacy drawing format requires a compatible importer
c156bf2c2a3966c88481,Clipart/CLIPART/PEOPLE/P_WORK/FD530122.DRW,Clipart,drw,Legacy drawing format requires a compatible importer
b305735b633654ee913d,Clipart/CLIPART/PEOPLE/P_WORK/FD530123.DRW,Clipart,drw,Legacy drawing format requires a compatible importer
533654d78195ff9d70da,Clipart/CLIPART/PEOPLE/P_WORK/FD530124.DRW,Clipart,drw,Legacy drawing format requires a compatible importer
b8ce360349cacd347734,Clipart/CLIPART/PEOPLE/P_WORK/FD530125.DRW,Clipart,drw,Legacy drawing format requires a compatible importer
094249d420d39ec58db3,Clipart/CLIPART/PEOPLE/P_WORK/FD530126.DRW,Clipart,drw,Legacy drawing format requires a compatible importer
7c0ce50858e31441eccc,Clipart/CLIPART/PEOPLE/P_WORK/FD530127.DRW,Clipart,drw,Legacy drawing format requires a compatible importer
670a215a7b49d02160e6,Clipart/CLIPART/PEOPLE/P_WORK/FD530128.DRW,Clipart,drw,Legacy drawing format requires a compatible importer
c6fad0f904294a8d8ffa,Clipart/CLIPART/PEOPLE/P_WORK/FD530129.DRW,Clipart,drw,Legacy drawing format requires a compatible importer
e43b9d099e672e42a9ff,Clipart/CLIPART/PEOPLE/P_WORK/FD530130.DRW,Clipart,drw,Legacy drawing format requires a compatible importer
0ad40280516b9c89cd98,Clipart/CLIPART/PEOPLE/P_WORK/FD530131.DRW,Clipart,drw,Legacy drawing format requires a compatible importer
9897b1fed6ff62308821,Clipart/CLIPART/PEOPLE/P_WORK/FD530132.DRW,Clipart,drw,Legacy drawing format requires a compatible importer
5bdfd3333985cf4c2ff7,Clipart/CLIPART/PEOPLE/P_WORK/FD530133.DRW,Clipart,drw,Legacy drawing format requires a compatible importer
4441470dd5e472a2d36a,Clipart/CLIPART/PEOPLE/P_WORK/FD530134.DRW,Clipart,drw,Legacy drawing format requires a compatible importer
adf5327834c6fede39a7,Clipart/CLIPART/PEOPLE/P_WORK/FD530135.DRW,Clipart,drw,Legacy drawing format requires a compatible importer
82c7b419c3d3dc5976bb,Clipart/CLIPART/PEOPLE/P_WORK/FD530136.DRW,Clipart,drw,Legacy drawing format requires a compatible importer
c9d0f1a49067106bb44a,Clipart/CLIPART/PEOPLE/P_WORK/FD530137.DRW,Clipart,drw,Legacy drawing format requires a compatible importer
82659581075789e653e7,Clipart/CLIPART/PEOPLE/P_WORK/FD530138.DRW,Clipart,drw,Legacy drawing format requires a compatible importer
aafe827d0155ac062adc,Clipart/CLIPART/PEOPLE/P_WORK/FD530139.DRW,Clipart,drw,Legacy drawing format requires a compatible importer
d9bbc981f43f445b7652,Clipart/CLIPART/PEOPLE/P_WORK/FD530140.DRW,Clipart,drw,Legacy drawing format requires a compatible importer
85879837368815835849,Clipart/CLIPART/PEOPLE/US_PRES/11600.DRW,Clipart,drw,Legacy drawing format requires a compatible importer
b583f88ffda5667c2dcb,Clipart/CLIPART/PEOPLE/US_PRES/11601.DRW,Clipart,drw,Legacy drawing format requires a compatible importer
c7f6d97d2a673dfedebf,Clipart/CLIPART/PEOPLE/US_PRES/11602.DRW,Clipart,drw,Legacy drawing format requires a compatible importer
ecfeb1d967cefcbb78bc,Clipart/CLIPART/PEOPLE/US_PRES/11603.DRW,Clipart,drw,Legacy drawing format requires a compatible importer
c7bd60b79ef536cb6284,Clipart/CLIPART/PEOPLE/US_PRES/11604.DRW,Clipart,drw,Legacy drawing format requires a compatible importer
4acec3cb901ee4590bf3,Clipart/CLIPART/PEOPLE/US_PRES/11605.DRW,Clipart,drw,Legacy drawing format requires a compatible importer
c7c611a073e636c59a9e,Clipart/CLIPART/PEOPLE/US_PRES/11606.DRW,Clipart,drw,Legacy drawing format requires a compatible importer
5fc47563aa50900e45c0,Clipart/CLIPART/PEOPLE/US_PRES/11607.DRW,Clipart,drw,Legacy drawing format requires a compatible importer
a5c34a95a5569e96bde4,Clipart/CLIPART/PEOPLE/US_PRES/11608.DRW,Clipart,drw,Legacy drawing format requires a compatible importer
79b36961a08c7d829d04,Clipart/CLIPART/PEOPLE/US_PRES/11609.DRW,Clipart,drw,Legacy drawing format requires a compatible importer
3b4f693d29cf77774a29,Clipart/CLIPART/PEOPLE/US_PRES/11610.DRW,Clipart,drw,Legacy drawing format requires a compatible importer
17969fa7d3257647a90a,Clipart/CLIPART/PEOPLE/US_PRESI.SBJ,Clipart,sbj,Container or non-image metadata; preserved in original archive
9b7aa4d504478ec2e8b1,Clipart/CLIPART/TEMPLATE/BABYSTIK/BABYSTK1.DRW,Clipart,drw,Legacy drawing format requires a compatible importer
6601589a9ec0ee8724eb,Clipart/CLIPART/TEMPLATE/BABYSTIK/BABYSTK2.DRW,Clipart,drw,Legacy drawing format requires a compatible importer
f1b3165f7a3419d1bf48,Clipart/CLIPART/TEMPLATE/BABYSTIK.SBJ,Clipart,sbj,Container or non-image metadata; preserved in original archive
551c3c30aa12d98398f0,Clipart/CLIPART/TEMPLATE/BADGE/BADGEC01.DRW,Clipart,drw,Legacy drawing format requires a compatible importer
20c798574e1146209263,Clipart/CLIPART/TEMPLATE/BADGE/BADGEC02.DRW,Clipart,drw,Legacy drawing format requires a compatible importer
dae8de835882c4fcfeb8,Clipart/CLIPART/TEMPLATE/BADGE/BADGEC03.DRW,Clipart,drw,Legacy drawing format requires a compatible importer
40dc46f45d6005bc1c83,Clipart/CLIPART/TEMPLATE/BADGE/BADGEC04.DRW,Clipart,drw,Legacy drawing format requires a compatible importer
509472370cf91a048842,Clipart/CLIPART/TEMPLATE/BADGE.SBJ,Clipart,sbj,Container or non-image metadata; preserved in original archive
41263c9239f386574039,Clipart/CLIPART/TEMPLATE/BIRTHDAY/BDAY1.DRW,Clipart,drw,Legacy drawing format requires a compatible importer
91847a2b09226eb069f5,Clipart/CLIPART/TEMPLATE/BIRTHDAY/BDAY2.DRW,Clipart,drw,Legacy drawing format requires a compatible importer
2e7f7fc5e1ef4c9c3a60,Clipart/CLIPART/TEMPLATE/BIRTHDAY/BDAY3.DRW,Clipart,drw,Legacy drawing format requires a compatible importer
b7d37dc64729b17b3214,Clipart/CLIPART/TEMPLATE/BIRTHDAY/NEWBORN1.DRW,Clipart,drw,Legacy drawing format requires a compatible importer
437b6d93cd9a6f04f2d5,Clipart/CLIPART/TEMPLATE/BIRTHDAY/NEWBORN2.DRW,Clipart,drw,Legacy drawing format requires a compatible importer
0ec880c7b93883affc1b,Clipart/CLIPART/TEMPLATE/BIRTHDAY.SBJ,Clipart,sbj,Container or non-image metadata; preserved in original archive
1d29f440774b5af65291,Clipart/CLIPART/TEMPLATE/BLOCK/BLOCK1.DRW,Clipart,drw,Legacy drawing format requires a compatible importer
a3b0f0bc1258d6b921c7,Clipart/CLIPART/TEMPLATE/BLOCK/BLOCK2.DRW,Clipart,drw,Legacy drawing format requires a compatible importer
b3e0e795e58bc3bc4411,Clipart/CLIPART/TEMPLATE/BLOCK/BLOCK3.DRW,Clipart,drw,Legacy drawing format requires a compatible importer
81a577c87390deb864a8,Clipart/CLIPART/TEMPLATE/BLOCK/BLOCK4.DRW,Clipart,drw,Legacy drawing format requires a compatible importer
7002ac817137127ef6e8,Clipart/CLIPART/TEMPLATE/BLOCK/BLOCK5.DRW,Clipart,drw,Legacy drawing format requires a compatible importer
d7b72c862590bce70b61,Clipart/CLIPART/TEMPLATE/BLOCK.SBJ,Clipart,sbj,Container or non-image metadata; preserved in original archive
4c3a85d539fc88532681,Clipart/CLIPART/TEMPLATE/BUSINESS/8610.DRW,Clipart,drw,Legacy drawing format requires a compatible importer
f6e156471d72638bbb5d,Clipart/CLIPART/TEMPLATE/BUSINESS/8611.DRW,Clipart,drw,Legacy drawing format requires a compatible importer
f14956932b779655b084,Clipart/CLIPART/TEMPLATE/BUSINESS/8612.DRW,Clipart,drw,Legacy drawing format requires a compatible importer
d13673b48b5e681e0b23,Clipart/CLIPART/TEMPLATE/BUSINESS/ICONSINC.DRW,Clipart,drw,Legacy drawing format requires a compatible importer
f4675f4096e179c22bf9,Clipart/CLIPART/TEMPLATE/BUSINESS.SBJ,Clipart,sbj,Container or non-image metadata; preserved in original archive
4ac9fa6d6b72fbd1b611,Clipart/CLIPART/TEMPLATE/CALENDAR/8202.DRW,Clipart,drw,Legacy drawing format requires a compatible importer
189bf370b3b411e0d08c,Clipart/CLIPART/TEMPLATE/CALENDAR/8241.DRW,Clipart,drw,Legacy drawing format requires a compatible importer
4ed971913fd2d9061e46,Clipart/CLIPART/TEMPLATE/CALENDAR/8279.DRW,Clipart,drw,Legacy drawing format requires a compatible importer
f433d85943de7d7032f1,Clipart/CLIPART/TEMPLATE/CALENDAR/8339.DRW,Clipart,drw,Legacy drawing format requires a compatible importer
728c1a4ea6a8dd46bd98,Clipart/CLIPART/TEMPLATE/CALENDAR.SBJ,Clipart,sbj,Container or non-image metadata; preserved in original archive
01dcbf98430a03068340,Clipart/CLIPART/TEMPLATE/CARDS/CARDS.DRW,Clipart,drw,Legacy drawing format requires a compatible importer
8797bccc8b320245c98c,Clipart/CLIPART/TEMPLATE/CARDS.SBJ,Clipart,sbj,Container or non-image metadata; preserved in original archive
8e6aaf2c7ae11574a2c6,Clipart/CLIPART/TEMPLATE/CARTOON/3150.DRW,Clipart,drw,Legacy drawing format requires a compatible importer
b1910bba7d79124b7395,Clipart/CLIPART/TEMPLATE/CARTOON/3153.DRW,Clipart,drw,Legacy drawing format requires a compatible importer
01a1a7f2ccf957f2bc5d,Clipart/CLIPART/TEMPLATE/CARTOON/CHILDREN.DRW,Clipart,drw,Legacy drawing format requires a compatible importer
9fab1e021b0fe6ad8209,Clipart/CLIPART/TEMPLATE/CARTOON/MEN.DRW,Clipart,drw,Legacy drawing format requires a compatible importer
2a81cb4218a011cb02e8,Clipart/CLIPART/TEMPLATE/CARTOON/MEN2.DRW,Clipart,drw,Legacy drawing format requires a compatible importer
e2a453eabfd0a023e8a5,Clipart/CLIPART/TEMPLATE/CARTOON/MEN3.DRW,Clipart,drw,Legacy drawing format requires a compatible importer
ebaca3967762cb211316,Clipart/CLIPART/TEMPLATE/CARTOON/PUZZLE20.DRW,Clipart,drw,Legacy drawing format requires a compatible importer
69ede04e1c63c22b431b,Clipart/CLIPART/TEMPLATE/CARTOON/PUZZLE63.DRW,Clipart,drw,Legacy drawing format requires a compatible importer
2014411775b38a8b8124,Clipart/CLIPART/TEMPLATE/CARTOON/WOMEN1.DRW,Clipart,drw,Legacy drawing format requires a compatible importer
aadc60c45d7d98702009,Clipart/CLIPART/TEMPLATE/CARTOON/WOMEN2.DRW,Clipart,drw,Legacy drawing format requires a compatible importer
55f3bc6b96546a6d5f5c,Clipart/CLIPART/TEMPLATE/CARTOON.SBJ,Clipart,sbj,Container or non-image metadata; preserved in original archive
4bba804af84819a4b8a1,Clipart/CLIPART/TEMPLATE/CASTLE/CASTCLP1.DRW,Clipart,drw,Legacy drawing format requires a compatible importer
725424f11de51f0c5052,Clipart/CLIPART/TEMPLATE/CASTLE/CASTCLP2.DRW,Clipart,drw,Legacy drawing format requires a compatible importer
712caf67c154bfbed3b6,Clipart/CLIPART/TEMPLATE/CASTLE/CASTCLP3.DRW,Clipart,drw,Legacy drawing format requires a compatible importer
537058bb0ef347dcf05f,Clipart/CLIPART/TEMPLATE/CASTLE/DRAGONS.DRW,Clipart,drw,Legacy drawing format requires a compatible importer
40956f13727ac6d60ca3,Clipart/CLIPART/TEMPLATE/CASTLE/PUZZLE20.DRW,Clipart,drw,Legacy drawing format requires a compatible importer
c8e0275eb14ca092c740,Clipart/CLIPART/TEMPLATE/CASTLE/PUZZLE63.DRW,Clipart,drw,Legacy drawing format requires a compatible importer
00e96c9409e5359185ef,Clipart/CLIPART/TEMPLATE/CASTLE.SBJ,Clipart,sbj,Container or non-image metadata; preserved in original archive
204c180f70150607dc69,Clipart/CLIPART/TEMPLATE/CDCOVER/10804.DRW,Clipart,drw,Legacy drawing format requires a compatible importer
d871197541c023afc05f,Clipart/CLIPART/TEMPLATE/CDCOVER/10805.DRW,Clipart,drw,Legacy drawing format requires a compatible importer
a0464982915389459cf3,Clipart/CLIPART/TEMPLATE/CDCOVER/3021.DRW,Clipart,drw,Legacy drawing format requires a compatible importer
3b93ce7f0e19842c0cd4,Clipart/CLIPART/TEMPLATE/CDCOVER/CDBLANK.DRW,Clipart,drw,Legacy drawing format requires a compatible importer
0b91b1fd6e3512ce1715,Clipart/CLIPART/TEMPLATE/CDCOVER/CDCOVER.DRW,Clipart,drw,Legacy drawing format requires a compatible importer
dd62316012962690cb66,Clipart/CLIPART/TEMPLATE/CDCOVER/TAPEBLNK.DRW,Clipart,drw,Legacy drawing format requires a compatible importer
f04f06eba4ad9ed7b906,Clipart/CLIPART/TEMPLATE/CDCOVER.SBJ,Clipart,sbj,Container or non-image metadata; preserved in original archive
b1cc5163599d5b938795,Clipart/CLIPART/TEMPLATE/CERTIFIC/CERTCLIP.DRW,Clipart,drw,Legacy drawing format requires a compatible importer
ecf668262d5f640b26d2,Clipart/CLIPART/TEMPLATE/CERTIFIC.SBJ,Clipart,sbj,Container or non-image metadata; preserved in original archive
397fe6f826a33e6aac88,Clipart/CLIPART/TEMPLATE/COMPARE/COMPARE.DRW,Clipart,drw,Legacy drawing format requires a compatible importer
e5a04f96ec15e7a95f57,Clipart/CLIPART/TEMPLATE/COMPARE.SBJ,Clipart,sbj,Container or non-image metadata; preserved in original archive
9ed617e84ecb41df836d,Clipart/CLIPART/TEMPLATE/DINOSAUR/1150.DRW,Clipart,drw,Legacy drawing format requires a compatible importer
68518b83d84cde588105,Clipart/CLIPART/TEMPLATE/DINOSAUR/1151.DRW,Clipart,drw,Legacy drawing format requires a compatible importer
f2f4198672d6c8e1a8ea,Clipart/CLIPART/TEMPLATE/DINOSAUR/1152.DRW,Clipart,drw,Legacy drawing format requires a compatible importer
8723153943c78efcc3d6,Clipart/CLIPART/TEMPLATE/DINOSAUR/1153.DRW,Clipart,drw,Legacy drawing format requires a compatible importer
83657ec5588b18df2926,Clipart/CLIPART/TEMPLATE/DINOSAUR/1154.DRW,Clipart,drw,Legacy drawing format requires a compatible importer
792efc442027fc65cd26,Clipart/CLIPART/TEMPLATE/DINOSAUR/1155.DRW,Clipart,drw,Legacy drawing format requires a compatible importer
43ec59c034a0e8c79817,Clipart/CLIPART/TEMPLATE/DINOSAUR/PUZZLE20.DRW,Clipart,drw,Legacy drawing format requires a compatible importer
9582465a5bb588a6eaf6,Clipart/CLIPART/TEMPLATE/DINOSAUR/PUZZLE63.DRW,Clipart,drw,Legacy drawing format requires a compatible importer
d9824c78ca26750d62c1,Clipart/CLIPART/TEMPLATE/DINOSAUR.SBJ,Clipart,sbj,Container or non-image metadata; preserved in original archive
3dd9a4136c65d58ac929,Clipart/CLIPART/TEMPLATE/DOLLS/BOYGARB1.DRW,Clipart,drw,Legacy drawing format requires a compatible importer
c5622b3590ddfd7bfdf1,Clipart/CLIPART/TEMPLATE/DOLLS/BOYGARB2.DRW,Clipart,drw,Legacy drawing format requires a compatible importer
5704cb9db1e1e63d86e6,Clipart/CLIPART/TEMPLATE/DOLLS/GIRLGARB.DRW,Clipart,drw,Legacy drawing format requires a compatible importer
318a7d0bd05b5b276337,Clipart/CLIPART/TEMPLATE/DOLLS/MANGARB1.DRW,Clipart,drw,Legacy drawing format requires a compatible importer
edcc46d61cd1785617fb,Clipart/CLIPART/TEMPLATE/DOLLS/MANGARB2.DRW,Clipart,drw,Legacy drawing format requires a compatible importer
c124c495d80aade73cc1,Clipart/CLIPART/TEMPLATE/DOLLS/MANGARB3.DRW,Clipart,drw,Legacy drawing format requires a compatible importer
7f99aa19253a2d6bb44f,Clipart/CLIPART/TEMPLATE/DOLLS/WOMNGRB1.DRW,Clipart,drw,Legacy drawing format requires a compatible importer
10f7520596d0f74557a8,Clipart/CLIPART/TEMPLATE/DOLLS/WOMNGRB2.DRW,Clipart,drw,Legacy drawing format requires a compatible importer
f960e639a6673e2fcbf3,Clipart/CLIPART/TEMPLATE/DOLLS.SBJ,Clipart,sbj,Container or non-image metadata; preserved in original archive
8655319592aabfc87d5e,Clipart/CLIPART/TEMPLATE/FLOW/FLOWCHAR.DRW,Clipart,drw,Legacy drawing format requires a compatible importer
5e535e5023bb9180f1a4,Clipart/CLIPART/TEMPLATE/FLOW.SBJ,Clipart,sbj,Container or non-image metadata; preserved in original archive
6891c915610f209fef88,Clipart/CLIPART/TEMPLATE/GAMES/GAMES.DRW,Clipart,drw,Legacy drawing format requires a compatible importer
4f83bbaa947e06981e2a,Clipart/CLIPART/TEMPLATE/GAMES.SBJ,Clipart,sbj,Container or non-image metadata; preserved in original archive
7e919818cfd47e1a7ed3,Clipart/CLIPART/TEMPLATE/GRADUATE/GRADCLIP.DRW,Clipart,drw,Legacy drawing format requires a compatible importer
665d0de3d0c18a57274b,Clipart/CLIPART/TEMPLATE/GRADUATE.SBJ,Clipart,sbj,Container or non-image metadata; preserved in original archive
9431856bc95e93a86c14,Clipart/CLIPART/TEMPLATE/INTERNET/IGBULLET.DRT,Clipart,drt,Legacy drawing format requires a compatible importer
b0e6a9e7b5b8da6be40f,Clipart/CLIPART/TEMPLATE/INTERNET/IGBULLET.DRW,Clipart,drw,Legacy drawing format requires a compatible importer
1d6e66412959a18ad076,Clipart/CLIPART/TEMPLATE/INTERNET/IGBUTNS1.DRT,Clipart,drt,Legacy drawing format requires a compatible importer
803c36f13a0930ab264b,Clipart/CLIPART/TEMPLATE/INTERNET/IGBUTNS1.DRW,Clipart,drw,Legacy drawing format requires a compatible importer
9e7d1bfd42ccec5086eb,Clipart/CLIPART/TEMPLATE/INTERNET/IGLINES.DRT,Clipart,drt,Legacy drawing format requires a compatible importer
5d1b47187dfaf79a38e8,Clipart/CLIPART/TEMPLATE/INTERNET/IGLINES.DRW,Clipart,drw,Legacy drawing format requires a compatible importer
02faf138525a2e5038bb,Clipart/CLIPART/TEMPLATE/INTERNET/IGLINES2.DRT,Clipart,drt,Legacy drawing format requires a compatible importer
845240d524b334950f49,Clipart/CLIPART/TEMPLATE/INTERNET/IGLINES2.DRW,Clipart,drw,Legacy drawing format requires a compatible importer
4e1873ef489621b1677e,Clipart/CLIPART/TEMPLATE/MAPS/MAP_CLIP.DRW,Clipart,drw,Legacy drawing format requires a compatible importer
c6b536dc56deecacb7fe,Clipart/CLIPART/TEMPLATE/MAPS.SBJ,Clipart,sbj,Container or non-image metadata; preserved in original archive
86272a05d5ebee69c6b0,Clipart/CLIPART/TEMPLATE/MEMOPAD/MEMOCLIP.DRW,Clipart,drw,Legacy drawing format requires a compatible importer
9af979e99af54e759fa5,Clipart/CLIPART/TEMPLATE/MEMOPAD/MEMOCLP2.DRW,Clipart,drw,Legacy drawing format requires a compatible importer
145f9a004ea9cd7b660c,Clipart/CLIPART/TEMPLATE/MEMOPAD.SBJ,Clipart,sbj,Container or non-image metadata; preserved in original archive
7fdfe1248f4385b3e951,Clipart/CLIPART/TEMPLATE/MONEY/MONYCLIP.DRW,Clipart,drw,Legacy drawing format requires a compatible importer
0c960c5bcab83a51d770,Clipart/CLIPART/TEMPLATE/MONEY.SBJ,Clipart,sbj,Container or non-image metadata; preserved in original archive
ddf15cef7b7ff9aaa2f9,Clipart/CLIPART/TEMPLATE/NETWORK/NETWORK.DRW,Clipart,drw,Legacy drawing format requires a compatible importer
a900daf14bfb191dd108,Clipart/CLIPART/TEMPLATE/NETWORK.SBJ,Clipart,sbj,Container or non-image metadata; preserved in original archive
66d5ac04e79c7f868ccd,Clipart/CLIPART/TEMPLATE/OCEAN/OCEAN1.DRW,Clipart,drw,Legacy drawing format requires a compatible importer
a4cd5175f5a9b40e142c,Clipart/CLIPART/TEMPLATE/OCEAN/OCEAN2.DRW,Clipart,drw,Legacy drawing format requires a compatible importer
b3aec07211fefd3f0b02,Clipart/CLIPART/TEMPLATE/OCEAN/OCEAN3.DRW,Clipart,drw,Legacy drawing format requires a compatible importer
44563c569f1e8c95633f,Clipart/CLIPART/TEMPLATE/OCEAN/OCEAN4.DRW,Clipart,drw,Legacy drawing format requires a compatible importer
e4c5cd5fd44b21a2a14c,Clipart/CLIPART/TEMPLATE/OCEAN/OCEAN5.DRW,Clipart,drw,Legacy drawing format requires a compatible importer
795fe73ca9878339046d,Clipart/CLIPART/TEMPLATE/OCEAN/PUZZLE20.DRW,Clipart,drw,Legacy drawing format requires a compatible importer
46f0fcb2022fd699053a,Clipart/CLIPART/TEMPLATE/OCEAN/PUZZLE63.DRW,Clipart,drw,Legacy drawing format requires a compatible importer
941c40595a79e4cb640a,Clipart/CLIPART/TEMPLATE/OCEAN.SBJ,Clipart,sbj,Container or non-image metadata; preserved in original archive
cd327adcf4ccbf49f2b7,Clipart/CLIPART/TEMPLATE/ORGCHART/ORGCHAR1.DRW,Clipart,drw,Legacy drawing format requires a compatible importer
f3f3f77d3173988bfdfe,Clipart/CLIPART/TEMPLATE/ORGCHART/ORGCHAR2.DRW,Clipart,drw,Legacy drawing format requires a compatible importer
25202f800d00f2b76a67,Clipart/CLIPART/TEMPLATE/ORGCHART.SBJ,Clipart,sbj,Container or non-image metadata; preserved in original archive
75bfbca19f396f7efe19,Clipart/CLIPART/TEMPLATE/SPACE/SPACECLP.DRW,Clipart,drw,Legacy drawing format requires a compatible importer
5f894afe18f1dd333b66,Clipart/CLIPART/TEMPLATE/SPACE.SBJ,Clipart,sbj,Container or non-image metadata; preserved in original archive
d164ad95abb8f13d1055,Clipart/CLIPART/TEMPLATE/SPORTS/PLAYERS.DRW,Clipart,drw,Legacy drawing format requires a compatible importer
7c57bdd1a6125bede202,Clipart/CLIPART/TEMPLATE/SPORTS/SPORTS.DRW,Clipart,drw,Legacy drawing format requires a compatible importer
79fa8d1802dbe2309802,Clipart/CLIPART/TEMPLATE/SPORTS/SPORTSYM.DRW,Clipart,drw,Legacy drawing format requires a compatible importer
f6f41e014b6833fb0e47,Clipart/CLIPART/TEMPLATE/SPORTS.SBJ,Clipart,sbj,Container or non-image metadata; preserved in original archive
c584e34e65ba0e8bf61c,Clipart/CLIPART/TEMPLATE/STORYBK/BOYS1.DRW,Clipart,drw,Legacy drawing format requires a compatible importer
7b26c5192b71fcf54c13,Clipart/CLIPART/TEMPLATE/STORYBK/BOYS2.DRW,Clipart,drw,Legacy drawing format requires a compatible importer
39cd690d002d477338bb,Clipart/CLIPART/TEMPLATE/STORYBK/BOYS3.DRW,Clipart,drw,Legacy drawing format requires a compatible importer
b751e769a83c4c25817e,Clipart/CLIPART/TEMPLATE/STORYBK/BOYS4.DRW,Clipart,drw,Legacy drawing format requires a compatible importer
942fa7fd778ca1367bca,Clipart/CLIPART/TEMPLATE/STORYBK/GIRLS1.DRW,Clipart,drw,Legacy drawing format requires a compatible importer
d4c94137fcc72c890aaf,Clipart/CLIPART/TEMPLATE/STORYBK/GIRLS2.DRW,Clipart,drw,Legacy drawing format requires a compatible importer
e0ac77e90e71df9deea5,Clipart/CLIPART/TEMPLATE/STORYBK/GIRLS3.DRW,Clipart,drw,Legacy drawing format requires a compatible importer
5e29aa7dbac29277980b,Clipart/CLIPART/TEMPLATE/STORYBK/GIRLS4.DRW,Clipart,drw,Legacy drawing format requires a compatible importer
6cdfbdf7114e52f46098,Clipart/CLIPART/TEMPLATE/STORYBOK.SBJ,Clipart,sbj,Container or non-image metadata; preserved in original archive
76ec4ca84c695434ea90,Clipart/CLIPART/TEMPLATE/WEB_PAGE.SBJ,Clipart,sbj,Container or non-image metadata; preserved in original archive
e652d43e3cdbc81dc5f0,Clipart/CLIPART/TEMPLATE/WEDDING/ANNIVER1.DRW,Clipart,drw,Legacy drawing format requires a compatible importer
6630063d274b474bfcb5,Clipart/CLIPART/TEMPLATE/WEDDING/ANNIVER2.DRW,Clipart,drw,Legacy drawing format requires a compatible importer
2d5d3a7043223caaa67a,Clipart/CLIPART/TEMPLATE/WEDDING/WEDCLIP.DRW,Clipart,drw,Legacy drawing format requires a compatible importer
3ddce48284e3ed7f320f,Clipart/CLIPART/TEMPLATE/WEDDING.SBJ,Clipart,sbj,Container or non-image metadata; preserved in original archive
75e9f4ab514ec742250a,Clipart/CLIPART/TRANSPOR/AIR/12850.DRW,Clipart,drw,Legacy drawing format requires a compatible importer
44f802890572f679b8ed,Clipart/CLIPART/TRANSPOR/AIR/12851.DRW,Clipart,drw,Legacy drawing format requires a compatible importer
2399db8759528bad5602,Clipart/CLIPART/TRANSPOR/AIR/12852.DRW,Clipart,drw,Legacy drawing format requires a compatible importer
cf167ae0fe66b44981aa,Clipart/CLIPART/TRANSPOR/AIR/12853.DRW,Clipart,drw,Legacy drawing format requires a compatible importer
7c422edb7734ecc17cf1,Clipart/CLIPART/TRANSPOR/AIR/12854.DRW,Clipart,drw,Legacy drawing format requires a compatible importer
3c541657b3b22b411738,Clipart/CLIPART/TRANSPOR/AIR/12855.DRW,Clipart,drw,Legacy drawing format requires a compatible importer
341d6f5723c997f6385c,Clipart/CLIPART/TRANSPOR/AIR/12856.DRW,Clipart,drw,Legacy drawing format requires a compatible importer
bbf734f0a5821e85c8d0,Clipart/CLIPART/TRANSPOR/AIR/12857.DRW,Clipart,drw,Legacy drawing format requires a compatible importer
194f8daff08f2a711c3a,Clipart/CLIPART/TRANSPOR/AIR/12858.DRW,Clipart,drw,Legacy drawing format requires a compatible importer
4851c43c64f778201bbb,Clipart/CLIPART/TRANSPOR/AIR/12859.DRW,Clipart,drw,Legacy drawing format requires a compatible importer
f1fd97f420694432a755,Clipart/CLIPART/TRANSPOR/AIR.SBJ,Clipart,sbj,Container or non-image metadata; preserved in original archive
5d44f5ca74a31aae1892,Clipart/CLIPART/TRANSPOR/GROUND/12900.DRW,Clipart,drw,Legacy drawing format requires a compatible importer
71bfe14e07618177407a,Clipart/CLIPART/TRANSPOR/GROUND/12901.DRW,Clipart,drw,Legacy drawing format requires a compatible importer
5ff22df1a29ac75697fd,Clipart/CLIPART/TRANSPOR/GROUND/12902.DRW,Clipart,drw,Legacy drawing format requires a compatible importer
e401a20405a355552b60,Clipart/CLIPART/TRANSPOR/GROUND/12903.DRW,Clipart,drw,Legacy drawing format requires a compatible importer
bb060f9616832b1c43ca,Clipart/CLIPART/TRANSPOR/GROUND/12904.DRW,Clipart,drw,Legacy drawing format requires a compatible importer
c718d558fc6ba973b1cb,Clipart/CLIPART/TRANSPOR/GROUND/12905.DRW,Clipart,drw,Legacy drawing format requires a compatible importer
cb4b06563d95f1739c69,Clipart/CLIPART/TRANSPOR/GROUND/12906.DRW,Clipart,drw,Legacy drawing format requires a compatible importer
d488ce5a300f99a7c34b,Clipart/CLIPART/TRANSPOR/GROUND/12907.DRW,Clipart,drw,Legacy drawing format requires a compatible importer
4e1763d04f4eb44ef55a,Clipart/CLIPART/TRANSPOR/GROUND/12908.DRW,Clipart,drw,Legacy drawing format requires a compatible importer
f7e10ced4b8cd7bfb7bb,Clipart/CLIPART/TRANSPOR/GROUND/12909.DRW,Clipart,drw,Legacy drawing format requires a compatible importer
bdbe0831338b6f80b016,Clipart/CLIPART/TRANSPOR/GROUND/12910.DRW,Clipart,drw,Legacy drawing format requires a compatible importer
ce453e70b66a013e2ad3,Clipart/CLIPART/TRANSPOR/GROUND/12911.DRW,Clipart,drw,Legacy drawing format requires a compatible importer
d55c1e25005b90fc1833,Clipart/CLIPART/TRANSPOR/GROUND/12912.DRW,Clipart,drw,Legacy drawing format requires a compatible importer
9e0f9a0c04487bdb8e28,Clipart/CLIPART/TRANSPOR/GROUND/12913.DRW,Clipart,drw,Legacy drawing format requires a compatible importer
bb44ead0562454e537d3,Clipart/CLIPART/TRANSPOR/GROUND/12914.DRW,Clipart,drw,Legacy drawing format requires a compatible importer
fe1b379a20d606a802bc,Clipart/CLIPART/TRANSPOR/GROUND/12915.DRW,Clipart,drw,Legacy drawing format requires a compatible importer
c7e4f63c8c47d751dc20,Clipart/CLIPART/TRANSPOR/GROUND/12916.DRW,Clipart,drw,Legacy drawing format requires a compatible importer
ec1e6badea8415dacb2c,Clipart/CLIPART/TRANSPOR/GROUND/12917.DRW,Clipart,drw,Legacy drawing format requires a compatible importer
279f7a0508248e11ad55,Clipart/CLIPART/TRANSPOR/GROUND/12918.DRW,Clipart,drw,Legacy drawing format requires a compatible importer
221bd4f0e1e0c0e432ca,Clipart/CLIPART/TRANSPOR/GROUND/12919.DRW,Clipart,drw,Legacy drawing format requires a compatible importer
04e67fa1189c21a642a2,Clipart/CLIPART/TRANSPOR/GROUND/12920.DRW,Clipart,drw,Legacy drawing format requires a compatible importer
e44302c538f93e8ccff3,Clipart/CLIPART/TRANSPOR/GROUND/12921.DRW,Clipart,drw,Legacy drawing format requires a compatible importer
0c8c57c700b360e1c1f5,Clipart/CLIPART/TRANSPOR/GROUND/12922.DRW,Clipart,drw,Legacy drawing format requires a compatible importer
98c3f65f1d6398a6ff2b,Clipart/CLIPART/TRANSPOR/GROUND/12923.DRW,Clipart,drw,Legacy drawing format requires a compatible importer
a327d0e8f369051369dd,Clipart/CLIPART/TRANSPOR/GROUND/12924.DRW,Clipart,drw,Legacy drawing format requires a compatible importer
389bcf75c3c94130a810,Clipart/CLIPART/TRANSPOR/GROUND/12925.DRW,Clipart,drw,Legacy drawing format requires a compatible importer
e0ce10418e82a8ade7d4,Clipart/CLIPART/TRANSPOR/GROUND/12926.DRW,Clipart,drw,Legacy drawing format requires a compatible importer
95ee19dbb43d75a13776,Clipart/CLIPART/TRANSPOR/GROUND/12927.DRW,Clipart,drw,Legacy drawing format requires a compatible importer
0c7e5255fa3ce02407d2,Clipart/CLIPART/TRANSPOR/GROUND/12928.DRW,Clipart,drw,Legacy drawing format requires a compatible importer
3b75a5e2a5854c19790a,Clipart/CLIPART/TRANSPOR/GROUND/12929.DRW,Clipart,drw,Legacy drawing format requires a compatible importer
5793034599aecc7b76d3,Clipart/CLIPART/TRANSPOR/GROUND.SBJ,Clipart,sbj,Container or non-image metadata; preserved in original archive
2cbe64a64f4adecc895b,Clipart/CLIPART/TRANSPOR/SEA/12950.DRW,Clipart,drw,Legacy drawing format requires a compatible importer
0f1794eca2c506369dc6,Clipart/CLIPART/TRANSPOR/SEA/12951.DRW,Clipart,drw,Legacy drawing format requires a compatible importer
cb7fec89332640848919,Clipart/CLIPART/TRANSPOR/SEA/12952.DRW,Clipart,drw,Legacy drawing format requires a compatible importer
a65789f218c44d6756c4,Clipart/CLIPART/TRANSPOR/SEA/12953.DRW,Clipart,drw,Legacy drawing format requires a compatible importer
37531dc1bca4ea08644e,Clipart/CLIPART/TRANSPOR/SEA/12954.DRW,Clipart,drw,Legacy drawing format requires a compatible importer
138eb084a036361902bd,Clipart/CLIPART/TRANSPOR/SEA/12955.DRW,Clipart,drw,Legacy drawing format requires a compatible importer
54c4c9b88af668af46f0,Clipart/CLIPART/TRANSPOR/SEA/12956.DRW,Clipart,drw,Legacy drawing format requires a compatible importer
239487c08919505fa580,Clipart/CLIPART/TRANSPOR/SEA/12957.DRW,Clipart,drw,Legacy drawing format requires a compatible importer
f0504d8abaf8e1237496,Clipart/CLIPART/TRANSPOR/SEA/12958.DRW,Clipart,drw,Legacy drawing format requires a compatible importer
1aef98f11ad50bea9f80,Clipart/CLIPART/TRANSPOR/SEA/12959.DRW,Clipart,drw,Legacy drawing format requires a compatible importer
3e6435c8d88d3d98e18e,Clipart/CLIPART/TRANSPOR/SEA/12960.DRW,Clipart,drw,Legacy drawing format requires a compatible importer
8af6c7e0e50d4a86a115,Clipart/CLIPART/TRANSPOR/SEA/12961.DRW,Clipart,drw,Legacy drawing format requires a compatible importer
ae8ab424f122b73e0644,Clipart/CLIPART/TRANSPOR/SEA.SBJ,Clipart,sbj,Container or non-image metadata; preserved in original archive
2c59bc7a12f6fda70f76,Clipart/CLIPART/TRANSPOR/TRANSPOR.SBJ,Clipart,sbj,Container or non-image metadata; preserved in original archive
c6b7a0526fe60e2c7922,Clipart/CLIPART/TRANSPOR/TRANSP_1.SBJ,Clipart,sbj,Container or non-image metadata; preserved in original archive
e0df6acf39ec823638c0,Clipart/CLIPART/TRANSPOR/TRANSP_2.SBJ,Clipart,sbj,Container or non-image metadata; preserved in original archive
b01e15571d137671211f,Clipart/CLIPART/TRANSPOR/TRAN_AIR/FD710000.DRW,Clipart,drw,Legacy drawing format requires a compatible importer
04e21a7104c21771a94b,Clipart/CLIPART/TRANSPOR/TRAN_AIR/FD710001.DRW,Clipart,drw,Legacy drawing format requires a compatible importer
3265eec9699d0a2d9f96,Clipart/CLIPART/TRANSPOR/TRAN_AIR/FD710002.DRW,Clipart,drw,Legacy drawing format requires a compatible importer
6167b053433d19755067,Clipart/CLIPART/TRANSPOR/TRAN_AIR/FD710003.DRW,Clipart,drw,Legacy drawing format requires a compatible importer
fca2f7c933a7e87f7658,Clipart/CLIPART/TRANSPOR/TRAN_AIR/FD710004.DRW,Clipart,drw,Legacy drawing format requires a compatible importer
1b96f390c27bbd1da515,Clipart/CLIPART/TRANSPOR/TRAN_AIR/FD710005.DRW,Clipart,drw,Legacy drawing format requires a compatible importer
1fb10d1455b1d67a6cd1,Clipart/CLIPART/TRANSPOR/TRAN_AIR/FD710006.DRW,Clipart,drw,Legacy drawing format requires a compatible importer
1912a7f8add9c29def92,Clipart/CLIPART/TRANSPOR/TRAN_AIR/FD710007.DRW,Clipart,drw,Legacy drawing format requires a compatible importer
e78b01f69bf1b5aa8641,Clipart/CLIPART/TRANSPOR/TRAN_AIR/FD710008.DRW,Clipart,drw,Legacy drawing format requires a compatible importer
c59f601538d730f14e0a,Clipart/CLIPART/TRANSPOR/TRAN_AIR/FD710009.DRW,Clipart,drw,Legacy drawing format requires a compatible importer
bd7a57e2c2503d92417f,Clipart/CLIPART/TRANSPOR/TRAN_AIR/FD710010.DRW,Clipart,drw,Legacy drawing format requires a compatible importer
defa7a5a7e5e29c67657,Clipart/CLIPART/TRANSPOR/TRAN_AIR/FD710011.DRW,Clipart,drw,Legacy drawing format requires a compatible importer
3a50584521cf7d57aa3f,Clipart/CLIPART/TRANSPOR/TRAN_AIR/FD710012.DRW,Clipart,drw,Legacy drawing format requires a compatible importer
c9fdb1e64fc88f3b00bd,Clipart/CLIPART/TRANSPOR/TRAN_AIR/FD710013.DRW,Clipart,drw,Legacy drawing format requires a compatible importer
ba1cded44cce4bd29dbc,Clipart/CLIPART/TRANSPOR/TRAN_AIR/FD710014.DRW,Clipart,drw,Legacy drawing format requires a compatible importer
16fbb51ac7310c454739,Clipart/CLIPART/TRANSPOR/TRAN_AIR/FD710015.DRW,Clipart,drw,Legacy drawing format requires a compatible importer
7f0280dcda9f1e66d433,Clipart/CLIPART/TRANSPOR/TRAN_AIR/FD710016.DRW,Clipart,drw,Legacy drawing format requires a compatible importer
fb6b30f7f3489a5fd5ef,Clipart/CLIPART/TRANSPOR/TRAN_AIR/FD710017.DRW,Clipart,drw,Legacy drawing format requires a compatible importer
2ee43122bbd305a0eed6,Clipart/CLIPART/TRANSPOR/TRAN_AIR/FD710018.DRW,Clipart,drw,Legacy drawing format requires a compatible importer
6751eb1eeff90b547987,Clipart/CLIPART/TRANSPOR/TRAN_AIR/FD710019.DRW,Clipart,drw,Legacy drawing format requires a compatible importer
140b9f44ed8259fdfe65,Clipart/CLIPART/TRANSPOR/TRAN_AIR/FD710022.DRW,Clipart,drw,Legacy drawing format requires a compatible importer
cd439208ee0d59a857d4,Clipart/CLIPART/TRANSPOR/TRAN_AIR/FD710023.DRW,Clipart,drw,Legacy drawing format requires a compatible importer
f97e89fb3520ab58482a,Clipart/CLIPART/TRANSPOR/TRAN_AIR/FD710024.DRW,Clipart,drw,Legacy drawing format requires a compatible importer
c4e2875aa5897649d6cd,Clipart/CLIPART/TRANSPOR/TRAN_AIR/FD710025.DRW,Clipart,drw,Legacy drawing format requires a compatible importer
8fb6d4d4cd7195f85e4e,Clipart/CLIPART/TRANSPOR/TRAN_AIR/FD710026.DRW,Clipart,drw,Legacy drawing format requires a compatible importer
c14d41ade7dd5cf71d25,Clipart/CLIPART/TRANSPOR/TRAN_AIR/FD710027.DRW,Clipart,drw,Legacy drawing format requires a compatible importer
ecd3da75921b1ab6eb5a,Clipart/CLIPART/TRANSPOR/TRAN_AIR/FD710028.DRW,Clipart,drw,Legacy drawing format requires a compatible importer
fee8610818defcff11d9,Clipart/CLIPART/TRANSPOR/TRAN_AIR/FD710029.DRW,Clipart,drw,Legacy drawing format requires a compatible importer
5c36dfd52c433b6dc3e9,Clipart/CLIPART/TRANSPOR/TRAN_AIR/FD710030.DRW,Clipart,drw,Legacy drawing format requires a compatible importer
37b30f66343296627a65,Clipart/CLIPART/TRANSPOR/TRAN_AIR/FD710031.DRW,Clipart,drw,Legacy drawing format requires a compatible importer
80a642a206fcc9f569cc,Clipart/CLIPART/TRANSPOR/TRAN_AIR/FD710032.DRW,Clipart,drw,Legacy drawing format requires a compatible importer
dba0f343799f4d1881ca,Clipart/CLIPART/TRANSPOR/TRAN_AIR/FD710033.DRW,Clipart,drw,Legacy drawing format requires a compatible importer
30d7ae6294f068a8f1a8,Clipart/CLIPART/TRANSPOR/TRAN_AIR/FD710034.DRW,Clipart,drw,Legacy drawing format requires a compatible importer
4beb27bb833442292da0,Clipart/CLIPART/TRANSPOR/TRAN_AIR/FD710035.DRW,Clipart,drw,Legacy drawing format requires a compatible importer
27719e2b653e3c82b1e0,Clipart/CLIPART/TRANSPOR/TRAN_AIR/FD710036.DRW,Clipart,drw,Legacy drawing format requires a compatible importer
ff5336edc295e7d2ec16,Clipart/CLIPART/TRANSPOR/TRAN_AIR/FD710037.DRW,Clipart,drw,Legacy drawing format requires a compatible importer
f15bce8858a1ebe9b0f9,Clipart/CLIPART/TRANSPOR/TRAN_AIR/FD710038.DRW,Clipart,drw,Legacy drawing format requires a compatible importer
2532a4b186fc47aa0f29,Clipart/CLIPART/TRANSPOR/TRAN_AIR/FD710039.DRW,Clipart,drw,Legacy drawing format requires a compatible importer
4a6877d38c1464fb7f23,Clipart/CLIPART/TRANSPOR/TRAN_AIR/FD710040.DRW,Clipart,drw,Legacy drawing format requires a compatible importer
4a01372c44d24f8e6233,Clipart/CLIPART/TRANSPOR/TRAN_AIR/FD710041.DRW,Clipart,drw,Legacy drawing format requires a compatible importer
bd39851b770506956b15,Clipart/CLIPART/TRANSPOR/TRAN_AIR/FD710042.DRW,Clipart,drw,Legacy drawing format requires a compatible importer
18a4c2b57ff6d7dfa3fd,Clipart/CLIPART/TRANSPOR/TRAN_AIR/FD710043.DRW,Clipart,drw,Legacy drawing format requires a compatible importer
66807f3b055d4f15926a,Clipart/CLIPART/TRANSPOR/TRAN_AIR/FD710044.DRW,Clipart,drw,Legacy drawing format requires a compatible importer
047568ece8154cf30b63,Clipart/CLIPART/TRANSPOR/TRAN_AIR/FD710045.DRW,Clipart,drw,Legacy drawing format requires a compatible importer
002fea1de49fd9a2dad6,Clipart/CLIPART/TRANSPOR/TRAN_AIR/FD710046.DRW,Clipart,drw,Legacy drawing format requires a compatible importer
0faac97565362d51d45a,Clipart/CLIPART/TRANSPOR/TRAN_AIR/FD710047.DRW,Clipart,drw,Legacy drawing format requires a compatible importer
ec23c22eac1daaddfc47,Clipart/CLIPART/TRANSPOR/TRAN_AIR/FD710048.DRW,Clipart,drw,Legacy drawing format requires a compatible importer
adb44912f017baf8d888,Clipart/CLIPART/TRANSPOR/TRAN_AIR/FD710049.DRW,Clipart,drw,Legacy drawing format requires a compatible importer
854b423bd610d7fe8192,Clipart/CLIPART/TRANSPOR/TRAN_AIR/FD710050.DRW,Clipart,drw,Legacy drawing format requires a compatible importer
3af8f4bc56bd7be753c1,Clipart/CLIPART/TRANSPOR/TRAN_AIR/FD710051.DRW,Clipart,drw,Legacy drawing format requires a compatible importer
a453527e308e1794c58f,Clipart/CLIPART/TRANSPOR/TRAN_AIR/FD710052.DRW,Clipart,drw,Legacy drawing format requires a compatible importer
ad2e321d47f887cfb08d,Clipart/CLIPART/TRANSPOR/TRAN_AIR/FD710053.DRW,Clipart,drw,Legacy drawing format requires a compatible importer
05a13effb75cef3627bc,Clipart/CLIPART/TRANSPOR/TRAN_AIR/FD710054.DRW,Clipart,drw,Legacy drawing format requires a compatible importer
81723cf16b7434b9c34e,Clipart/CLIPART/TRANSPOR/TRAN_AIR/FD710055.DRW,Clipart,drw,Legacy drawing format requires a compatible importer
facc776f104924db5326,Clipart/CLIPART/TRANSPOR/TRAN_AIR/FD710056.DRW,Clipart,drw,Legacy drawing format requires a compatible importer
af445455a4035e4e9d64,Clipart/CLIPART/TRANSPOR/TRAN_AIR/FD710057.DRW,Clipart,drw,Legacy drawing format requires a compatible importer
35a6149854d2c62ed3be,Clipart/CLIPART/TRANSPOR/TRAN_AIR/FD710058.DRW,Clipart,drw,Legacy drawing format requires a compatible importer
2f591439029fd2597d7b,Clipart/CLIPART/TRANSPOR/TRAN_AIR/FD710059.DRW,Clipart,drw,Legacy drawing format requires a compatible importer
4d2556a2dd522f33fa03,Clipart/CLIPART/TRANSPOR/TRAN_AIR/FD710060.DRW,Clipart,drw,Legacy drawing format requires a compatible importer
9eac2b88b70bee770fd4,Clipart/CLIPART/TRANSPOR/TRAN_AIR/FD710062.DRW,Clipart,drw,Legacy drawing format requires a compatible importer
a5c919eb32ab76477830,Clipart/CLIPART/TRANSPOR/TRAN_AIR/FD710063.DRW,Clipart,drw,Legacy drawing format requires a compatible importer
3d5fd68187a9631ffae5,Clipart/CLIPART/TRANSPOR/TRAN_AIR/FD710064.DRW,Clipart,drw,Legacy drawing format requires a compatible importer
7508d1e6f5307f3009a2,Clipart/CLIPART/TRANSPOR/TRAN_AIR/FD710065.DRW,Clipart,drw,Legacy drawing format requires a compatible importer
2fb6763cdf549d82bf9c,Clipart/CLIPART/TRANSPOR/TRAN_AIR/FD710066.DRW,Clipart,drw,Legacy drawing format requires a compatible importer
742599d9c97c07c9a972,Clipart/CLIPART/TRANSPOR/TRAN_AIR/FD710067.DRW,Clipart,drw,Legacy drawing format requires a compatible importer
756cf85120f147dadb13,Clipart/CLIPART/TRANSPOR/TRAN_AIR/FD710068.DRW,Clipart,drw,Legacy drawing format requires a compatible importer
e585d86541af02e64d14,Clipart/CLIPART/TRANSPOR/TRAN_AIR/FD710069.DRW,Clipart,drw,Legacy drawing format requires a compatible importer
d379bd2092e17b09621e,Clipart/CLIPART/TRANSPOR/TRAN_AIR/FD710070.DRW,Clipart,drw,Legacy drawing format requires a compatible importer
d27398d4bb0e78fc7688,Clipart/CLIPART/TRANSPOR/TRAN_AIR/FD710071.DRW,Clipart,drw,Legacy drawing format requires a compatible importer
1f191cd871ecfd4d03c7,Clipart/CLIPART/TRANSPOR/TRAN_AIR/FD710072.DRW,Clipart,drw,Legacy drawing format requires a compatible importer
3dbfabdd65c33d2501c3,Clipart/CLIPART/TRANSPOR/TRAN_GND/FD720011.DRW,Clipart,drw,Legacy drawing format requires a compatible importer
7928f31b4687ace3391b,Clipart/CLIPART/TRANSPOR/TRAN_GND/FD720012.DRW,Clipart,drw,Legacy drawing format requires a compatible importer
1d20dac0e1c901449fd8,Clipart/CLIPART/TRANSPOR/TRAN_GND/FD720013.DRW,Clipart,drw,Legacy drawing format requires a compatible importer
0b565ad5fd183667cef8,Clipart/CLIPART/TRANSPOR/TRAN_GND/FD720014.DRW,Clipart,drw,Legacy drawing format requires a compatible importer
0d4eba390cfb594237e4,Clipart/CLIPART/TRANSPOR/TRAN_GND/FD720015.DRW,Clipart,drw,Legacy drawing format requires a compatible importer
d05c3de6694770983943,Clipart/CLIPART/TRANSPOR/TRAN_GND/FD720016.DRW,Clipart,drw,Legacy drawing format requires a compatible importer
11da2ed6df0922cd4fdd,Clipart/CLIPART/TRANSPOR/TRAN_GND/FD720017.DRW,Clipart,drw,Legacy drawing format requires a compatible importer
6ca67e2d6aafc4df9ec1,Clipart/CLIPART/TRANSPOR/TRAN_GND/FD720018.DRW,Clipart,drw,Legacy drawing format requires a compatible importer
02c99543c587452993af,Clipart/CLIPART/TRANSPOR/TRAN_GND/FD720019.DRW,Clipart,drw,Legacy drawing format requires a compatible importer
c0569552a86abd37244c,Clipart/CLIPART/TRANSPOR/TRAN_GND/FD720020.DRW,Clipart,drw,Legacy drawing format requires a compatible importer
d1f6956bb484bf780b44,Clipart/CLIPART/TRANSPOR/TRAN_GND/FD720021.DRW,Clipart,drw,Legacy drawing format requires a compatible importer
185ad34bc2fd4dd7523c,Clipart/CLIPART/TRANSPOR/TRAN_GND/FD720022.DRW,Clipart,drw,Legacy drawing format requires a compatible importer
3626db740113cd3f8c9f,Clipart/CLIPART/TRANSPOR/TRAN_GND/FD720024.DRW,Clipart,drw,Legacy drawing format requires a compatible importer
8abcc03b70d6f8498153,Clipart/CLIPART/TRANSPOR/TRAN_GND/FD720025.DRW,Clipart,drw,Legacy drawing format requires a compatible importer
f0a32e326c9088618d62,Clipart/CLIPART/TRANSPOR/TRAN_GND/FD720027.DRW,Clipart,drw,Legacy drawing format requires a compatible importer
e297f4d9ad0eefe89f8d,Clipart/CLIPART/TRANSPOR/TRAN_GND/FD720028.DRW,Clipart,drw,Legacy drawing format requires a compatible importer
ed576c6366873c639858,Clipart/CLIPART/TRANSPOR/TRAN_GND/FD720029.DRW,Clipart,drw,Legacy drawing format requires a compatible importer
c78ba5ccb53414492f07,Clipart/CLIPART/TRANSPOR/TRAN_GND/FD720030.DRW,Clipart,drw,Legacy drawing format requires a compatible importer
3dcb2305a1646cb7d1bb,Clipart/CLIPART/TRANSPOR/TRAN_GND/FD720034.DRW,Clipart,drw,Legacy drawing format requires a compatible importer
50947bc1f1eba61286cd,Clipart/CLIPART/TRANSPOR/TRAN_GND/FD720035.DRW,Clipart,drw,Legacy drawing format requires a compatible importer
27bbdfec5458e16f9efd,Clipart/CLIPART/TRANSPOR/TRAN_GND/FD720037.DRW,Clipart,drw,Legacy drawing format requires a compatible importer
90602f15e352143fae8b,Clipart/CLIPART/TRANSPOR/TRAN_GND/FD720038.DRW,Clipart,drw,Legacy drawing format requires a compatible importer
5360be20f59cfc515b74,Clipart/CLIPART/TRANSPOR/TRAN_GND/FD720039.DRW,Clipart,drw,Legacy drawing format requires a compatible importer
d60cafed04e2916784c6,Clipart/CLIPART/TRANSPOR/TRAN_GND/FD720040.DRW,Clipart,drw,Legacy drawing format requires a compatible importer
c29bfe705267d17e9b0e,Clipart/CLIPART/TRANSPOR/TRAN_GND/FD720041.DRW,Clipart,drw,Legacy drawing format requires a compatible importer
8bfe10669bbe0175a539,Clipart/CLIPART/TRANSPOR/TRAN_GND/FD720042.DRW,Clipart,drw,Legacy drawing format requires a compatible importer
9240e6ad4f82f8b15e0e,Clipart/CLIPART/TRANSPOR/TRAN_GND/FD720043.DRW,Clipart,drw,Legacy drawing format requires a compatible importer
837a9931b0126676d1f6,Clipart/CLIPART/TRANSPOR/TRAN_GND/FD720044.DRW,Clipart,drw,Legacy drawing format requires a compatible importer
928cc49ee0ffb5549551,Clipart/CLIPART/TRANSPOR/TRAN_GND/FD720045.DRW,Clipart,drw,Legacy drawing format requires a compatible importer
0362cc33b481d3d1de92,Clipart/CLIPART/TRANSPOR/TRAN_GND/FD720046.DRW,Clipart,drw,Legacy drawing format requires a compatible importer
e84d711a0afe2d8f3e13,Clipart/CLIPART/TRANSPOR/TRAN_GND/FD720047.DRW,Clipart,drw,Legacy drawing format requires a compatible importer
64883af227e8647b4297,Clipart/CLIPART/TRANSPOR/TRAN_GND/FD720048.DRW,Clipart,drw,Legacy drawing format requires a compatible importer
585ca9dd3ca5ac7ef230,Clipart/CLIPART/TRANSPOR/TRAN_GND/FD720049.DRW,Clipart,drw,Legacy drawing format requires a compatible importer
79b047f21aeca19465e4,Clipart/CLIPART/TRANSPOR/TRAN_GND/FD720050.DRW,Clipart,drw,Legacy drawing format requires a compatible importer
7eb791926d780d19310a,Clipart/CLIPART/TRANSPOR/TRAN_GND/FD720051.DRW,Clipart,drw,Legacy drawing format requires a compatible importer
88e0207025b1d0ce0843,Clipart/CLIPART/TRANSPOR/TRAN_GND/FD720053.DRW,Clipart,drw,Legacy drawing format requires a compatible importer
6e1bf97f0f41e0692ad2,Clipart/CLIPART/TRANSPOR/TRAN_GND/FD720054.DRW,Clipart,drw,Legacy drawing format requires a compatible importer
833001c7d35de3f3ce95,Clipart/CLIPART/TRANSPOR/TRAN_GND/FD720055.DRW,Clipart,drw,Legacy drawing format requires a compatible importer
b7c4ca7fcf39dbd3f5f3,Clipart/CLIPART/TRANSPOR/TRAN_GND/FD720056.DRW,Clipart,drw,Legacy drawing format requires a compatible importer
5ae909e9e6b05f268e29,Clipart/CLIPART/TRANSPOR/TRAN_GND/FD720057.DRW,Clipart,drw,Legacy drawing format requires a compatible importer
3fa37fe766f5c11ec387,Clipart/CLIPART/TRANSPOR/TRAN_GND/FD720058.DRW,Clipart,drw,Legacy drawing format requires a compatible importer
261f55d2bb0b7fb65972,Clipart/CLIPART/TRANSPOR/TRAN_GND/FD720059.DRW,Clipart,drw,Legacy drawing format requires a compatible importer
2da3ea47a38988e52f4e,Clipart/CLIPART/TRANSPOR/TRAN_GND/FD720060.DRW,Clipart,drw,Legacy drawing format requires a compatible importer
5aaee3f18c26fc14f1ca,Clipart/CLIPART/TRANSPOR/TRAN_GND/FD720061.DRW,Clipart,drw,Legacy drawing format requires a compatible importer
9dc7f1608e8c5a280c4a,Clipart/CLIPART/TRANSPOR/TRAN_GND/FD720062.DRW,Clipart,drw,Legacy drawing format requires a compatible importer
bb16db10263e5c7cec6d,Clipart/CLIPART/TRANSPOR/TRAN_GND/FD720063.DRW,Clipart,drw,Legacy drawing format requires a compatible importer
2ef22377f49b7ba702a6,Clipart/CLIPART/TRANSPOR/TRAN_GND/FD720064.DRW,Clipart,drw,Legacy drawing format requires a compatible importer
5ee9ab527f742c400cee,Clipart/CLIPART/TRANSPOR/TRAN_GND/FD720065.DRW,Clipart,drw,Legacy drawing format requires a compatible importer
dc7f0079c5ca96ddfc5f,Clipart/CLIPART/TRANSPOR/TRAN_GND/FD720067.DRW,Clipart,drw,Legacy drawing format requires a compatible importer
a3c42d15e59f4bc4e0ff,Clipart/CLIPART/TRANSPOR/TRAN_GND/FD720068.DRW,Clipart,drw,Legacy drawing format requires a compatible importer
5ae3306b0b41ec6a086e,Clipart/CLIPART/TRANSPOR/TRAN_GND/FD720069.DRW,Clipart,drw,Legacy drawing format requires a compatible importer
83679af1f89c499f9e9c,Clipart/CLIPART/TRANSPOR/TRAN_GND/FD720070.DRW,Clipart,drw,Legacy drawing format requires a compatible importer
8759feb6e5870bf05386,Clipart/CLIPART/TRANSPOR/TRAN_GND/FD720071.DRW,Clipart,drw,Legacy drawing format requires a compatible importer
98fbf8aae185f5b64978,Clipart/CLIPART/TRANSPOR/TRAN_GND/FD720072.DRW,Clipart,drw,Legacy drawing format requires a compatible importer
5af8218ead286d4c28a5,Clipart/CLIPART/TRANSPOR/TRAN_GND/FD720073.DRW,Clipart,drw,Legacy drawing format requires a compatible importer
ac628e4cb650e8417f0c,Clipart/CLIPART/TRANSPOR/TRAN_GND/FD720074.DRW,Clipart,drw,Legacy drawing format requires a compatible importer
7b7c20d0fb5e66e885eb,Clipart/CLIPART/TRANSPOR/TRAN_GND/FD720075.DRW,Clipart,drw,Legacy drawing format requires a compatible importer
739dbbd0d4bdd770bd08,Clipart/CLIPART/TRANSPOR/TRAN_GND/FD720076.DRW,Clipart,drw,Legacy drawing format requires a compatible importer
ef63fae684ecd1e3856a,Clipart/CLIPART/TRANSPOR/TRAN_GND/FD720077.DRW,Clipart,drw,Legacy drawing format requires a compatible importer
e9093214f86c5aa5aa44,Clipart/CLIPART/TRANSPOR/TRAN_GND/FD720078.DRW,Clipart,drw,Legacy drawing format requires a compatible importer
6cde09a00b57231aeecc,Clipart/CLIPART/TRANSPOR/TRAN_GND/FD720079.DRW,Clipart,drw,Legacy drawing format requires a compatible importer
6996a7626b443babe3a4,Clipart/CLIPART/TRANSPOR/TRAN_GND/FD720080.DRW,Clipart,drw,Legacy drawing format requires a compatible importer
8b1f447a16cd39925da9,Clipart/CLIPART/TRANSPOR/TRAN_GND/FD720081.DRW,Clipart,drw,Legacy drawing format requires a compatible importer
e56871fb80d841eb9a40,Clipart/CLIPART/TRANSPOR/TRAN_GND/FD720082.DRW,Clipart,drw,Legacy drawing format requires a compatible importer
3a869209b073e1cc32b2,Clipart/CLIPART/TRANSPOR/TRAN_GND/FD720083.DRW,Clipart,drw,Legacy drawing format requires a compatible importer
72aabc13d5c5de21243c,Clipart/CLIPART/TRANSPOR/TRAN_GND/FD720084.DRW,Clipart,drw,Legacy drawing format requires a compatible importer
9895cdcfea77382ee7cd,Clipart/CLIPART/TRANSPOR/TRAN_GND/FD720085.DRW,Clipart,drw,Legacy drawing format requires a compatible importer
b405d20c50f61e7a49c1,Clipart/CLIPART/TRANSPOR/TRAN_GND/FD720086.DRW,Clipart,drw,Legacy drawing format requires a compatible importer
51c0d88b47f7738a1f4d,Clipart/CLIPART/TRANSPOR/TRAN_GND/FD720087.DRW,Clipart,drw,Legacy drawing format requires a compatible importer
c98b1c0c309459bc69c5,Clipart/CLIPART/TRANSPOR/TRAN_GND/FD720088.DRW,Clipart,drw,Legacy drawing format requires a compatible importer
d31ee3f54b6f72d1e712,Clipart/CLIPART/TRANSPOR/TRAN_GND/FD720089.DRW,Clipart,drw,Legacy drawing format requires a compatible importer
1f8dcb7d35ac5fc29102,Clipart/CLIPART/TRANSPOR/TRAN_GND/FD720090.DRW,Clipart,drw,Legacy drawing format requires a compatible importer
0fff2cdfa24682c93ec6,Clipart/CLIPART/TRANSPOR/TRAN_GND/FD720091.DRW,Clipart,drw,Legacy drawing format requires a compatible importer
c49cbd371baa6d39aec6,Clipart/CLIPART/TRANSPOR/TRAN_GND/FD720092.DRW,Clipart,drw,Legacy drawing format requires a compatible importer
f37fb1f35d3ad50953e7,Clipart/CLIPART/TRANSPOR/TRAN_GND/FD720093.DRW,Clipart,drw,Legacy drawing format requires a compatible importer
672dd306a7a6ddcbad10,Clipart/CLIPART/TRANSPOR/TRAN_GND/FD720094.DRW,Clipart,drw,Legacy drawing format requires a compatible importer
1ad57adc95e6da7afed3,Clipart/CLIPART/TRANSPOR/TRAN_GND/FD720095.DRW,Clipart,drw,Legacy drawing format requires a compatible importer
539ce672c9c062815fff,Clipart/CLIPART/TRANSPOR/TRAN_GND/FD720096.DRW,Clipart,drw,Legacy drawing format requires a compatible importer
352144173d6552bfcd31,Clipart/CLIPART/TRANSPOR/TRAN_GND/FD720097.DRW,Clipart,drw,Legacy drawing format requires a compatible importer
8ad2da22afe7c9a7cf31,Clipart/CLIPART/TRANSPOR/TRAN_GND/FD720098.DRW,Clipart,drw,Legacy drawing format requires a compatible importer
7c9e1d1426d8526d8494,Clipart/CLIPART/TRANSPOR/TRAN_GND/FD720099.DRW,Clipart,drw,Legacy drawing format requires a compatible importer
d072d3f669e72fee33d0,Clipart/CLIPART/TRANSPOR/TRAN_GND/FD720100.DRW,Clipart,drw,Legacy drawing format requires a compatible importer
0b5acc09cad5cba97018,Clipart/CLIPART/TRANSPOR/TRAN_GND/FD720101.DRW,Clipart,drw,Legacy drawing format requires a compatible importer
73cce1cf597b0300bd89,Clipart/CLIPART/TRANSPOR/TRAN_GND/FD720102.DRW,Clipart,drw,Legacy drawing format requires a compatible importer
c1965f0a3e1a218de152,Clipart/CLIPART/TRANSPOR/TRAN_GND/FD720103.DRW,Clipart,drw,Legacy drawing format requires a compatible importer
fcfe5798cf4129556e8e,Clipart/CLIPART/TRANSPOR/TRAN_GND/FD720104.DRW,Clipart,drw,Legacy drawing format requires a compatible importer
ebf23d86552656b70478,Clipart/CLIPART/TRANSPOR/TRAN_GND/FD720105.DRW,Clipart,drw,Legacy drawing format requires a compatible importer
75ebb63bdd46e967b878,Clipart/CLIPART/TRANSPOR/TRAN_GND/FD720106.DRW,Clipart,drw,Legacy drawing format requires a compatible importer
75b052148d928187c5c5,Clipart/CLIPART/TRANSPOR/TRAN_GND/FD720107.DRW,Clipart,drw,Legacy drawing format requires a compatible importer
9472d03928cedcd7ee4e,Clipart/CLIPART/TRANSPOR/TRAN_GND/FD720108.DRW,Clipart,drw,Legacy drawing format requires a compatible importer
33b6b93b04d553a65af2,Clipart/CLIPART/TRANSPOR/TRAN_GND/FD720109.DRW,Clipart,drw,Legacy drawing format requires a compatible importer
4ca3c8b487f4a946fd41,Clipart/CLIPART/TRANSPOR/TRAN_GND/FD720110.DRW,Clipart,drw,Legacy drawing format requires a compatible importer
b91b94cad9a0793a9f79,Clipart/CLIPART/TRANSPOR/TRAN_GND/FD720111.DRW,Clipart,drw,Legacy drawing format requires a compatible importer
62a3709127f760340f19,Clipart/CLIPART/TRANSPOR/TRAN_GND/FD720112.DRW,Clipart,drw,Legacy drawing format requires a compatible importer
9915a486f5057f123b72,Clipart/CLIPART/TRANSPOR/TRAN_GND/FD720114.DRW,Clipart,drw,Legacy drawing format requires a compatible importer
3c78c550f2644bd60d1f,Clipart/CLIPART/TRANSPOR/TRAN_GND/FD720115.DRW,Clipart,drw,Legacy drawing format requires a compatible importer
8ced1a5587bd73a57a38,Clipart/CLIPART/TRANSPOR/TRAN_GND/FD720116.DRW,Clipart,drw,Legacy drawing format requires a compatible importer
8858d165c6e2701f3215,Clipart/CLIPART/TRANSPOR/TRAN_GND/FD720117.DRW,Clipart,drw,Legacy drawing format requires a compatible importer
4724094b3d623f862447,Clipart/CLIPART/TRANSPOR/TRAN_GND/FD720118.DRW,Clipart,drw,Legacy drawing format requires a compatible importer
9258141a529bf3b0a146,Clipart/CLIPART/TRANSPOR/TRAN_GND/FD720119.DRW,Clipart,drw,Legacy drawing format requires a compatible importer
74a9fe543eca32ea46cf,Clipart/CLIPART/TRANSPOR/TRAN_GND/FD720120.DRW,Clipart,drw,Legacy drawing format requires a compatible importer
e151869215335a390e1f,Clipart/CLIPART/TRANSPOR/TRAN_GND/FD720121.DRW,Clipart,drw,Legacy drawing format requires a compatible importer
7b84c47545ff641963b6,Clipart/CLIPART/TRANSPOR/TRAN_GND/FD720122.DRW,Clipart,drw,Legacy drawing format requires a compatible importer
47f13c9b4d573e79c025,Clipart/CLIPART/TRANSPOR/TRAN_GND/FD720123.DRW,Clipart,drw,Legacy drawing format requires a compatible importer
dd9c0cef361bd292ae45,Clipart/CLIPART/TRANSPOR/TRAN_GND/FD720124.DRW,Clipart,drw,Legacy drawing format requires a compatible importer
bfef0f5a7f21c670e335,Clipart/CLIPART/TRANSPOR/TRAN_GND/FD720125.DRW,Clipart,drw,Legacy drawing format requires a compatible importer
5b96699c88dc2fd16fb7,Clipart/CLIPART/TRANSPOR/TRAN_GND/FD720126.DRW,Clipart,drw,Legacy drawing format requires a compatible importer
59c02baee0642a8a8aaa,Clipart/CLIPART/TRANSPOR/TRAN_GND/FD720127.DRW,Clipart,drw,Legacy drawing format requires a compatible importer
01621a42a32f0d399b12,Clipart/CLIPART/TRANSPOR/TRAN_GND/FD720128.DRW,Clipart,drw,Legacy drawing format requires a compatible importer
8c09a2ad217cbc7aad61,Clipart/CLIPART/TRANSPOR/TRAN_GND/FD720129.DRW,Clipart,drw,Legacy drawing format requires a compatible importer
0e402834277387fd5420,Clipart/CLIPART/TRANSPOR/TRAN_GND/FD720130.DRW,Clipart,drw,Legacy drawing format requires a compatible importer
05e5abd962ddfdc151f1,Clipart/CLIPART/TRANSPOR/TRAN_GND/FD720131.DRW,Clipart,drw,Legacy drawing format requires a compatible importer
5749dd30407045a4568e,Clipart/CLIPART/TRANSPOR/TRAN_GND/FD720133.DRW,Clipart,drw,Legacy drawing format requires a compatible importer
a09378309d519bfb2a8c,Clipart/CLIPART/TRANSPOR/TRAN_GND/FD720134.DRW,Clipart,drw,Legacy drawing format requires a compatible importer
7dc68114de9a5f74e8af,Clipart/CLIPART/TRANSPOR/TRAN_GND/FD720135.DRW,Clipart,drw,Legacy drawing format requires a compatible importer
875cf22ce013d638c85a,Clipart/CLIPART/TRANSPOR/TRAN_GND/FD720137.DRW,Clipart,drw,Legacy drawing format requires a compatible importer
1d0fbc2ea8b473c7264f,Clipart/CLIPART/TRANSPOR/TRAN_GND/FD720138.DRW,Clipart,drw,Legacy drawing format requires a compatible importer
186445176c9cd3fd2f70,Clipart/CLIPART/TRANSPOR/TRAN_GND/FD720139.DRW,Clipart,drw,Legacy drawing format requires a compatible importer
7c0f099c037856946340,Clipart/CLIPART/TRANSPOR/TRAN_GND/FD720141.DRW,Clipart,drw,Legacy drawing format requires a compatible importer
f35c464ebae5dbd6919b,Clipart/CLIPART/TRANSPOR/TRAN_GND/FD720142.DRW,Clipart,drw,Legacy drawing format requires a compatible importer
b803ec210cc549a37136,Clipart/CLIPART/TRANSPOR/TRAN_GND/FD720145.DRW,Clipart,drw,Legacy drawing format requires a compatible importer
290189ad9b74e7d66f6d,Clipart/CLIPART/TRANSPOR/TRAN_GND/FD720146.DRW,Clipart,drw,Legacy drawing format requires a compatible importer
79e856ed1a28347868f8,Clipart/CLIPART/TRANSPOR/TRAN_GND/FD720147.DRW,Clipart,drw,Legacy drawing format requires a compatible importer
d62b05e7759e2e2bed98,Clipart/CLIPART/TRANSPOR/TRAN_SEA/FD730000.DRW,Clipart,drw,Legacy drawing format requires a compatible importer
59f3652b296418c68bb8,Clipart/CLIPART/TRANSPOR/TRAN_SEA/FD730001.DRW,Clipart,drw,Legacy drawing format requires a compatible importer
7377528203b391c1cc36,Clipart/CLIPART/TRANSPOR/TRAN_SEA/FD730002.DRW,Clipart,drw,Legacy drawing format requires a compatible importer
fdc16a4f25e06c716d47,Clipart/CLIPART/TRANSPOR/TRAN_SEA/FD730003.DRW,Clipart,drw,Legacy drawing format requires a compatible importer
ca24fa8cdf71590f4b51,Clipart/CLIPART/TRANSPOR/TRAN_SEA/FD730008.DRW,Clipart,drw,Legacy drawing format requires a compatible importer
60bab5c241edd2f59978,Clipart/CLIPART/TRANSPOR/TRAN_SEA/FD730009.DRW,Clipart,drw,Legacy drawing format requires a compatible importer
e9d99c65cb7967c9b275,Clipart/CLIPART/TRANSPOR/TRAN_SEA/FD730010.DRW,Clipart,drw,Legacy drawing format requires a compatible importer
4e91531d446885d85bc6,Clipart/CLIPART/TRANSPOR/TRAN_SEA/FD730011.DRW,Clipart,drw,Legacy drawing format requires a compatible importer
e3e0cf3e32f44f4ba687,Clipart/CLIPART/TRANSPOR/TRAN_SEA/FD730012.DRW,Clipart,drw,Legacy drawing format requires a compatible importer
889237b8c52d93441135,Clipart/CLIPART/TRANSPOR/TRAN_SEA/FD730013.DRW,Clipart,drw,Legacy drawing format requires a compatible importer
be90bd1875c14d508d6b,Clipart/CLIPART/TRANSPOR/TRAN_SEA/FD730014.DRW,Clipart,drw,Legacy drawing format requires a compatible importer
88f4baddaec9228e0ab0,Clipart/CLIPART/TRANSPOR/TRAN_SEA/FD730015.DRW,Clipart,drw,Legacy drawing format requires a compatible importer
9610de48c764118063a0,Clipart/CLIPART/TRANSPOR/TRAN_SEA/FD730016.DRW,Clipart,drw,Legacy drawing format requires a compatible importer
c40f6b235b6fd04c40e1,Clipart/CLIPART/TRANSPOR/TRAN_SEA/FD730017.DRW,Clipart,drw,Legacy drawing format requires a compatible importer
0a753ce32fe8cdf504fc,Clipart/CLIPART/TRANSPOR/TRAN_SEA/FD730018.DRW,Clipart,drw,Legacy drawing format requires a compatible importer
51bf4ffddec152c0f5e6,Clipart/CLIPART/TRANSPOR/TRAN_SEA/FD730019.DRW,Clipart,drw,Legacy drawing format requires a compatible importer
fab5d20e6c177da4aab9,Clipart/CLIPART/TRANSPOR/TRAN_SEA/FD730020.DRW,Clipart,drw,Legacy drawing format requires a compatible importer
ccc566f6449413705d2e,Clipart/CLIPART/TRANSPOR/TRAN_SEA/FD730021.DRW,Clipart,drw,Legacy drawing format requires a compatible importer
637b00b3675e341e4057,Clipart/CLIPART/TRANSPOR/TRAN_SEA/FD730022.DRW,Clipart,drw,Legacy drawing format requires a compatible importer
ace22a6652c3c551abb2,Clipart/CLIPART/TRANSPOR/TRAN_SEA/FD730023.DRW,Clipart,drw,Legacy drawing format requires a compatible importer
3e6e36b371a79e0a26c6,Clipart/CLIPART/TRANSPOR/TRAN_SEA/FD730024.DRW,Clipart,drw,Legacy drawing format requires a compatible importer
67c1999e6dc6585d0e71,Clipart/CLIPART/TRANSPOR/TRAN_SEA/FD730025.DRW,Clipart,drw,Legacy drawing format requires a compatible importer
5928fb4ad3605313307c,Clipart/CLIPART/TRANSPOR/TRAN_SEA/FD730026.DRW,Clipart,drw,Legacy drawing format requires a compatible importer
f105204be0eb8dfaadf9,Clipart/CLIPART/TRANSPOR/TRAN_SEA/FD730027.DRW,Clipart,drw,Legacy drawing format requires a compatible importer
2d701b87b3b03f1bf210,Clipart/CLIPART/TRANSPOR/TRAN_SEA/FD730028.DRW,Clipart,drw,Legacy drawing format requires a compatible importer
ed092801b13745900c7c,Clipart/CLIPART/TRANSPOR/TRAN_SEA/FD730029.DRW,Clipart,drw,Legacy drawing format requires a compatible importer
4f6c2497c513863b9339,Clipart/CLIPART/TRANSPOR/TRAN_SEA/FD730030.DRW,Clipart,drw,Legacy drawing format requires a compatible importer
cc71276c024dcdd663ac,Clipart/CLIPART/TRANSPOR/TRAN_SEA/FD730031.DRW,Clipart,drw,Legacy drawing format requires a compatible importer
369e9f837eca8b7cd534,Clipart/CLIPART/TRANSPOR/TRAN_SEA/FD730032.DRW,Clipart,drw,Legacy drawing format requires a compatible importer
2cef622bb7397b835a9d,Clipart/CLIPART/TRANSPOR/TRAN_SEA/FD730033.DRW,Clipart,drw,Legacy drawing format requires a compatible importer
3cafaa03e3464e122dce,Clipart/CLIPART/TRANSPOR/TRAN_SEA/FD730035.DRW,Clipart,drw,Legacy drawing format requires a compatible importer
7410bbd165463c250816,Clipart/CLIPART/TRANSPOR/TRAN_SEA/FD730036.DRW,Clipart,drw,Legacy drawing format requires a compatible importer
dca0a21d3f33295e217d,Clipart/CLIPART/TRANSPOR/TRAN_SEA/FD730037.DRW,Clipart,drw,Legacy drawing format requires a compatible importer
e70f94b0f1b8239842ef,Clipart/CLIPART/TRANSPOR/TRAN_SEA/FD730038.DRW,Clipart,drw,Legacy drawing format requires a compatible importer
07fdfa4a245fc10b51da,Clipart/CLIPART/TRANSPOR/TRAN_SEA/FD730039.DRW,Clipart,drw,Legacy drawing format requires a compatible importer
90d9544b2e8396b19559,Clipart/CLIPART/TRANSPOR/TRAN_SEA/FD730040.DRW,Clipart,drw,Legacy drawing format requires a compatible importer
b7690aa8532c7945bad9,Clipart/CLIPART/TRANSPOR/TRAN_SEA/FD730041.DRW,Clipart,drw,Legacy drawing format requires a compatible importer
277b0f08afbdd437af22,Clipart/CLIPART/TRANSPOR/TRAN_SEA/FD730042.DRW,Clipart,drw,Legacy drawing format requires a compatible importer
c4ab9b734d2d25bd5b46,Clipart/CLIPART/TRANSPOR/TRAN_SEA/FD730043.DRW,Clipart,drw,Legacy drawing format requires a compatible importer
68e96fefa74435c5ad42,Clipart/CLIPART/TRANSPOR/TRAN_SEA/FD730044.DRW,Clipart,drw,Legacy drawing format requires a compatible importer
4240a3559a8eddc8a855,Clipart/CLIPART/TRANSPOR/TRAN_SEA/FD730045.DRW,Clipart,drw,Legacy drawing format requires a compatible importer
8e901aefe9d09cd6fa4e,Clipart/CLIPART/TRANSPOR/TRAN_SEA/FD730046.DRW,Clipart,drw,Legacy drawing format requires a compatible importer
6ff8fa690276c3c4a156,Clipart/CLIPART/TRANSPOR/TRAN_SEA/FD730047.DRW,Clipart,drw,Legacy drawing format requires a compatible importer
5fdc942f63d72a87a98b,Clipart/CLIPART/TRANSPOR/TRAN_SEA/FD730048.DRW,Clipart,drw,Legacy drawing format requires a compatible importer
4c8c8b984bd1a85c1706,Clipart/CLIPART/TRANSPOR/TRAN_SEA/FD730049.DRW,Clipart,drw,Legacy drawing format requires a compatible importer
fde1f9ca43575d0ef0ad,Clipart/Disney Clipart 800+/Clipart/101Dalm/Thumbs.db,Clipart,db,Container or non-image metadata; preserved in original archive
eca7aebd6879469cce7a,Clipart/Disney Clipart 800+/Clipart/Aladdin/Thumbs.db,Clipart,db,Container or non-image metadata; preserved in original archive
03233ac8d27d9e1f089c,Clipart/Disney Clipart 800+/Clipart/Disney/Bambi/Thumbs.db,Clipart,db,Container or non-image metadata; preserved in original archive
23f39eaf1cde4b16a169,Clipart/Disney Clipart 800+/Clipart/Disney/MickeyPS/Thumbs.db,Clipart,db,Container or non-image metadata; preserved in original archive
4f052cd85917a2501dd1,Clipart/Disney Clipart 800+/Clipart/Disney/Thumbs.db,Clipart,db,Container or non-image metadata; preserved in original archive
80e3c998b60d3511c6c7,Clipart/Disney Clipart 800+/Clipart/Hercules/Thumbs.db,Clipart,db,Container or non-image metadata; preserved in original archive
81e836fbc3275b78a236,Clipart/Disney Clipart 800+/Clipart/LionKing/Borders/Thumbs.db,Clipart,db,Container or non-image metadata; preserved in original archive
4fa3f94070d3b2bf4b67,Clipart/Disney Clipart 800+/Clipart/LionKing/Thumbs.db,Clipart,db,Container or non-image metadata; preserved in original archive
0fc67b9deb779497e0ef,Clipart/Disney Clipart 800+/install it.txt,Clipart,txt,Container or non-image metadata; preserved in original archive
7c1ad5ffb700a20113c4,Clipart/Ms OnLine ClipArt Collection 2003 CD2/Edifici/Edifici_1.mpf,Clipart,mpf,Container or non-image metadata; preserved in original archive
736526f6573a1110d746,Clipart/Ms OnLine ClipArt Collection 2003 CD2/Edifici/edifici_10.mpf,Clipart,mpf,Container or non-image metadata; preserved in original archive
cf15e7ac4c5584e5d5c4,Clipart/Ms OnLine ClipArt Collection 2003 CD2/Edifici/edifici_11.mpf,Clipart,mpf,Container or non-image metadata; preserved in original archive
416f712c38b5b87de34e,Clipart/Ms OnLine ClipArt Collection 2003 CD2/Edifici/edifici_12.mpf,Clipart,mpf,Container or non-image metadata; preserved in original archive
63d178afd6b76a03b79f,Clipart/Ms OnLine ClipArt Collection 2003 CD2/Edifici/edifici_13.mpf,Clipart,mpf,Container or non-image metadata; preserved in original archive
3708fd80a0c273e1838a,Clipart/Ms OnLine ClipArt Collection 2003 CD2/Edifici/edifici_14.mpf,Clipart,mpf,Container or non-image metadata; preserved in original archive
e8439a1066ae6e50d5c6,Clipart/Ms OnLine ClipArt Collection 2003 CD2/Edifici/edifici_15.mpf,Clipart,mpf,Container or non-image metadata; preserved in original archive
3ab898ac9476371443dc,Clipart/Ms OnLine ClipArt Collection 2003 CD2/Edifici/edifici_2.mpf,Clipart,mpf,Container or non-image metadata; preserved in original archive
38fdc662628f3a752ad7,Clipart/Ms OnLine ClipArt Collection 2003 CD2/Edifici/edifici_3.mpf,Clipart,mpf,Container or non-image metadata; preserved in original archive
3def20444ab921a2d03a,Clipart/Ms OnLine ClipArt Collection 2003 CD2/Edifici/edifici_4.mpf,Clipart,mpf,Container or non-image metadata; preserved in original archive
880f8bc0d65118295d67,Clipart/Ms OnLine ClipArt Collection 2003 CD2/Edifici/edifici_5.mpf,Clipart,mpf,Container or non-image metadata; preserved in original archive
19e3e036070415981b72,Clipart/Ms OnLine ClipArt Collection 2003 CD2/Edifici/edifici_6.mpf,Clipart,mpf,Container or non-image metadata; preserved in original archive
84f40bd611fe7acdabe4,Clipart/Ms OnLine ClipArt Collection 2003 CD2/Edifici/edifici_7.mpf,Clipart,mpf,Container or non-image metadata; preserved in original archive
7803d221ddf71d1bba16,Clipart/Ms OnLine ClipArt Collection 2003 CD2/Edifici/edifici_8.mpf,Clipart,mpf,Container or non-image metadata; preserved in original archive
4bc6e0f572fdbc993b8c,Clipart/Ms OnLine ClipArt Collection 2003 CD2/Edifici/edifici_9.mpf,Clipart,mpf,Container or non-image metadata; preserved in original archive
73dbbace243e7209f99c,Clipart/Ms OnLine ClipArt Collection 2003 CD2/Effetti personali/effetti_1.mpf,Clipart,mpf,Container or non-image metadata; preserved in original archive
c28a8771042d82faae5f,Clipart/Ms OnLine ClipArt Collection 2003 CD2/Effetti personali/effetti_2.mpf,Clipart,mpf,Container or non-image metadata; preserved in original archive
f47c9875c0484b18fa89,Clipart/Ms OnLine ClipArt Collection 2003 CD2/Effetti personali/effetti_3.mpf,Clipart,mpf,Container or non-image metadata; preserved in original archive
f488baa8803b75b585a1,Clipart/Ms OnLine ClipArt Collection 2003 CD2/Effetti personali/effetti_4.mpf,Clipart,mpf,Container or non-image metadata; preserved in original archive
7313f79e4a99d07b5b13,Clipart/Ms OnLine ClipArt Collection 2003 CD2/Effetti personali/effetti_5.mpf,Clipart,mpf,Container or non-image metadata; preserved in original archive
b3056defa7915f19ab7d,Clipart/Ms OnLine ClipArt Collection 2003 CD2/Effetti personali/effetti_6.mpf,Clipart,mpf,Container or non-image metadata; preserved in original archive
9e935e6f917ef45960af,Clipart/Ms OnLine ClipArt Collection 2003 CD2/Effetti personali/effetti_7.mpf,Clipart,mpf,Container or non-image metadata; preserved in original archive
85f2b0920aa6afd4a94c,Clipart/Ms OnLine ClipArt Collection 2003 CD2/Effetti personali/effetti_8.mpf,Clipart,mpf,Container or non-image metadata; preserved in original archive
7fdea4a0b9de86754150,Clipart/Ms OnLine ClipArt Collection 2003 CD2/Effetti personali/effetti_9.mpf,Clipart,mpf,Container or non-image metadata; preserved in original archive
c04165c98d8012c0c6d4,Clipart/Ms OnLine ClipArt Collection 2003 CD2/Elementi Decorativi/elementi_1.mpf,Clipart,mpf,Container or non-image metadata; preserved in original archive
08aa88f567c726652a5f,Clipart/Ms OnLine ClipArt Collection 2003 CD2/Elementi Decorativi/elementi_10.mpf,Clipart,mpf,Container or non-image metadata; preserved in original archive
eab40826223d59396461,Clipart/Ms OnLine ClipArt Collection 2003 CD2/Elementi Decorativi/elementi_11.mpf,Clipart,mpf,Container or non-image metadata; preserved in original archive
a64653d4dae7f8d41a21,Clipart/Ms OnLine ClipArt Collection 2003 CD2/Elementi Decorativi/elementi_2.mpf,Clipart,mpf,Container or non-image metadata; preserved in original archive
739af766935a6e48d0ba,Clipart/Ms OnLine ClipArt Collection 2003 CD2/Elementi Decorativi/elementi_3.mpf,Clipart,mpf,Container or non-image metadata; preserved in original archive
76a4ee6c040e46b9c617,Clipart/Ms OnLine ClipArt Collection 2003 CD2/Elementi Decorativi/elementi_4.mpf,Clipart,mpf,Container or non-image metadata; preserved in original archive
c5d2fd591fab01261ebc,Clipart/Ms OnLine ClipArt Collection 2003 CD2/Elementi Decorativi/elementi_5.mpf,Clipart,mpf,Container or non-image metadata; preserved in original archive
55399b7dab350364f3c6,Clipart/Ms OnLine ClipArt Collection 2003 CD2/Elementi Decorativi/elementi_6.mpf,Clipart,mpf,Container or non-image metadata; preserved in original archive
e547495ec2d14bd4e7bc,Clipart/Ms OnLine ClipArt Collection 2003 CD2/Elementi Decorativi/elementi_7.mpf,Clipart,mpf,Container or non-image metadata; preserved in original archive
5348069014569799f406,Clipart/Ms OnLine ClipArt Collection 2003 CD2/Elementi Decorativi/elementi_8.mpf,Clipart,mpf,Container or non-image metadata; preserved in original archive
d7700d917df70f308027,Clipart/Ms OnLine ClipArt Collection 2003 CD2/Elementi Decorativi/elementi_9.mpf,Clipart,mpf,Container or non-image metadata; preserved in original archive
44e8f42f65ee5b1b09a7,Clipart/Ms OnLine ClipArt Collection 2003 CD2/Emozioni/emozioni_1.mpf,Clipart,mpf,Container or non-image metadata; preserved in original archive
1aac89d8fc17f21faa09,Clipart/Ms OnLine ClipArt Collection 2003 CD2/Emozioni/emozioni_2.mpf,Clipart,mpf,Container or non-image metadata; preserved in original archive
d7260ca95365031730c5,Clipart/Ms OnLine ClipArt Collection 2003 CD2/Emozioni/emozioni_3.mpf,Clipart,mpf,Container or non-image metadata; preserved in original archive
1683562bb8d9bb0a2544,Clipart/Ms OnLine ClipArt Collection 2003 CD2/Emozioni/emozioni_4.mpf,Clipart,mpf,Container or non-image metadata; preserved in original archive
45cb72648db6d574c330,Clipart/Ms OnLine ClipArt Collection 2003 CD2/Emozioni/emozioni_5.mpf,Clipart,mpf,Container or non-image metadata; preserved in original archive
55db8788f6ad6da35f5c,Clipart/Ms OnLine ClipArt Collection 2003 CD2/Fantasia/fantasia_1.mpf,Clipart,mpf,Container or non-image metadata; preserved in original archive
2b71374814cfe7fd0a4f,Clipart/Ms OnLine ClipArt Collection 2003 CD2/Fantasia/fantasia_2.mpf,Clipart,mpf,Container or non-image metadata; preserved in original archive
785b221fa10949f22bca,Clipart/Ms OnLine ClipArt Collection 2003 CD2/Fantasia/fantasia_3.mpf,Clipart,mpf,Container or non-image metadata; preserved in original archive
4d060aeff0660173d5af,Clipart/Ms OnLine ClipArt Collection 2003 CD2/Fantasia/fantasia_4.mpf,Clipart,mpf,Container or non-image metadata; preserved in original archive
fa909bf5c6159af97aac,Clipart/Ms OnLine ClipArt Collection 2003 CD2/Fantasia/fantasia_5.mpf,Clipart,mpf,Container or non-image metadata; preserved in original archive
fad6435aa6fb0395a702,Clipart/Ms OnLine ClipArt Collection 2003 CD2/Fantasia/fantasia_6.mpf,Clipart,mpf,Container or non-image metadata; preserved in original archive
1225d90614c5f5f5ba34,Clipart/Ms OnLine ClipArt Collection 2003 CD2/Fantasia/fantasia_7.mpf,Clipart,mpf,Container or non-image metadata; preserved in original archive
a1a38de1d701ec878704,Clipart/Ms OnLine ClipArt Collection 2003 CD2/Fantasia/fantasia_8.mpf,Clipart,mpf,Container or non-image metadata; preserved in original archive
5e308fe0cf017b2a1d00,Clipart/Ms OnLine ClipArt Collection 2003 CD2/Fantasia/fantasia_9.mpf,Clipart,mpf,Container or non-image metadata; preserved in original archive
10a298572b3b8fae3195,Clipart/Ms OnLine ClipArt Collection 2003 CD2/Fumetti/fumetti_1.mpf,Clipart,mpf,Container or non-image metadata; preserved in original archive
635abf53544b7ae26266,Clipart/Ms OnLine ClipArt Collection 2003 CD2/Fumetti/fumetti_2.mpf,Clipart,mpf,Container or non-image metadata; preserved in original archive
3550799a595f5e46cb85,Clipart/Ms OnLine ClipArt Collection 2003 CD2/Fumetti/fumetti_3.mpf,Clipart,mpf,Container or non-image metadata; preserved in original archive
64326e390a166c53bb1b,Clipart/Ms OnLine ClipArt Collection 2003 CD2/Fumetti/fumetti_4.mpf,Clipart,mpf,Container or non-image metadata; preserved in original archive
9c296c3ead8e8a241103,Clipart/Ms OnLine ClipArt Collection 2003 CD2/Fumetti/fumetti_5.mpf,Clipart,mpf,Container or non-image metadata; preserved in original archive
43b27272d43aa2cb5aec,Clipart/Ms OnLine ClipArt Collection 2003 CD2/Fumetti/fumetti_6.mpf,Clipart,mpf,Container or non-image metadata; preserved in original archive
1f7b5d7bef0cddc976fc,Clipart/Ms OnLine ClipArt Collection 2003 CD2/Fumetti/fumetti_7.mpf,Clipart,mpf,Container or non-image metadata; preserved in original archive
72fc8c7842dc56b0256f,Clipart/Ms OnLine ClipArt Collection 2003 CD2/Governo/governo1.mpf,Clipart,mpf,Container or non-image metadata; preserved in original archive
5d492e3190e0258229c2,Clipart/Ms OnLine ClipArt Collection 2003 CD2/Governo/governo2.mpf,Clipart,mpf,Container or non-image metadata; preserved in original archive
86f1a5b46c1a9293f3a7,Clipart/Ms OnLine ClipArt Collection 2003 CD2/Governo/governo_1.mpf,Clipart,mpf,Container or non-image metadata; preserved in original archive
37c4458d4f463d4126f6,Clipart/Ms OnLine ClipArt Collection 2003 CD2/Governo/governo_3.mpf,Clipart,mpf,Container or non-image metadata; preserved in original archive
40d50a2d983523339328,Clipart/Ms OnLine ClipArt Collection 2003 CD2/Governo/governo_4.mpf,Clipart,mpf,Container or non-image metadata; preserved in original archive
371f575a8f363ceb1044,Clipart/Ms OnLine ClipArt Collection 2003 CD2/Governo/governo_5.mpf,Clipart,mpf,Container or non-image metadata; preserved in original archive
947274d54ad6bfeea45d,Clipart/Ms OnLine ClipArt Collection 2003 CD2/Governo/governo_6.mpf,Clipart,mpf,Container or non-image metadata; preserved in original archive
6a87235ef6eaff1070ac,Clipart/Ms OnLine ClipArt Collection 2003 CD2/Industria/industria_1.mpf,Clipart,mpf,Container or non-image metadata; preserved in original archive
5a0d1809a43325c1d2c2,Clipart/Ms OnLine ClipArt Collection 2003 CD2/Industria/industria_10.mpf,Clipart,mpf,Container or non-image metadata; preserved in original archive
238ad7ad417616e2bcaf,Clipart/Ms OnLine ClipArt Collection 2003 CD2/Industria/industria_11.mpf,Clipart,mpf,Container or non-image metadata; preserved in original archive
8b0daf57037f13a24a2a,Clipart/Ms OnLine ClipArt Collection 2003 CD2/Industria/industria_12.mpf,Clipart,mpf,Container or non-image metadata; preserved in original archive
b83c0e620ecded6079c8,Clipart/Ms OnLine ClipArt Collection 2003 CD2/Industria/industria_13.mpf,Clipart,mpf,Container or non-image metadata; preserved in original archive
4d157ec0c03057203842,Clipart/Ms OnLine ClipArt Collection 2003 CD2/Industria/industria_14.mpf,Clipart,mpf,Container or non-image metadata; preserved in original archive
d3c276f527597705bc5d,Clipart/Ms OnLine ClipArt Collection 2003 CD2/Industria/industria_2.mpf,Clipart,mpf,Container or non-image metadata; preserved in original archive
95a05a21ac3fc7d6f878,Clipart/Ms OnLine ClipArt Collection 2003 CD2/Industria/industria_3.mpf,Clipart,mpf,Container or non-image metadata; preserved in original archive
c17eef4734f561e9b6e0,Clipart/Ms OnLine ClipArt Collection 2003 CD2/Industria/industria_4.mpf,Clipart,mpf,Container or non-image metadata; preserved in original archive
226cee11ada2caeee1cb,Clipart/Ms OnLine ClipArt Collection 2003 CD2/Industria/industria_5.mpf,Clipart,mpf,Container or non-image metadata; preserved in original archive
0af4e53b7d1051f791e0,Clipart/Ms OnLine ClipArt Collection 2003 CD2/Industria/industria_6.mpf,Clipart,mpf,Container or non-image metadata; preserved in original archive
8791615f7515a9490898,Clipart/Ms OnLine ClipArt Collection 2003 CD2/Industria/industria_7.mpf,Clipart,mpf,Container or non-image metadata; preserved in original archive
4d7d7c71409766d8ceaf,Clipart/Ms OnLine ClipArt Collection 2003 CD2/Industria/industria_8.mpf,Clipart,mpf,Container or non-image metadata; preserved in original archive
c6de7a23727c79c2c739,Clipart/Ms OnLine ClipArt Collection 2003 CD2/Industria/industria_9.mpf,Clipart,mpf,Container or non-image metadata; preserved in original archive
aa86f48e29f8d2700039,Clipart/Ms OnLine ClipArt Collection 2003 CD2/Istruzione/istruzione_1.mpf,Clipart,mpf,Container or non-image metadata; preserved in original archive
c1e37d5d476eb8149435,Clipart/Ms OnLine ClipArt Collection 2003 CD2/Istruzione/istruzione_2.mpf,Clipart,mpf,Container or non-image metadata; preserved in original archive
edfe93a4170aaf1c0a2a,Clipart/Ms OnLine ClipArt Collection 2003 CD2/Istruzione/istruzione_3.mpf,Clipart,mpf,Container or non-image metadata; preserved in original archive
85367c29bc7d31b02984,Clipart/Ms OnLine ClipArt Collection 2003 CD2/Istruzione/istruzione_4.mpf,Clipart,mpf,Container or non-image metadata; preserved in original archive
11f5c683ac8f9268d923,Clipart/Ms OnLine ClipArt Collection 2003 CD2/Istruzione/istruzione_5.mpf,Clipart,mpf,Container or non-image metadata; preserved in original archive
7d4d1c65bfb69c0b9488,Clipart/Ms OnLine ClipArt Collection 2003 CD2/Istruzione/istruzione_6.mpf,Clipart,mpf,Container or non-image metadata; preserved in original archive
eb020b0bbc1e1726a95c,Clipart/Ms OnLine ClipArt Collection 2003 CD2/Istruzione/istruzione_7.mpf,Clipart,mpf,Container or non-image metadata; preserved in original archive
1ab774792a21f99f1c38,Clipart/Ms OnLine ClipArt Collection 2003 CD2/Istruzione/istruzione_8.mpf,Clipart,mpf,Container or non-image metadata; preserved in original archive
97607238c9a5b9d65862,Clipart/Ms OnLine ClipArt Collection 2003 CD2/Istruzione/istruzione_9.mpf,Clipart,mpf,Container or non-image metadata; preserved in original archive
b8fe5fa30002606136e5,Clipart/Ms OnLine ClipArt Collection 2003 CD2/Localit_/localita_1.mpf,Clipart,mpf,Container or non-image metadata; preserved in original archive
c31f5fee6bf1775ac9bd,Clipart/Ms OnLine ClipArt Collection 2003 CD2/Localit_/localita_10.mpf,Clipart,mpf,Container or non-image metadata; preserved in original archive
eae5f32b538fb1079c4f,Clipart/Ms OnLine ClipArt Collection 2003 CD2/Localit_/localita_11.mpf,Clipart,mpf,Container or non-image metadata; preserved in original archive
4f1b4617a4cd735b294b,Clipart/Ms OnLine ClipArt Collection 2003 CD2/Localit_/localita_12.mpf,Clipart,mpf,Container or non-image metadata; preserved in original archive
d74c89d06e47a5760498,Clipart/Ms OnLine ClipArt Collection 2003 CD2/Localit_/localita_13.mpf,Clipart,mpf,Container or non-image metadata; preserved in original archive
0a6a33ae6b0b0faedb7a,Clipart/Ms OnLine ClipArt Collection 2003 CD2/Localit_/localita_14.mpf,Clipart,mpf,Container or non-image metadata; preserved in original archive
9706436c436e99625372,Clipart/Ms OnLine ClipArt Collection 2003 CD2/Localit_/localita_15.mpf,Clipart,mpf,Container or non-image metadata; preserved in original archive
0578407cee50ba2df124,Clipart/Ms OnLine ClipArt Collection 2003 CD2/Localit_/localita_2.mpf,Clipart,mpf,Container or non-image metadata; preserved in original archive
5ee2f3a9e13ec310e269,Clipart/Ms OnLine ClipArt Collection 2003 CD2/Localit_/localita_3.mpf,Clipart,mpf,Container or non-image metadata; preserved in original archive
dc656f0ef45747ed0cc6,Clipart/Ms OnLine ClipArt Collection 2003 CD2/Localit_/localita_4.mpf,Clipart,mpf,Container or non-image metadata; preserved in original archive
72bcae5ac0194bdd7153,Clipart/Ms OnLine ClipArt Collection 2003 CD2/Localit_/localita_5.mpf,Clipart,mpf,Container or non-image metadata; preserved in original archive
56a8b56bd23de3c7333e,Clipart/Ms OnLine ClipArt Collection 2003 CD2/Localit_/localita_6.mpf,Clipart,mpf,Container or non-image metadata; preserved in original archive
fa67c1dd8b045adef7ec,Clipart/Ms OnLine ClipArt Collection 2003 CD2/Localit_/localita_8.mpf,Clipart,mpf,Container or non-image metadata; preserved in original archive
fd122fae38f1c4a61189,Clipart/Ms OnLine ClipArt Collection 2003 CD2/Localit_/localita_9.mpf,Clipart,mpf,Container or non-image metadata; preserved in original archive
3f1e4e7cd27c106b1b15,Clipart/Ms OnLine ClipArt Collection 2003 CD2/Mappe/mappe_1.mpf,Clipart,mpf,Container or non-image metadata; preserved in original archive
891d06202128383ae690,Clipart/Ms OnLine ClipArt Collection 2003 CD2/Mappe/mappe_2.mpf,Clipart,mpf,Container or non-image metadata; preserved in original archive
32fef717ea5ab75ef54d,Clipart/Ms OnLine ClipArt Collection 2003 CD2/Mappe/mappe_3.mpf,Clipart,mpf,Container or non-image metadata; preserved in original archive
e022b124857edfe06bbf,Clipart/Ms OnLine ClipArt Collection 2003 CD2/Natura/natura_1.mpf,Clipart,mpf,Container or non-image metadata; preserved in original archive
c730e26b178503203cec,Clipart/Ms OnLine ClipArt Collection 2003 CD2/Natura/natura_10.mpf,Clipart,mpf,Container or non-image metadata; preserved in original archive
54f5c2db25b07985c4f7,Clipart/Ms OnLine ClipArt Collection 2003 CD2/Natura/natura_11.mpf,Clipart,mpf,Container or non-image metadata; preserved in original archive
68e6bbe584804e134dfd,Clipart/Ms OnLine ClipArt Collection 2003 CD2/Natura/natura_12.mpf,Clipart,mpf,Container or non-image metadata; preserved in original archive
312224c2b68610d03ffa,Clipart/Ms OnLine ClipArt Collection 2003 CD2/Natura/natura_2.mpf,Clipart,mpf,Container or non-image metadata; preserved in original archive
39e2de779879d0e8a228,Clipart/Ms OnLine ClipArt Collection 2003 CD2/Natura/natura_3.mpf,Clipart,mpf,Container or non-image metadata; preserved in original archive
c0cb5bba4c81118cfb1e,Clipart/Ms OnLine ClipArt Collection 2003 CD2/Natura/natura_4.mpf,Clipart,mpf,Container or non-image metadata; preserved in original archive
a590fc756b0cc4f7da97,Clipart/Ms OnLine ClipArt Collection 2003 CD2/Natura/natura_5.mpf,Clipart,mpf,Container or non-image metadata; preserved in original archive
a9ca8ee70824f6c97be6,Clipart/Ms OnLine ClipArt Collection 2003 CD2/Natura/natura_6.mpf,Clipart,mpf,Container or non-image metadata; preserved in original archive
b69eedaecc17d4724f93,Clipart/Ms OnLine ClipArt Collection 2003 CD2/Natura/natura_7.mpf,Clipart,mpf,Container or non-image metadata; preserved in original archive
db27b351968c2a2238d1,Clipart/Ms OnLine ClipArt Collection 2003 CD2/Natura/natura_8.mpf,Clipart,mpf,Container or non-image metadata; preserved in original archive
2e0800ced7538e46fe4a,Clipart/Ms OnLine ClipArt Collection 2003 CD2/Natura/natura_9.mpf,Clipart,mpf,Container or non-image metadata; preserved in original archive
dd2495239584f1bbaca2,Clipart/Ms OnLine ClipArt Collection 2003 CD2/Occasioni particolari/OCCASIONI_5.mpf,Clipart,mpf,Container or non-image metadata; preserved in original archive
c267091eef736b08f4fe,Clipart/Ms OnLine ClipArt Collection 2003 CD2/Occasioni particolari/occasioni_1.mpf,Clipart,mpf,Container or non-image metadata; preserved in original archive
5b5fd58d74b0912d0462,Clipart/Ms OnLine ClipArt Collection 2003 CD2/Occasioni particolari/occasioni_10.mpf,Clipart,mpf,Container or non-image metadata; preserved in original archive
e15222841af1947430f6,Clipart/Ms OnLine ClipArt Collection 2003 CD2/Occasioni particolari/occasioni_11.mpf,Clipart,mpf,Container or non-image metadata; preserved in original archive
2e2fce5ee1ee4f5051b3,Clipart/Ms OnLine ClipArt Collection 2003 CD2/Occasioni particolari/occasioni_12.mpf,Clipart,mpf,Container or non-image metadata; preserved in original archive
ff11c711b04fc2f53b8f,Clipart/Ms OnLine ClipArt Collection 2003 CD2/Occasioni particolari/occasioni_13.mpf,Clipart,mpf,Container or non-image metadata; preserved in original archive
07613563c80a0fed791b,Clipart/Ms OnLine ClipArt Collection 2003 CD2/Occasioni particolari/occasioni_2.mpf,Clipart,mpf,Container or non-image metadata; preserved in original archive
7e293d2d9e2941ade143,Clipart/Ms OnLine ClipArt Collection 2003 CD2/Occasioni particolari/occasioni_3.mpf,Clipart,mpf,Container or non-image metadata; preserved in original archive
579a120243f131dba3f4,Clipart/Ms OnLine ClipArt Collection 2003 CD2/Occasioni particolari/occasioni_4.mpf,Clipart,mpf,Container or non-image metadata; preserved in original archive
c3787c2e51d00ead48a3,Clipart/Ms OnLine ClipArt Collection 2003 CD2/Occasioni particolari/occasioni_6.mpf,Clipart,mpf,Container or non-image metadata; preserved in original archive
5262a5f3b493069a4636,Clipart/Ms OnLine ClipArt Collection 2003 CD2/Occasioni particolari/occasioni_7.mpf,Clipart,mpf,Container or non-image metadata; preserved in original archive
fd41cab97c42fe21765d,Clipart/Ms OnLine ClipArt Collection 2003 CD2/Occasioni particolari/occasioni_8.mpf,Clipart,mpf,Container or non-image metadata; preserved in original archive
af4ea9b7d1f9fcf80b7e,Clipart/Ms OnLine ClipArt Collection 2003 CD2/Occasioni particolari/occasioni_9.mpf,Clipart,mpf,Container or non-image metadata; preserved in original archive
b08511cee88b6d74b391,Clipart/Ms OnLine ClipArt Collection 2003 CD2/Persone/persone_1.mpf,Clipart,mpf,Container or non-image metadata; preserved in original archive
bf0ab2ca2d90ddd4719a,Clipart/Ms OnLine ClipArt Collection 2003 CD2/Persone/persone_10.mpf,Clipart,mpf,Container or non-image metadata; preserved in original archive
8937729d4c30a64fe0a5,Clipart/Ms OnLine ClipArt Collection 2003 CD2/Persone/persone_11.mpf,Clipart,mpf,Container or non-image metadata; preserved in original archive
2d9414a7abeadc83133b,Clipart/Ms OnLine ClipArt Collection 2003 CD2/Persone/persone_2.mpf,Clipart,mpf,Container or non-image metadata; preserved in original archive
c3bcdca04a573dd0e6a0,Clipart/Ms OnLine ClipArt Collection 2003 CD2/Persone/persone_3.mpf,Clipart,mpf,Container or non-image metadata; preserved in original archive
ec37754b3f560432ce88,Clipart/Ms OnLine ClipArt Collection 2003 CD2/Persone/persone_4.mpf,Clipart,mpf,Container or non-image metadata; preserved in original archive
a28086353d1dc6572762,Clipart/Ms OnLine ClipArt Collection 2003 CD2/Persone/persone_5.mpf,Clipart,mpf,Container or non-image metadata; preserved in original archive
b3e93bfe7c6e27b8268c,Clipart/Ms OnLine ClipArt Collection 2003 CD2/Persone/persone_6.mpf,Clipart,mpf,Container or non-image metadata; preserved in original archive
029cf16a7029670c1814,Clipart/Ms OnLine ClipArt Collection 2003 CD2/Persone/persone_7.mpf,Clipart,mpf,Container or non-image metadata; preserved in original archive
3e4c43810919d98abe2b,Clipart/Ms OnLine ClipArt Collection 2003 CD2/Persone/persone_8.mpf,Clipart,mpf,Container or non-image metadata; preserved in original archive
a26ea6ae1507c8a59d37,Clipart/Ms OnLine ClipArt Collection 2003 CD2/Persone/persone_9.mpf,Clipart,mpf,Container or non-image metadata; preserved in original archive
5403456df59ff16f8db8,Clipart/Ms OnLine ClipArt Collection 2003 CD2/Web/web.mpf,Clipart,mpf,Container or non-image metadata; preserved in original archive
5de51d6f2198944aaac1,Clipart/Ms OnLine ClipArt Collection 2003 CD2/Web/web_10.mpf,Clipart,mpf,Container or non-image metadata; preserved in original archive
f8e341b67f7766f22817,Clipart/Ms OnLine ClipArt Collection 2003 CD2/Web/web_2.mpf,Clipart,mpf,Container or non-image metadata; preserved in original archive
90fd3409b6e322f0083a,Clipart/Ms OnLine ClipArt Collection 2003 CD2/Web/web_3.mpf,Clipart,mpf,Container or non-image metadata; preserved in original archive
350db45eb73e1b9c3f19,Clipart/Ms OnLine ClipArt Collection 2003 CD2/Web/web_4.mpf,Clipart,mpf,Container or non-image metadata; preserved in original archive
a66c7b9840b8aefa438f,Clipart/Ms OnLine ClipArt Collection 2003 CD2/Web/web_5.mpf,Clipart,mpf,Container or non-image metadata; preserved in original archive
c9b83218bd87d55f82f6,Clipart/Ms OnLine ClipArt Collection 2003 CD2/Web/web_6.mpf,Clipart,mpf,Container or non-image metadata; preserved in original archive
6479f88d466aee83548d,Clipart/Ms OnLine ClipArt Collection 2003 CD2/Web/web_7.mpf,Clipart,mpf,Container or non-image metadata; preserved in original archive
05d45e704f4fcefc8e15,Clipart/Ms OnLine ClipArt Collection 2003 CD2/Web/web_8.mpf,Clipart,mpf,Container or non-image metadata; preserved in original archive
b7267996344cef749e0d,Clipart/Ms OnLine ClipArt Collection 2003 CD2/Web/web_9.mpf,Clipart,mpf,Container or non-image metadata; preserved in original archive
9b85eae30b2631ffcb4e,EPS_Clipart/Alphabets - General (Part 1)/.DS_Store,EPS_Clipart,,Container or non-image metadata; preserved in original archive
b7a3f7145ffdad0992be,EPS_Clipart/Alphabets - General (Part 1)/Flowery/.DS_Store,EPS_Clipart,,Container or non-image metadata; preserved in original archive
c97146c38e52b6d72117,EPS_Clipart/Backgrounds (601 - 900)/Background 885.eps,EPS_Clipart,eps,"Ghostscript exit 1: %oparray_pop   1802   1   3   %oparray_pop   1801   1   3   %oparray_pop   --nostringval--   1787   1   3   %oparray_pop   1659   1   3   %oparray_pop   --nostringval--   %errorexec_pop   .runexec2   --nostringval--   --nostringval--   --nostringval--   2   %stopped_push   --nostringval--
Dictionary stack:
   --dict:737/1123(ro)(G)--   --dict:0/20(G)--   --dict:95/211(L)--   --dict:0/71(L)--
Current allocation mode is local
Last OS error: No such file or directory
Current file position is 21842
"
c1b7f0eae4acfe0de550,EPS_Clipart/Borders (Part 2)/Frames (1801 - 2100)/Frame 1854.eps,EPS_Clipart,eps,"Ghostscript exit 1: topped_push   --nostringval--   --nostringval--   --nostringval--   false   1   %stopped_push   1803   1   3   %oparray_pop   1802   1   3   %oparray_pop   1787   1   3   %oparray_pop   1659   1   3   %oparray_pop   --nostringval--   %errorexec_pop   .runexec2   --nostringval--   --nostringval--   --nostringval--   2   %stopped_push   --nostringval--
Dictionary stack:
   --dict:737/1123(ro)(G)--   --dict:0/20(G)--   --dict:85/211(L)--
Current allocation mode is local
Current file position is 15
"
cb6ec77328bec040d0a9,EPS_Clipart/Holidays (Part 1)/Christmas/Winter Holiday Fun (A - Sl)/Baby - Santa Hat.eps,EPS_Clipart,eps,"Ghostscript exit 1: h   1803   1   3   %oparray_pop   1802   1   3   %oparray_pop   1801   1   3   %oparray_pop   --nostringval--   1787   1   3   %oparray_pop   1659   1   3   %oparray_pop   --nostringval--   %errorexec_pop   .runexec2   --nostringval--   --nostringval--   --nostringval--   2   %stopped_push   --nostringval--
Dictionary stack:
   --dict:737/1123(ro)(G)--   --dict:0/20(G)--   --dict:96/211(L)--
Current allocation mode is local
Last OS error: No such file or directory
Current file position is 35508
"
58ed0c940665e7224ba5,Samples/Clipart/Actors/Thumbs.db,Samples,db,Container or non-image metadata; preserved in original archive
78d074bad23abc062593,Samples/Clipart/Animals and their People/Thumbs.db,Samples,db,Container or non-image metadata; preserved in original archive
b6c0f4d9e1ef08655e27,Samples/Clipart/Aquarium/Thumbs.db,Samples,db,Container or non-image metadata; preserved in original archive
05f14649385e17d735fd,Samples/Clipart/Aquatic Flowers/Thumbs.db,Samples,db,Container or non-image metadata; preserved in original archive
dbf07911852290a0c85d,Samples/Clipart/Army/Thumbs.db,Samples,db,Container or non-image metadata; preserved in original archive
dd7322748a0fec421d98,Samples/Clipart/Beautiful Landscapes/Thumbs.db,Samples,db,Container or non-image metadata; preserved in original archive
72568562ed19e4c4ead2,Samples/Clipart/Big Cats/Thumbs.db,Samples,db,Container or non-image metadata; preserved in original archive
d1cd5fedffc54cab987e,Samples/Clipart/Biziness/Thumbs.db,Samples,db,Container or non-image metadata; preserved in original archive
b50f28cedad7803b590a,Samples/Clipart/Business Woman/Thumbs.db,Samples,db,Container or non-image metadata; preserved in original archive
6358d178bf6b66f3ab04,Samples/Clipart/Businessmen/Thumbs.db,Samples,db,Container or non-image metadata; preserved in original archive
dcaec46243ea7d2202b9,Samples/Clipart/Butterflies/Thumbs.db,Samples,db,Container or non-image metadata; preserved in original archive
bff50ce26b7e1b1d390f,Samples/Clipart/Cats of the World/Thumbs.db,Samples,db,Container or non-image metadata; preserved in original archive
6c704054a17dc66675f7,Samples/Clipart/Dinosaurs/Thumbs.db,Samples,db,Container or non-image metadata; preserved in original archive
7b5989751c1ffaa85897,Samples/Clipart/Disco Queens and Kings/Thumbs.db,Samples,db,Container or non-image metadata; preserved in original archive
1c49f8fa3a12f8872878,Samples/Clipart/Dogs of the World/Thumbs.db,Samples,db,Container or non-image metadata; preserved in original archive
479f1def5ba0c7914700,Samples/Clipart/Environment/Thumbs.db,Samples,db,Container or non-image metadata; preserved in original archive
bbb0bb9c2b32a45acd3d,Samples/Clipart/Everyday People/Thumbs.db,Samples,db,Container or non-image metadata; preserved in original archive
d56ce23d1bfc3e48abeb,Samples/Clipart/Faces/Thumbs.db,Samples,db,Container or non-image metadata; preserved in original archive
a9d4cf79727f7b0c8520,Samples/Clipart/Fantasy Animals/Thumbs.db,Samples,db,Container or non-image metadata; preserved in original archive
96ec3985f0ab274ccadf,Samples/Clipart/Farm Life/Thumbs.db,Samples,db,Container or non-image metadata; preserved in original archive
32c3cb01e34d9e93ab10,Samples/Clipart/Forest/Thumbs.db,Samples,db,Container or non-image metadata; preserved in original archive
2b529c598bdef35f03b5,Samples/Clipart/Garden/Thumbs.db,Samples,db,Container or non-image metadata; preserved in original archive
aa38a03cf079a6204af7,Samples/Clipart/Gold Diggers/Thumbs.db,Samples,db,Container or non-image metadata; preserved in original archive
4f1776b396efe1bef3d8,Samples/Clipart/Grandparents/Thumbs.db,Samples,db,Container or non-image metadata; preserved in original archive
d0aa8618fe4d440f1112,Samples/Clipart/International Business People/Thumbs.db,Samples,db,Container or non-image metadata; preserved in original archive
718f2134fa98683dba25,Samples/Clipart/Japanese Women/Thumbs.db,Samples,db,Container or non-image metadata; preserved in original archive
94393b4c2ac3d4cb86d9,Samples/Clipart/Jungle/Thumbs.db,Samples,db,Container or non-image metadata; preserved in original archive
ece4b645ac000187f731,Samples/Clipart/Lab Stuff/Thumbs.db,Samples,db,Container or non-image metadata; preserved in original archive
6dbd5ca70851d6034ff0,Samples/Clipart/Landscapes in Closeup/Thumbs.db,Samples,db,Container or non-image metadata; preserved in original archive
2d22e2e076dea35e40dd,Samples/Clipart/Maintenance and Repair/Thumbs.db,Samples,db,Container or non-image metadata; preserved in original archive
add8b2621599655d4d6d,Samples/Clipart/Misc2/Thumbs.db,Samples,db,Container or non-image metadata; preserved in original archive
4d74f02031454f4c7fd4,Samples/Clipart/Misc3/Thumbs.db,Samples,db,Container or non-image metadata; preserved in original archive
e6fec20c7b7237336440,Samples/Clipart/Modern Teens/Thumbs.db,Samples,db,Container or non-image metadata; preserved in original archive
c038822ff1f04cc29238,Samples/Clipart/Mosaic Business Objects/Thumbs.db,Samples,db,Container or non-image metadata; preserved in original archive
de33ca73eef5292d4474,Samples/Clipart/My Pets/Thumbs.db,Samples,db,Container or non-image metadata; preserved in original archive
19b4e0fbbbaacd908bee,Samples/Clipart/National Costumes/Thumbs.db,Samples,db,Container or non-image metadata; preserved in original archive
31c8c69528577cadd295,Samples/Clipart/Office Christmas Party/Thumbs.db,Samples,db,Container or non-image metadata; preserved in original archive
c40d58826de43d40c768,Samples/Clipart/Retail/Thumbs.db,Samples,db,Container or non-image metadata; preserved in original archive
00920006cb11e8086f38,Samples/Clipart/Twins Life/Thumbs.db,Samples,db,Container or non-image metadata; preserved in original archive
83b81f8ecab1e41c2200,Samples/Clipart/Winter Wonderland/Thumbs.db,Samples,db,Container or non-image metadata; preserved in original archive
62fd90db45806f89c43b,Samples/Photo's/ANIMALS/Big Cats/Thumbs.db,Samples,db,Container or non-image metadata; preserved in original archive
d03f264365708ce4a042,Samples/Photo's/ANIMALS/Big Cats/desktop.ini,Samples,ini,Container or non-image metadata; preserved in original archive
b75a54bb7765e2b79e06,Samples/Photo's/ANIMALS/Birds 2/Thumbs.db,Samples,db,Container or non-image metadata; preserved in original archive
3c18dd714883f89b1de8,Samples/Photo's/ANIMALS/Buffalos/Thumbs.db,Samples,db,Container or non-image metadata; preserved in original archive
6c2147a2852c0b2e8845,Samples/Photo's/ANIMALS/Butterflies/Thumbs.db,Samples,db,Container or non-image metadata; preserved in original archive
09114b06605161a8fcf8,Samples/Photo's/ANIMALS/CAMELS/Thumbs.db,Samples,db,Container or non-image metadata; preserved in original archive
75a86c45b1301c6cdde6,Samples/Photo's/ANIMALS/COWS/Thumbs.db,Samples,db,Container or non-image metadata; preserved in original archive
8a86faa17efecc8a1aa1,Samples/Photo's/ANIMALS/Chipmunks/Thumbs.db,Samples,db,Container or non-image metadata; preserved in original archive
4412cd831fce399970e0,Samples/Photo's/ANIMALS/Elephants/Thumbs.db,Samples,db,Container or non-image metadata; preserved in original archive
2d50853364ca715701d5,Samples/Photo's/ANIMALS/Elks/Thumbs.db,Samples,db,Container or non-image metadata; preserved in original archive
be897101de51118a1ca6,Samples/Photo's/ANIMALS/Farm Animals/Thumbs.db,Samples,db,Container or non-image metadata; preserved in original archive
e4f90b4c138cdb8dff84,Samples/Photo's/ANIMALS/Flamingos/Thumbs.db,Samples,db,Container or non-image metadata; preserved in original archive
743a60b141a1e5c3fdab,Samples/Photo's/ANIMALS/GIRAFFES/Thumbs.db,Samples,db,Container or non-image metadata; preserved in original archive
2952eee5878b0c589e56,Samples/Photo's/ANIMALS/GIRAFFES/desktop.ini,Samples,ini,Container or non-image metadata; preserved in original archive
6ee1d887439d0e95552a,Samples/Photo's/ANIMALS/GOATS/Thumbs.db,Samples,db,Container or non-image metadata; preserved in original archive
b128f8af870e78320abf,Samples/Photo's/ANIMALS/Ground Hogs/075_188.JPG,Samples,jpg,Empty file (0 bytes); no recoverable image data
76588e851c423f5ee345,Samples/Photo's/ANIMALS/Ground Hogs/077_188.JPG,Samples,jpg,Empty file (0 bytes); no recoverable image data
83e9d8fd8273fa60e149,Samples/Photo's/ANIMALS/Ground Hogs/080_111.JPG,Samples,jpg,Empty file (0 bytes); no recoverable image data
027127febb102f94f1e3,Samples/Photo's/ANIMALS/Ground Hogs/080_188.JPG,Samples,jpg,Empty file (0 bytes); no recoverable image data
04ca56b6b8c68d6a6036,Samples/Photo's/ANIMALS/Ground Hogs/081_188.JPG,Samples,jpg,Empty file (0 bytes); no recoverable image data
26efd0ff4cc389329cb3,Samples/Photo's/ANIMALS/Ground Hogs/082_188.JPG,Samples,jpg,Empty file (0 bytes); no recoverable image data
37b7f659110f6012a991,Samples/Photo's/ANIMALS/Ground Hogs/93_201.JPG,Samples,jpg,Empty file (0 bytes); no recoverable image data
4b29121a26586a1ef9af,Samples/Photo's/ANIMALS/Ground Hogs/ANIML24.JPG,Samples,jpg,Empty file (0 bytes); no recoverable image data
1536b74f71b6054dcbfa,Samples/Photo's/ANIMALS/Ground Hogs/ANIML25.JPG,Samples,jpg,Empty file (0 bytes); no recoverable image data
200293ab987c7603c63d,Samples/Photo's/ANIMALS/Ground Hogs/Thumbs.db,Samples,db,Container or non-image metadata; preserved in original archive
d985fcef0333fd0ceb6d,Samples/Photo's/ANIMALS/HIPPOS/033_109.JPG,Samples,jpg,Empty file (0 bytes); no recoverable image data
7015dad6ea6e87fd7998,Samples/Photo's/ANIMALS/HIPPOS/034_109.JPG,Samples,jpg,Empty file (0 bytes); no recoverable image data
70cd5310a6af7247adf3,Samples/Photo's/ANIMALS/HIPPOS/053_111.JPG,Samples,jpg,Empty file (0 bytes); no recoverable image data
59a65d0d155a55909439,Samples/Photo's/ANIMALS/HIPPOS/59_113.JPG,Samples,jpg,Empty file (0 bytes); no recoverable image data
9c44f1661fbc646896cd,Samples/Photo's/ANIMALS/HIPPOS/60_113.JPG,Samples,jpg,Empty file (0 bytes); no recoverable image data
00e78991e33b90ccf9f7,Samples/Photo's/ANIMALS/HIPPOS/61_113.JPG,Samples,jpg,Empty file (0 bytes); no recoverable image data
0d70e41f3adbf1db61c8,Samples/Photo's/ANIMALS/HIPPOS/62_113.JPG,Samples,jpg,Empty file (0 bytes); no recoverable image data
6137745bef9ea70a5467,Samples/Photo's/ANIMALS/HIPPOS/64_113.JPG,Samples,jpg,Empty file (0 bytes); no recoverable image data
fca29b7d349741844eca,Samples/Photo's/ANIMALS/HIPPOS/65_113.JPG,Samples,jpg,Empty file (0 bytes); no recoverable image data
6a750b6846834aaa614f,Samples/Photo's/ANIMALS/HIPPOS/66_113.JPG,Samples,jpg,Empty file (0 bytes); no recoverable image data
f74328ad5e7c2fa8462b,Samples/Photo's/ANIMALS/HIPPOS/84_222.JPG,Samples,jpg,Empty file (0 bytes); no recoverable image data
2b0700c2c6c6f52fd866,Samples/Photo's/ANIMALS/HIPPOS/85_222.JPG,Samples,jpg,Empty file (0 bytes); no recoverable image data
0a068313ef32cb5cb71e,Samples/Photo's/ANIMALS/HIPPOS/86_222.JPG,Samples,jpg,Empty file (0 bytes); no recoverable image data
58e3493cf9624eccb04a,Samples/Photo's/ANIMALS/HIPPOS/87_222.JPG,Samples,jpg,Empty file (0 bytes); no recoverable image data
c5277b48d82308f3a788,Samples/Photo's/ANIMALS/HIPPOS/88_222.JPG,Samples,jpg,Empty file (0 bytes); no recoverable image data
5af6f96cf12ad8993846,Samples/Photo's/ANIMALS/HIPPOS/89_222.JPG,Samples,jpg,Empty file (0 bytes); no recoverable image data
2572d8f4c0d49b822257,Samples/Photo's/ANIMALS/HIPPOS/90_222.JPG,Samples,jpg,Empty file (0 bytes); no recoverable image data
7f6975d9e18bfc9cc1b0,Samples/Photo's/ANIMALS/HIPPOS/91_222.JPG,Samples,jpg,Empty file (0 bytes); no recoverable image data
e7121eeebe5a70642594,Samples/Photo's/ANIMALS/HIPPOS/92_222.JPG,Samples,jpg,Empty file (0 bytes); no recoverable image data
4cf2edfb574eb022d83c,Samples/Photo's/ANIMALS/HIPPOS/95_222.JPG,Samples,jpg,Empty file (0 bytes); no recoverable image data
3c0775045d148d9bd2e1,Samples/Photo's/ANIMALS/HIPPOS/96_222.JPG,Samples,jpg,Empty file (0 bytes); no recoverable image data
9249bf2c337c822e4aab,Samples/Photo's/ANIMALS/HIPPOS/97_222.JPG,Samples,jpg,Empty file (0 bytes); no recoverable image data
e12064f3b823bd90ed65,Samples/Photo's/ANIMALS/HIPPOS/Folder.imf,Samples,imf,Empty file (0 bytes); no recoverable image data
f091d9f34c5c1269259b,Samples/Photo's/ANIMALS/HORSES/044_111.JPG,Samples,jpg,Empty file (0 bytes); no recoverable image data
ad8b15d82030a070ef5d,Samples/Photo's/ANIMALS/HORSES/51_158.JPG,Samples,jpg,Empty file (0 bytes); no recoverable image data
32fa3a04a98a517f9fd1,Samples/Photo's/ANIMALS/HORSES/75_104.JPG,Samples,jpg,Empty file (0 bytes); no recoverable image data
1eef12055100583d24c5,Samples/Photo's/ANIMALS/HORSES/Thumbs.db,Samples,db,Container or non-image metadata; preserved in original archive
197a293221117e6840f1,Samples/Photo's/ANIMALS/HORSES/desktop.ini,Samples,ini,Container or non-image metadata; preserved in original archive
4663d600d17514aec2f7,Samples/Photo's/ANIMALS/INSECTS/Thumbs.db,Samples,db,Container or non-image metadata; preserved in original archive
8e344dbfb1873e9cd979,Samples/Photo's/ANIMALS/Miscellaneous/Thumbs.db,Samples,db,Container or non-image metadata; preserved in original archive
185a51c59264548db937,Samples/Photo's/ANIMALS/Mountain Sheep/Thumbs.db,Samples,db,Container or non-image metadata; preserved in original archive
a648e77abb763294fb8e,Samples/Photo's/ANIMALS/Ostriches/Thumbs.db,Samples,db,Container or non-image metadata; preserved in original archive
81ff5418bb96c3b1c026,Samples/Photo's/ANIMALS/PEACOCKS/Thumbs.db,Samples,db,Container or non-image metadata; preserved in original archive
e6397ca92fbe6b3205ed,Samples/Photo's/ANIMALS/PETS/Thumbs.db,Samples,db,Container or non-image metadata; preserved in original archive
592fca7435a5ff6a384d,Samples/Photo's/ANIMALS/PRIMATES/Thumbs.db,Samples,db,Container or non-image metadata; preserved in original archive
3934f2c8c0f757235362,Samples/Photo's/ANIMALS/Penguins/Thumbs.db,Samples,db,Container or non-image metadata; preserved in original archive
111570fe8dc5270bd801,Samples/Photo's/ANIMALS/RABBITS/Thumbs.db,Samples,db,Container or non-image metadata; preserved in original archive
73b20f7765eee65d41dc,Samples/Photo's/ANIMALS/REPTILES/Thumbs.db,Samples,db,Container or non-image metadata; preserved in original archive
c745cd6c7662bb85bc93,Samples/Photo's/ANIMALS/RHINO/Thumbs.db,Samples,db,Container or non-image metadata; preserved in original archive
9e35f35deda0bfe9479b,Samples/Photo's/ANIMALS/SEALS/Thumbs.db,Samples,db,Container or non-image metadata; preserved in original archive
48be8104627e41aac3d7,Samples/Photo's/ANIMALS/Zebras/Thumbs.db,Samples,db,Container or non-image metadata; preserved in original archive
4129fc21c329b744199a,Samples/Snipart/ARTISTIC/Thumbs.db,Samples,db,Container or non-image metadata; preserved in original archive
ad31aeffd758f37d9252,Samples/Snipart/Code Gods/Thumbs.db,Samples,db,Container or non-image metadata; preserved in original archive
c0bdc1ca67077782302d,Samples/Snipart/Craftsmen/Thumbs.db,Samples,db,Container or non-image metadata; preserved in original archive
7dda06c18ef6c90103f9,Samples/Snipart/DRINK/Thumbs.db,Samples,db,Container or non-image metadata; preserved in original archive
cf58d629ece296c9746c,Samples/Snipart/Deep Sea/Thumbs.db,Samples,db,Container or non-image metadata; preserved in original archive
194a057c5acdbbb2d4ab,Samples/Snipart/ESKIMOS/Thumbs.db,Samples,db,Container or non-image metadata; preserved in original archive
f8010bf0710dd3c2fd99,Samples/Snipart/FOOD/Thumbs.db,Samples,db,Container or non-image metadata; preserved in original archive
4f4482d2074b2dc09467,Samples/Snipart/Flow Charts/Thumbs.db,Samples,db,Container or non-image metadata; preserved in original archive
bfe92f34e3579702544b,Samples/Snipart/Furniture/Thumbs.db,Samples,db,Container or non-image metadata; preserved in original archive
55ee16b9f313a08db2c8,Samples/Snipart/HANAKA/Thumbs.db,Samples,db,Container or non-image metadata; preserved in original archive
a19312b2b7f84ea4cf21,Samples/Snipart/INFANT/Thumbs.db,Samples,db,Container or non-image metadata; preserved in original archive
60dedf3205071c6a72a4,Samples/Snipart/Kids Games/Thumbs.db,Samples,db,Container or non-image metadata; preserved in original archive
5ab721623ad0b82f2e9c,Samples/Snipart/LOTTO/Thumbs.db,Samples,db,Container or non-image metadata; preserved in original archive
25f68b614d718b400d8a,Samples/Snipart/New Baby/Thumbs.db,Samples,db,Container or non-image metadata; preserved in original archive
48c34393ceb846a244f3,Samples/Snipart/SEASONS/Thumbs.db,Samples,db,Container or non-image metadata; preserved in original archive
b83b2ae2a95108b50a05,Samples/Snipart/SHIELDS/EXTRAS/Thumbs.db,Samples,db,Container or non-image metadata; preserved in original archive
6f603107a655b432f600,Samples/Snipart/SHIELDS/IRISH/Thumbs.db,Samples,db,Container or non-image metadata; preserved in original archive
b94a3b55affa7e1bcff9,Samples/Snipart/SHIELDS/Thumbs.db,Samples,db,Container or non-image metadata; preserved in original archive
788868bf3f8c082c05ec,Samples/Snipart/SIGNS/Thumbs.db,Samples,db,Container or non-image metadata; preserved in original archive
6d4d8fcb85c44c8e7dd9,Samples/Snipart/SPORT/Thumbs.db,Samples,db,Container or non-image metadata; preserved in original archive
7851339656f29552e4d1,Samples/Snipart/SPORTS/Thumbs.db,Samples,db,Container or non-image metadata; preserved in original archive
dfd0c9ece608ce002dd7,Samples/Snipart/School Kids/Thumbs.db,Samples,db,Container or non-image metadata; preserved in original archive
ad59675f7c13dd52dcca,Samples/Snipart/Science Fiction/Thumbs.db,Samples,db,Container or non-image metadata; preserved in original archive
bf51c9c13413be6f6e35,Samples/Snipart/Sports Animations/Thumbs.db,Samples,db,Container or non-image metadata; preserved in original archive
ebb705fdff77fc8b0d65,Samples/Snipart/TEXTILE/Thumbs.db,Samples,db,Container or non-image metadata; preserved in original archive
f30324b6c23bbe0a0ef7,Samples/Snipart/WEATHER/Thumbs.db,Samples,db,Container or non-image metadata; preserved in original archive
5aff142c8f28e9b9b04c,Samples/Snipart/WOOD/Thumbs.db,Samples,db,Container or non-image metadata; preserved in original archive
e26210fd5319eb5a2951,Samples/Snipart/XMAS/Thumbs.db,Samples,db,Container or non-image metadata; preserved in original archive
0b087964b3ca83ac9dee,Samples/Toons/TOON01/Thumbs.db,Samples,db,Container or non-image metadata; preserved in original archive
c65ebd40cc8b1aef97e3,Samples/Toons/TOON02/Thumbs.db,Samples,db,Container or non-image metadata; preserved in original archive
64c3d62cf5b4c912e97d,Samples/Toons/TOON03/Thumbs.db,Samples,db,Container or non-image metadata; preserved in original archive
9cc58d3730128dcf1c22,Samples/Toons/TOON10/Thumbs.db,Samples,db,Container or non-image metadata; preserved in original archive
e47a783e6b6979f2b71a,Clipart/Ms OnLine ClipArt Collection 2003 CD2/Elementi Decorativi/elementi_5.mpf::44/AG00106_.gif,Clipart,gif,Empty or uniform image; no distinguishable artwork
5d3b2658baa8123293d8,Clipart/Ms OnLine ClipArt Collection 2003 CD2/Elementi Decorativi/elementi_5.mpf::50/AG00049_.gif,Clipart,gif,Empty or uniform image; no distinguishable artwork
06bf758be92d475eb22f,Clipart/Ms OnLine ClipArt Collection 2003 CD2/Elementi Decorativi/elementi_5.mpf::51/AG00048_.gif,Clipart,gif,Empty or uniform image; no distinguishable artwork
91589559c033a5319b91,Clipart/Ms OnLine ClipArt Collection 2003 CD2/Elementi Decorativi/elementi_5.mpf::52/AG00047_.gif,Clipart,gif,Empty or uniform image; no distinguishable artwork
bc7b5a503821883e7229,Clipart/Ms OnLine ClipArt Collection 2003 CD2/Emozioni/emozioni_1.mpf::46/j0074317.mid,Clipart,mid,Container or non-image metadata; preserved in original archive
c8e0372c19abc9d06c59,Clipart/Ms OnLine ClipArt Collection 2003 CD2/Emozioni/emozioni_1.mpf::47/j0082187.mid,Clipart,mid,Container or non-image metadata; preserved in original archive
5b38e1ffb697e44a6d49,Clipart/Ms OnLine ClipArt Collection 2003 CD2/Emozioni/emozioni_2.mpf::4/j0074325.mid,Clipart,mid,Container or non-image metadata; preserved in original archive
e38fa8e0afae97657029,Clipart/Ms OnLine ClipArt Collection 2003 CD2/Emozioni/emozioni_2.mpf::40/SN00789A.wav,Clipart,wav,Container or non-image metadata; preserved in original archive
64cce5f18ac3c6ef5698,Clipart/Ms OnLine ClipArt Collection 2003 CD2/Emozioni/emozioni_2.mpf::41/SN00793A.wav,Clipart,wav,Container or non-image metadata; preserved in original archive
f8756db54a8dd9f279a8,Clipart/Ms OnLine ClipArt Collection 2003 CD2/Emozioni/emozioni_2.mpf::42/SN00725A.wav,Clipart,wav,Container or non-image metadata; preserved in original archive
a2304b4766c95b7fc770,Clipart/Ms OnLine ClipArt Collection 2003 CD2/Emozioni/emozioni_2.mpf::43/SN00278A.wav,Clipart,wav,Container or non-image metadata; preserved in original archive
98d63bd6a4670ae77b47,Clipart/Ms OnLine ClipArt Collection 2003 CD2/Emozioni/emozioni_3.mpf::103/j0074873.wav,Clipart,wav,Container or non-image metadata; preserved in original archive
2e518de09f552c52d962,Clipart/Ms OnLine ClipArt Collection 2003 CD2/Emozioni/emozioni_3.mpf::104/SN00823A.wav,Clipart,wav,Container or non-image metadata; preserved in original archive
b771cdf4a384cffce647,Clipart/Ms OnLine ClipArt Collection 2003 CD2/Emozioni/emozioni_3.mpf::105/SN00794A.wav,Clipart,wav,Container or non-image metadata; preserved in original archive
9e267dd7343db7ac1dc7,Clipart/Ms OnLine ClipArt Collection 2003 CD2/Emozioni/emozioni_3.mpf::106/j0074793.wav,Clipart,wav,Container or non-image metadata; preserved in original archive
f6d9c9f80c2b54152b2f,Clipart/Ms OnLine ClipArt Collection 2003 CD2/Emozioni/emozioni_3.mpf::107/SN00756A.wav,Clipart,wav,Container or non-image metadata; preserved in original archive
b7f58d245d10ab61bfb9,Clipart/Ms OnLine ClipArt Collection 2003 CD2/Emozioni/emozioni_3.mpf::108/SN00755A.wav,Clipart,wav,Container or non-image metadata; preserved in original archive
3a7e150aec97dcfe388c,Clipart/Ms OnLine ClipArt Collection 2003 CD2/Emozioni/emozioni_3.mpf::109/SN00920A.wav,Clipart,wav,Container or non-image metadata; preserved in original archive
b27ae1bce12b1183387c,Clipart/Ms OnLine ClipArt Collection 2003 CD2/Emozioni/emozioni_3.mpf::110/SN00716A.wav,Clipart,wav,Container or non-image metadata; preserved in original archive
9d3e1e094b7892b036b9,Clipart/Ms OnLine ClipArt Collection 2003 CD2/Emozioni/emozioni_3.mpf::111/SN00507A.wav,Clipart,wav,Container or non-image metadata; preserved in original archive
88090e31cc805f8e8c8f,Clipart/Ms OnLine ClipArt Collection 2003 CD2/Emozioni/emozioni_3.mpf::112/j0082205.mid,Clipart,mid,Container or non-image metadata; preserved in original archive
76fe9dc0958b77aa335f,Clipart/Ms OnLine ClipArt Collection 2003 CD2/Emozioni/emozioni_3.mpf::113/j0082188.mid,Clipart,mid,Container or non-image metadata; preserved in original archive
7774b9703f8a396f6dc7,Clipart/Ms OnLine ClipArt Collection 2003 CD2/Emozioni/emozioni_5.mpf::49/SN00787A.wav,Clipart,wav,Container or non-image metadata; preserved in original archive
e89397fb815328e05ef9,Clipart/Ms OnLine ClipArt Collection 2003 CD2/Fantasia/fantasia_1.mpf::29/SN00482A.wav,Clipart,wav,Container or non-image metadata; preserved in original archive
a249a87f0a518fa8c5f8,Clipart/Ms OnLine ClipArt Collection 2003 CD2/Fantasia/fantasia_1.mpf::30/SN00485A.wav,Clipart,wav,Container or non-image metadata; preserved in original archive
dddf2c5de8b729b247b9,Clipart/Ms OnLine ClipArt Collection 2003 CD2/Fantasia/fantasia_3.mpf::49/SN00723A.wav,Clipart,wav,Container or non-image metadata; preserved in original archive
cdf5d943c4aa167c1671,Clipart/Ms OnLine ClipArt Collection 2003 CD2/Fumetti/fumetti_1.mpf::18/SN00482A.wav,Clipart,wav,Container or non-image metadata; preserved in original archive
3f2b3d052e510511935e,Clipart/Ms OnLine ClipArt Collection 2003 CD2/Fumetti/fumetti_1.mpf::19/SN00485A.wav,Clipart,wav,Container or non-image metadata; preserved in original archive
5e0c0f127e8fae15ed37,Clipart/Ms OnLine ClipArt Collection 2003 CD2/Fumetti/fumetti_3.mpf::39/SN00723A.wav,Clipart,wav,Container or non-image metadata; preserved in original archive
9bac3fb9d11c366321b4,Clipart/Ms OnLine ClipArt Collection 2003 CD2/Governo/governo2.mpf::36/j0074324.mid,Clipart,mid,Container or non-image metadata; preserved in original archive
37e0f861e404fa75fd2e,Clipart/Ms OnLine ClipArt Collection 2003 CD2/Governo/governo2.mpf::37/j0097502.wav,Clipart,wav,Container or non-image metadata; preserved in original archive
5a0956e8a18b8264b5d2,Clipart/Ms OnLine ClipArt Collection 2003 CD2/Governo/governo2.mpf::38/j0097485.wav,Clipart,wav,Container or non-image metadata; preserved in original archive
c0ed96df6da5740f8edb,Clipart/Ms OnLine ClipArt Collection 2003 CD2/Governo/governo2.mpf::39/j0097484.wav,Clipart,wav,Container or non-image metadata; preserved in original archive
ea88d7255e6b8d35a284,Clipart/Ms OnLine ClipArt Collection 2003 CD2/Governo/governo_6.mpf::112/j0082197.mid,Clipart,mid,Container or non-image metadata; preserved in original archive
0356c747202cbb2c1310,Clipart/Ms OnLine ClipArt Collection 2003 CD2/Governo/governo_6.mpf::113/BD19518_.mid,Clipart,mid,Container or non-image metadata; preserved in original archive
e2e4cb95538b646a4812,Clipart/Ms OnLine ClipArt Collection 2003 CD2/Industria/industria_11.mpf::29/j0074866.wav,Clipart,wav,Container or non-image metadata; preserved in original archive
51908a842c8e6986918b,Clipart/Ms OnLine ClipArt Collection 2003 CD2/Industria/industria_11.mpf::30/j0074850.wav,Clipart,wav,Container or non-image metadata; preserved in original archive
82ae17b213c3e064b60b,Clipart/Ms OnLine ClipArt Collection 2003 CD2/Industria/industria_11.mpf::33/j0074801.wav,Clipart,wav,Container or non-image metadata; preserved in original archive
93f6e498e723fcac6241,Clipart/Ms OnLine ClipArt Collection 2003 CD2/Industria/industria_11.mpf::35/j0074782.wav,Clipart,wav,Container or non-image metadata; preserved in original archive
57247cf4262a20d0c364,Clipart/Ms OnLine ClipArt Collection 2003 CD2/Industria/industria_11.mpf::38/j0074781.wav,Clipart,wav,Container or non-image metadata; preserved in original archive
58f73159a047e82c8857,Clipart/Ms OnLine ClipArt Collection 2003 CD2/Industria/industria_11.mpf::39/j0074780.wav,Clipart,wav,Container or non-image metadata; preserved in original archive
6cf006484ed5e7392157,Clipart/Ms OnLine ClipArt Collection 2003 CD2/Industria/industria_11.mpf::40/j0074775.wav,Clipart,wav,Container or non-image metadata; preserved in original archive
61b17adc7d6f80130a63,Clipart/Ms OnLine ClipArt Collection 2003 CD2/Industria/industria_11.mpf::41/j0074763.wav,Clipart,wav,Container or non-image metadata; preserved in original archive
e5b399372ef4473646c7,Clipart/Ms OnLine ClipArt Collection 2003 CD2/Industria/industria_11.mpf::46/j0074715.wav,Clipart,wav,Container or non-image metadata; preserved in original archive
94b5189fdb6f32d5d469,Clipart/Ms OnLine ClipArt Collection 2003 CD2/Industria/industria_11.mpf::55/j0074642.wav,Clipart,wav,Container or non-image metadata; preserved in original archive
4104a87ef6924295bb00,Clipart/Ms OnLine ClipArt Collection 2003 CD2/Industria/industria_11.mpf::56/j0074637.wav,Clipart,wav,Container or non-image metadata; preserved in original archive
beb5dc1493c5311abd78,Clipart/Ms OnLine ClipArt Collection 2003 CD2/Industria/industria_11.mpf::57/j0074314.mid,Clipart,mid,Container or non-image metadata; preserved in original archive
8655ef58d7c499ec1937,Clipart/Ms OnLine ClipArt Collection 2003 CD2/Industria/industria_11.mpf::58/j0097502.wav,Clipart,wav,Container or non-image metadata; preserved in original archive
57e8b6da498ad4363da4,Clipart/Ms OnLine ClipArt Collection 2003 CD2/Industria/industria_11.mpf::59/j0074288.mid,Clipart,mid,Container or non-image metadata; preserved in original archive
bba51b3381dfe8205226,Clipart/Ms OnLine ClipArt Collection 2003 CD2/Industria/industria_11.mpf::60/j0097485.wav,Clipart,wav,Container or non-image metadata; preserved in original archive
cefd13c8a8f972c43a5b,Clipart/Ms OnLine ClipArt Collection 2003 CD2/Industria/industria_11.mpf::61/j0097484.wav,Clipart,wav,Container or non-image metadata; preserved in original archive
c097bb2d7af8ef739fa4,Clipart/Ms OnLine ClipArt Collection 2003 CD2/Istruzione/istruzione_3.mpf::97/j0074947.wav,Clipart,wav,Container or non-image metadata; preserved in original archive
f20230035a330067a4c3,Clipart/Ms OnLine ClipArt Collection 2003 CD2/Istruzione/istruzione_9.mpf::47/SN00810A.wav,Clipart,wav,Container or non-image metadata; preserved in original archive
06e4c2bce8d873ce902e,Clipart/Ms OnLine ClipArt Collection 2003 CD2/Localit_/localita_8.mpf::63/j0074311.mid,Clipart,mid,Container or non-image metadata; preserved in original archive
c421ecc51a4473f26053,Clipart/Ms OnLine ClipArt Collection 2003 CD2/Natura/natura_1.mpf::39/j0074951.wav,Clipart,wav,Container or non-image metadata; preserved in original archive
cfa699bfd5e0f803a223,Clipart/Ms OnLine ClipArt Collection 2003 CD2/Natura/natura_12.mpf::45/SN00747A.wav,Clipart,wav,Container or non-image metadata; preserved in original archive
b9a869bc446f665dec76,Clipart/Ms OnLine ClipArt Collection 2003 CD2/Natura/natura_2.mpf::22/j0075062.wav,Clipart,wav,Container or non-image metadata; preserved in original archive
af66ce45dd11dd8befb8,Clipart/Ms OnLine ClipArt Collection 2003 CD2/Natura/natura_2.mpf::23/j0075061.wav,Clipart,wav,Container or non-image metadata; preserved in original archive
735939e13ecc33371799,Clipart/Ms OnLine ClipArt Collection 2003 CD2/Occasioni particolari/occasioni_12.mpf::106/BD14488_.mid,Clipart,mid,Container or non-image metadata; preserved in original archive
b6953ca3c8706d80a5bd,Clipart/Ms OnLine ClipArt Collection 2003 CD2/Occasioni particolari/occasioni_12.mpf::107/BD14487_.mid,Clipart,mid,Container or non-image metadata; preserved in original archive
890e3c537f276570395d,Clipart/Ms OnLine ClipArt Collection 2003 CD2/Occasioni particolari/occasioni_12.mpf::108/SN00611_.mid,Clipart,mid,Container or non-image metadata; preserved in original archive
2eb5835f5e2948e8d42a,Clipart/Ms OnLine ClipArt Collection 2003 CD2/Occasioni particolari/occasioni_12.mpf::109/SN00460_.mid,Clipart,mid,Container or non-image metadata; preserved in original archive
5443d472e5b6927eb56d,Clipart/Ms OnLine ClipArt Collection 2003 CD2/Occasioni particolari/occasioni_12.mpf::110/BD00320_.mid,Clipart,mid,Container or non-image metadata; preserved in original archive
b1d6aa8b1885a1ff0a45,Clipart/Ms OnLine ClipArt Collection 2003 CD2/Occasioni particolari/occasioni_12.mpf::111/BD00307_.mid,Clipart,mid,Container or non-image metadata; preserved in original archive
e477495834a679890194,Clipart/Ms OnLine ClipArt Collection 2003 CD2/Occasioni particolari/occasioni_12.mpf::112/BD00299_.mid,Clipart,mid,Container or non-image metadata; preserved in original archive
38258cb87431f8efaa8a,Clipart/Ms OnLine ClipArt Collection 2003 CD2/Occasioni particolari/occasioni_12.mpf::113/BD00281_.mid,Clipart,mid,Container or non-image metadata; preserved in original archive
1a6735058d106e99338e,Clipart/Ms OnLine ClipArt Collection 2003 CD2/Occasioni particolari/occasioni_12.mpf::114/BD00275_.mid,Clipart,mid,Container or non-image metadata; preserved in original archive
a26db6ecaa9d4635e703,Clipart/Ms OnLine ClipArt Collection 2003 CD2/Occasioni particolari/occasioni_12.mpf::115/BD00272_.mid,Clipart,mid,Container or non-image metadata; preserved in original archive
4a5640a7a67b61573bb0,Clipart/Ms OnLine ClipArt Collection 2003 CD2/Occasioni particolari/occasioni_7.mpf::28/SN00504_.mid,Clipart,mid,Container or non-image metadata; preserved in original archive
ce8f1af62046bff576da,Clipart/Ms OnLine ClipArt Collection 2003 CD2/Occasioni particolari/occasioni_7.mpf::29/SN00018_.mid,Clipart,mid,Container or non-image metadata; preserved in original archive
fb3e300356a8d26c4c44,Clipart/Ms OnLine ClipArt Collection 2003 CD2/Occasioni particolari/occasioni_7.mpf::30/SN00017_.mid,Clipart,mid,Container or non-image metadata; preserved in original archive
dc0c321157c9d1c49294,Clipart/Ms OnLine ClipArt Collection 2003 CD2/Occasioni particolari/occasioni_8.mpf::61/SN00457_.mid,Clipart,mid,Container or non-image metadata; preserved in original archive
4cda093076f52954ce55,Clipart/Ms OnLine ClipArt Collection 2003 CD2/Occasioni particolari/occasioni_8.mpf::62/SN00494_.mid,Clipart,mid,Container or non-image metadata; preserved in original archive
8a303a59480c009b92c2,Clipart/Ms OnLine ClipArt Collection 2003 CD2/Occasioni particolari/occasioni_8.mpf::93/SN00782A.wav,Clipart,wav,Container or non-image metadata; preserved in original archive
9344852f08cc0212380a,Clipart/Ms OnLine ClipArt Collection 2003 CD2/Occasioni particolari/occasioni_8.mpf::94/SN00276_.mid,Clipart,mid,Container or non-image metadata; preserved in original archive
0456d420375bff918827,Clipart/Ms OnLine ClipArt Collection 2003 CD2/Occasioni particolari/occasioni_8.mpf::95/j0074309.mid,Clipart,mid,Container or non-image metadata; preserved in original archive
f3b25a983e36bfbf058e,Clipart/Ms OnLine ClipArt Collection 2003 CD2/Occasioni particolari/occasioni_8.mpf::96/j0082180.mid,Clipart,mid,Container or non-image metadata; preserved in original archive
5296f79845987661a4b2,Clipart/Ms OnLine ClipArt Collection 2003 CD2/Persone/persone_2.mpf::35/SN00653A.wav,Clipart,wav,Container or non-image metadata; preserved in original archive
f4e7425dd683d3c85ce9,Clipart/Ms OnLine ClipArt Collection 2003 CD2/Persone/persone_4.mpf::32/SN00283A.wav,Clipart,wav,Container or non-image metadata; preserved in original archive
29d2df9d7c3de0120fc2,Clipart/Ms OnLine ClipArt Collection 2003 CD2/Persone/persone_4.mpf::33/j0074651.wav,Clipart,wav,Container or non-image metadata; preserved in original archive
5a1900d402271ef2b177,Clipart/Ms OnLine ClipArt Collection 2003 CD2/Persone/persone_4.mpf::44/j0074947.wav,Clipart,wav,Container or non-image metadata; preserved in original archive
1337a3dcde8da2f3e621,Clipart/Ms OnLine ClipArt Collection 2003 CD2/Persone/persone_6.mpf::34/SN00578A.wav,Clipart,wav,Container or non-image metadata; preserved in original archive
8b001eabcc8bfe55c093,Clipart/Ms OnLine ClipArt Collection 2003 CD2/Persone/persone_6.mpf::61/SN00255A.wav,Clipart,wav,Container or non-image metadata; preserved in original archive
1cdcd4c7503c28ccaf0f,Clipart/Ms OnLine ClipArt Collection 2003 CD2/Web/web_10.mpf::27/BD21521_.gif,Clipart,gif,Empty or uniform image; no distinguishable artwork
