collection,path,sha256,issue
work/full-audit/downloads/mega-assets-v1/jam-ready-assets.zip,jam-ready-assets/kenney-splat-pack/2D/misc/Vector/splat18.svg,f56d3fcd7b3e043df221754ae4c22ce692ccf8649f43be3924158c96c9fd4cf5,No explicit SVG canvas/viewBox; verify importer bounds. One gameCharacter.svg has a corrected override.
work/full-audit/downloads/mega-assets-v1/jam-ready-assets.zip,jam-ready-assets/kenney-splat-pack/2D/misc/Vector/overview.svg,6a737ecd5659912d7aeef106451a59728d991a414e2d87138930f17b06a08158,No explicit SVG canvas/viewBox; verify importer bounds. One gameCharacter.svg has a corrected override.
work/full-audit/downloads/mega-assets-v1/jam-ready-assets.zip,jam-ready-assets/kenney-splat-pack/2D/misc/Vector/splat26.svg,8bb135429798035763e879d88c3a2f3758465e0508e7cb39520c313bf6f529de,No explicit SVG canvas/viewBox; verify importer bounds. One gameCharacter.svg has a corrected override.
work/full-audit/downloads/mega-assets-v1/jam-ready-assets.zip,jam-ready-assets/kenney-splat-pack/2D/misc/Vector/splat00.svg,da55460e19fcb7c1348f0efc41e07fd71c23dfc06dcd5ec5d2932eb55ee53ce1,No explicit SVG canvas/viewBox; verify importer bounds. One gameCharacter.svg has a corrected override.
work/full-audit/downloads/mega-assets-v1/jam-ready-assets.zip,jam-ready-assets/kenney-splat-pack/2D/misc/Vector/splat07.svg,86f49c15e3f11bf2437b403f304c70fedea161ea073678d0b02ecacde1e015b7,No explicit SVG canvas/viewBox; verify importer bounds. One gameCharacter.svg has a corrected override.
work/full-audit/downloads/mega-assets-v1/jam-ready-assets.zip,jam-ready-assets/kenney-splat-pack/2D/misc/Vector/splat17.svg,f4f23197ebd0b1e271c20d2fc292350d17c29a8e26d4c89899357a0aafed651a,No explicit SVG canvas/viewBox; verify importer bounds. One gameCharacter.svg has a corrected override.
work/full-audit/downloads/mega-assets-v1/jam-ready-assets.zip,jam-ready-assets/kenney-splat-pack/2D/misc/Vector/splat01.svg,e697d5458fb0c803d1cd218ddcca6cd599db70fcd5c2ba11eb78d51b0a58908c,No explicit SVG canvas/viewBox; verify importer bounds. One gameCharacter.svg has a corrected override.
work/full-audit/downloads/mega-assets-v1/jam-ready-assets.zip,jam-ready-assets/kenney-splat-pack/2D/misc/Vector/splat30.svg,8708f9dba10641afaca90c0a470c45825916515bab839ca8059eb2ff968c022a,No explicit SVG canvas/viewBox; verify importer bounds. One gameCharacter.svg has a corrected override.
work/full-audit/downloads/mega-assets-v1/jam-ready-assets.zip,jam-ready-assets/kenney-splat-pack/2D/misc/Vector/splat35.svg,55fa77a100b679c3e80b5422a5eb9b58cc0c2e1f9ca9d74d38d0cfdfb96f5fab,No explicit SVG canvas/viewBox; verify importer bounds. One gameCharacter.svg has a corrected override.
work/full-audit/downloads/mega-assets-v1/jam-ready-assets.zip,jam-ready-assets/kenney-splat-pack/2D/misc/Vector/splat09.svg,e8e2c79ffe60ddf784a34004008b56d26152b748d5c7c356bade0d90bee1f815,No explicit SVG canvas/viewBox; verify importer bounds. One gameCharacter.svg has a corrected override.
work/full-audit/downloads/mega-assets-v1/jam-ready-assets.zip,jam-ready-assets/kenney-splat-pack/2D/misc/Vector/splat19.svg,62af6d46f59145d1660cab0821b38407314f379d29a98976501c8eab4b68e82c,No explicit SVG canvas/viewBox; verify importer bounds. One gameCharacter.svg has a corrected override.
work/full-audit/downloads/mega-assets-v1/jam-ready-assets.zip,jam-ready-assets/kenney-splat-pack/2D/misc/Vector/splat05.svg,80a9fc95527e9ab848c76030509a39741e9154126c8f9f1625810cb231134513,No explicit SVG canvas/viewBox; verify importer bounds. One gameCharacter.svg has a corrected override.
work/full-audit/downloads/mega-assets-v1/jam-ready-assets.zip,jam-ready-assets/kenney-splat-pack/2D/misc/Vector/splat34.svg,eeea9b5d0cba6744a900480dfcd8571291f6bf6aa02c7fc1560ad04c8cb2a58d,No explicit SVG canvas/viewBox; verify importer bounds. One gameCharacter.svg has a corrected override.
work/full-audit/downloads/mega-assets-v1/jam-ready-assets.zip,jam-ready-assets/kenney-splat-pack/2D/misc/Vector/splat12.svg,d8c7c07741dd6721b56d748df0258370de14c69a580ccf8d05ffa263a5bffc45,No explicit SVG canvas/viewBox; verify importer bounds. One gameCharacter.svg has a corrected override.
work/full-audit/downloads/mega-assets-v1/jam-ready-assets.zip,jam-ready-assets/kenney-splat-pack/2D/misc/Vector/splat21.svg,3535c17f39a98fc7d52216d769e150034d80ea3cd0f7744ec2370dbb731a8bbc,No explicit SVG canvas/viewBox; verify importer bounds. One gameCharacter.svg has a corrected override.
work/full-audit/downloads/mega-assets-v1/jam-ready-assets.zip,jam-ready-assets/kenney-splat-pack/2D/misc/Vector/splat20.svg,5f39e4075345c322e112663bf9cfb8e466f4da96dea4b77c4b67cbd273ea4fbc,No explicit SVG canvas/viewBox; verify importer bounds. One gameCharacter.svg has a corrected override.
work/full-audit/downloads/mega-assets-v1/jam-ready-assets.zip,jam-ready-assets/kenney-splat-pack/2D/misc/Vector/splat06.svg,9101eeb2c27902a6f9967bd6b0337690453a0a28a5f9198e007f65c26036a28b,No explicit SVG canvas/viewBox; verify importer bounds. One gameCharacter.svg has a corrected override.
work/full-audit/downloads/mega-assets-v1/jam-ready-assets.zip,jam-ready-assets/kenney-splat-pack/2D/misc/Vector/splat22.svg,50e15434bea846f17af5f619b29cd92450335e1a331b6bfaf0d3381695148a1e,No explicit SVG canvas/viewBox; verify importer bounds. One gameCharacter.svg has a corrected override.
work/full-audit/downloads/mega-assets-v1/jam-ready-assets.zip,jam-ready-assets/kenney-splat-pack/2D/misc/Vector/splat02.svg,d0d4a62f4b9ebe59ff1f3e73a7465e7224d4519e15790db767fb71e86f0b84f3,No explicit SVG canvas/viewBox; verify importer bounds. One gameCharacter.svg has a corrected override.
work/full-audit/downloads/mega-assets-v1/jam-ready-assets.zip,jam-ready-assets/kenney-splat-pack/2D/misc/Vector/splat10.svg,db2ddd65daf22e6ecfdc8b38b5c0bf19d87dccbeceef2eddc00cf98e861df209,No explicit SVG canvas/viewBox; verify importer bounds. One gameCharacter.svg has a corrected override.
work/full-audit/downloads/mega-assets-v1/jam-ready-assets.zip,jam-ready-assets/kenney-splat-pack/2D/misc/Vector/splat27.svg,d116e00957c809a4ed43290388ad47341b7725bc11e98fc519d046fc8b545dd3,No explicit SVG canvas/viewBox; verify importer bounds. One gameCharacter.svg has a corrected override.
work/full-audit/downloads/mega-assets-v1/jam-ready-assets.zip,jam-ready-assets/kenney-splat-pack/2D/misc/Vector/splat28.svg,e4f97d22fffe68f0b6f0d0548c3a37cae3b16296a81c9954f906a047643dfbc1,No explicit SVG canvas/viewBox; verify importer bounds. One gameCharacter.svg has a corrected override.
work/full-audit/downloads/mega-assets-v1/jam-ready-assets.zip,jam-ready-assets/kenney-splat-pack/2D/misc/Vector/splat23.svg,b030095e4e13dd79119b4741b080e38a1d8f2b9fb5a4c6e5d8b7c546a590b2e0,No explicit SVG canvas/viewBox; verify importer bounds. One gameCharacter.svg has a corrected override.
work/full-audit/downloads/mega-assets-v1/jam-ready-assets.zip,jam-ready-assets/kenney-splat-pack/2D/misc/Vector/splat24.svg,e78c966803e5d9b8f672155c543fd9f1752440e1e5dc4ea0b8a4770f3f3a9bdb,No explicit SVG canvas/viewBox; verify importer bounds. One gameCharacter.svg has a corrected override.
work/full-audit/downloads/mega-assets-v1/jam-ready-assets.zip,jam-ready-assets/kenney-splat-pack/2D/misc/Vector/splat08.svg,8f6ac1de7b1548bfe3121ece32dbde4826397c036faef4de5aada348e91f7af2,No explicit SVG canvas/viewBox; verify importer bounds. One gameCharacter.svg has a corrected override.
work/full-audit/downloads/mega-assets-v1/jam-ready-assets.zip,jam-ready-assets/kenney-splat-pack/2D/misc/Vector/splat33.svg,be60fda0f424ca482d2ae4c82180163a1b4a97544a640bfffe5c397eb46c5113,No explicit SVG canvas/viewBox; verify importer bounds. One gameCharacter.svg has a corrected override.
work/full-audit/downloads/mega-assets-v1/jam-ready-assets.zip,jam-ready-assets/kenney-splat-pack/2D/misc/Vector/splat14.svg,1e2168fc193bae4f4a70762665da9b82d8a69096e0e69dc609806b8444bdc6fe,No explicit SVG canvas/viewBox; verify importer bounds. One gameCharacter.svg has a corrected override.
work/full-audit/downloads/mega-assets-v1/jam-ready-assets.zip,jam-ready-assets/kenney-splat-pack/2D/misc/Vector/splat32.svg,e7f33ba4c6811dacb0bdf3c676e412b0e784b5b1cf8edf531455e7b13754126a,No explicit SVG canvas/viewBox; verify importer bounds. One gameCharacter.svg has a corrected override.
work/full-audit/downloads/mega-assets-v1/jam-ready-assets.zip,jam-ready-assets/kenney-splat-pack/2D/misc/Vector/splat13.svg,20ceca1cdf41d75d5ed695d6c8a98d350b17e270225c1a8f96cef3aa4fa24f07,No explicit SVG canvas/viewBox; verify importer bounds. One gameCharacter.svg has a corrected override.
work/full-audit/downloads/mega-assets-v1/jam-ready-assets.zip,jam-ready-assets/kenney-splat-pack/2D/misc/Vector/splat16.svg,f3f491f0d4016a3cf1cd865e504bd7a3cbd7a87408857cd053514117a473b78f,No explicit SVG canvas/viewBox; verify importer bounds. One gameCharacter.svg has a corrected override.
work/full-audit/downloads/mega-assets-v1/jam-ready-assets.zip,jam-ready-assets/kenney-splat-pack/2D/misc/Vector/splat25.svg,a8ab4d3ee163863f2ad0fde5e73aa803ff27737df88a1d3617d8d89e8c1cd900,No explicit SVG canvas/viewBox; verify importer bounds. One gameCharacter.svg has a corrected override.
work/full-audit/downloads/mega-assets-v1/jam-ready-assets.zip,jam-ready-assets/kenney-splat-pack/2D/misc/Vector/splat29.svg,f860e8420b49f7de5d49b7452f7314987dafa6262c0587ef41903683f1e81298,No explicit SVG canvas/viewBox; verify importer bounds. One gameCharacter.svg has a corrected override.
work/full-audit/downloads/mega-assets-v1/jam-ready-assets.zip,jam-ready-assets/kenney-splat-pack/2D/misc/Vector/splat04.svg,b745e4ca03b300291361a39f42071e15fd639b019f2c52ccdb7b0208bad0d85d,No explicit SVG canvas/viewBox; verify importer bounds. One gameCharacter.svg has a corrected override.
work/full-audit/downloads/mega-assets-v1/jam-ready-assets.zip,jam-ready-assets/kenney-splat-pack/2D/misc/Vector/splat11.svg,b3486b995ed918860776b183528ef736e37e04dc9f06d66fc3ae69d716712bd9,No explicit SVG canvas/viewBox; verify importer bounds. One gameCharacter.svg has a corrected override.
work/full-audit/downloads/mega-assets-v1/jam-ready-assets.zip,jam-ready-assets/kenney-splat-pack/2D/misc/Vector/splat03.svg,078dcd18db0e4d1e6962834b6ec41661b17efe20934e8cd85b2143c28fd79729,No explicit SVG canvas/viewBox; verify importer bounds. One gameCharacter.svg has a corrected override.
work/full-audit/downloads/mega-assets-v1/jam-ready-assets.zip,jam-ready-assets/kenney-splat-pack/2D/misc/Vector/splat31.svg,c3a1a70d8287303382ed49196bf49af05760d25f4a028a24123d3e4b1b0335d8,No explicit SVG canvas/viewBox; verify importer bounds. One gameCharacter.svg has a corrected override.
work/full-audit/downloads/mega-assets-v1/jam-ready-assets.zip,jam-ready-assets/kenney-splat-pack/2D/misc/Vector/splat15.svg,246b1c3476f96bbd1f356f9847cfb20752d81bbe6fcf9b3a3866b914382be7da,No explicit SVG canvas/viewBox; verify importer bounds. One gameCharacter.svg has a corrected override.
work/full-audit/downloads/mega-assets-v1/jam-ready-assets.zip,jam-ready-assets/kenney-shooting-gallery/2D/misc/Vector/vector_shootingGallery.svg,ac959ed3e0a2d4255a6f67210f24e3eac43671e55988aeec7a4bce1ff72f57cd,No explicit SVG canvas/viewBox; verify importer bounds. One gameCharacter.svg has a corrected override.
work/full-audit/downloads/mega-assets-v1/jam-ready-assets.zip,jam-ready-assets/kenney-weapon-pack/3D/weapons/Sprites/Vector/weaponsPack_silhouette_vector.svg,4bb32de3df61745698e9b230e4ebd0eeebe3306cab7252380b7656c357bfe58a,No explicit SVG canvas/viewBox; verify importer bounds. One gameCharacter.svg has a corrected override.
work/full-audit/downloads/mega-assets-v1/jam-ready-assets.zip,jam-ready-assets/kenney-ui-adventure-pack/ui/Vector/uipack_rpg_vector.svg,9c705070b19fbaa2f337a6937843aeebfd56ea8c6ae2b888e71ba3949590bf91,No explicit SVG canvas/viewBox; verify importer bounds. One gameCharacter.svg has a corrected override.
work/full-audit/downloads/mega-assets-v1/jam-ready-assets.zip,jam-ready-assets/kenney-game-icons/icons/Vector/vector_whiteIcons.svg,6de88df56865d78baa4070e2938fd4d6358cff47b547d5c782b4f03142275441,No explicit SVG canvas/viewBox; verify importer bounds. One gameCharacter.svg has a corrected override.
work/full-audit/downloads/mega-assets-v1/jam-ready-assets.zip,jam-ready-assets/kenney-game-icons/icons/Vector/vector_blackIcons.svg,c4ede5fcff75c4cbe95adea42e0302af517694abc7d619aadb97e7edeb8c8817,No explicit SVG canvas/viewBox; verify importer bounds. One gameCharacter.svg has a corrected override.
work/full-audit/downloads/mega-assets-v1/jam-ready-assets.zip,jam-ready-assets/kenney-rpg-tiles-vector/2D/top-down-rpg/Vector/RPGpack_vector.svg,4e0f8424772b08bd69d2833c154349cebbf9a7b7cd48bc3aade9d448d83ff894,No explicit SVG canvas/viewBox; verify importer bounds. One gameCharacter.svg has a corrected override.
work/full-audit/downloads/mega-assets-v1/jam-ready-assets.zip,jam-ready-assets/kenney-simple-space/2D/space-scifi/Vector/simpleSpace_vector.svg,a1f311bac5587131644aef3be567325d390a51d10d4925efec5a720004483ea3,No explicit SVG canvas/viewBox; verify importer bounds. One gameCharacter.svg has a corrected override.
work/full-audit/downloads/mega-assets-v1/jam-ready-assets.zip,jam-ready-assets/kenney-hexagon-pack/2D/strategy-hex/Vector/hexagonVector_tiles.svg,b39f742706182967801320b988cd7b216f27bfa60843c6ef3fb12e8b3768525f,No explicit SVG canvas/viewBox; verify importer bounds. One gameCharacter.svg has a corrected override.
work/full-audit/downloads/mega-assets-v1/jam-ready-assets.zip,jam-ready-assets/kenney-hexagon-pack/2D/strategy-hex/Vector/hexagonVector_objects.svg,ab938d2187e2fe432e054f45134527265e5450194f97cb70f438a370283f150d,No explicit SVG canvas/viewBox; verify importer bounds. One gameCharacter.svg has a corrected override.
work/full-audit/downloads/mega-assets-v1/jam-ready-assets.zip,jam-ready-assets/kenney-rolling-ball-assets/2D/sports/Vector/rollingBall_vector.svg,8051a4001db2ca4bcc6d6ae752d8bb294dde3e7fd2a028574d0a44643fd97c66,No explicit SVG canvas/viewBox; verify importer bounds. One gameCharacter.svg has a corrected override.
work/full-audit/downloads/mega-assets-v1/jam-ready-assets.zip,jam-ready-assets/kenney-platformer-assets-mushroom/2D/platformer/Vector/platformerMushroom_vector.svg,244152916a12ace506cb27343f95b3082cefc6a576361819be09b73ec4268b5d,No explicit SVG canvas/viewBox; verify importer bounds. One gameCharacter.svg has a corrected override.
work/full-audit/downloads/mega-assets-v1/jam-ready-assets.zip,jam-ready-assets/kenney-hexagon-buildings-pack/2D/strategy-hex/Vector/hexagonBuildings_vector.svg,a54c625ca238fea38a5a39d1a5186e244a7c002cebe5a4a9aba9d005a6981706,No explicit SVG canvas/viewBox; verify importer bounds. One gameCharacter.svg has a corrected override.
work/full-audit/downloads/mega-assets-v1/jam-ready-assets.zip,jam-ready-assets/kenney-prototype-textures/2D/prototype-blocks/Vector/texture_04.svg,90af6a07ccbce590358e9758e2427618c3c37ee86975391ddaaa973431a74261,No explicit SVG canvas/viewBox; verify importer bounds. One gameCharacter.svg has a corrected override.
work/full-audit/downloads/mega-assets-v1/jam-ready-assets.zip,jam-ready-assets/kenney-prototype-textures/2D/prototype-blocks/Vector/texture_10.svg,ca8b5e377f4514eb61fd45f33a54e64685d069e15999b609d79839881fda9024,No explicit SVG canvas/viewBox; verify importer bounds. One gameCharacter.svg has a corrected override.
work/full-audit/downloads/mega-assets-v1/jam-ready-assets.zip,jam-ready-assets/kenney-prototype-textures/2D/prototype-blocks/Vector/texture_11.svg,6bf38e994043f9f140ca11f3bbedf99e88d6b120c3a3baf0ef25c09f33fe240c,No explicit SVG canvas/viewBox; verify importer bounds. One gameCharacter.svg has a corrected override.
work/full-audit/downloads/mega-assets-v1/jam-ready-assets.zip,jam-ready-assets/kenney-prototype-textures/2D/prototype-blocks/Vector/texture_06.svg,b614d70e67c5572865b00f67664b1537997c4bfd4950cf78ae014d1e7ce0a459,No explicit SVG canvas/viewBox; verify importer bounds. One gameCharacter.svg has a corrected override.
work/full-audit/downloads/mega-assets-v1/jam-ready-assets.zip,jam-ready-assets/kenney-prototype-textures/2D/prototype-blocks/Vector/texture_02.svg,26a5afa1cbd6e40556bab13d54b0512825607e7e8723025317560583ea730a21,No explicit SVG canvas/viewBox; verify importer bounds. One gameCharacter.svg has a corrected override.
work/full-audit/downloads/mega-assets-v1/jam-ready-assets.zip,jam-ready-assets/kenney-prototype-textures/2D/prototype-blocks/Vector/texture_05.svg,a2d8013701fe90f4b4cf143f463ef919ceb15d89b3c4c0435b1c80d10c0a689b,No explicit SVG canvas/viewBox; verify importer bounds. One gameCharacter.svg has a corrected override.
work/full-audit/downloads/mega-assets-v1/jam-ready-assets.zip,jam-ready-assets/kenney-prototype-textures/2D/prototype-blocks/Vector/texture_09.svg,37803431f0a813b3c911df8ee60c2ef607c7b97f3e7147f653720a937c92edb7,No explicit SVG canvas/viewBox; verify importer bounds. One gameCharacter.svg has a corrected override.
work/full-audit/downloads/mega-assets-v1/jam-ready-assets.zip,jam-ready-assets/kenney-prototype-textures/2D/prototype-blocks/Vector/texture_12.svg,b5242e4865b0e4da413c09da810f0286fbb8f24e33ec60fa234a367584e0f83b,No explicit SVG canvas/viewBox; verify importer bounds. One gameCharacter.svg has a corrected override.
work/full-audit/downloads/mega-assets-v1/jam-ready-assets.zip,jam-ready-assets/kenney-prototype-textures/2D/prototype-blocks/Vector/texture_01.svg,dc901d9cb37c14009c16bef9f23cd648f0cbff0d5a872b24de3ff3cc1b9b41ee,No explicit SVG canvas/viewBox; verify importer bounds. One gameCharacter.svg has a corrected override.
work/full-audit/downloads/mega-assets-v1/jam-ready-assets.zip,jam-ready-assets/kenney-prototype-textures/2D/prototype-blocks/Vector/texture_07.svg,46de855b35c8f456816994adb63a9a931d25a77d667fa6e6edeaca89c2c1172b,No explicit SVG canvas/viewBox; verify importer bounds. One gameCharacter.svg has a corrected override.
work/full-audit/downloads/mega-assets-v1/jam-ready-assets.zip,jam-ready-assets/kenney-prototype-textures/2D/prototype-blocks/Vector/texture_03.svg,50a3150a96c9e105ef636781318dc93b565e719f7452993749f8b75b792d2e53,No explicit SVG canvas/viewBox; verify importer bounds. One gameCharacter.svg has a corrected override.
work/full-audit/downloads/mega-assets-v1/jam-ready-assets.zip,jam-ready-assets/kenney-prototype-textures/2D/prototype-blocks/Vector/texture_13.svg,6a34ae07c868a8dc1fb7718028df810879e1d806669f3a5a0608f2082eca0b4d,No explicit SVG canvas/viewBox; verify importer bounds. One gameCharacter.svg has a corrected override.
work/full-audit/downloads/mega-assets-v1/jam-ready-assets.zip,jam-ready-assets/kenney-prototype-textures/2D/prototype-blocks/Vector/texture_08.svg,3dbeff55693aa2237c036910e7d4e91a90373404ca5ef95854a543b5b2e3a6af,No explicit SVG canvas/viewBox; verify importer bounds. One gameCharacter.svg has a corrected override.
work/full-audit/downloads/mega-assets-v1/jam-ready-assets.zip,jam-ready-assets/kenney-topdown-tanks/2D/vehicles-racing/Vector/vector_tanks.svg,ea12b510ad13c885b9d3a40037faeea149c76442a328feeffeb308806aa834e4,No explicit SVG canvas/viewBox; verify importer bounds. One gameCharacter.svg has a corrected override.
work/full-audit/downloads/mega-assets-v1/jam-ready-assets.zip,jam-ready-assets/kenney-platformer-assets-extra-animations-enemies/2D/platformer/Vector/platformerExtra_aliens_vector.svg,ad724fd1a6db35e09260aa77ab81e2277fff993e0fb2d24425f9dda5031cdfa6,No explicit SVG canvas/viewBox; verify importer bounds. One gameCharacter.svg has a corrected override.
work/full-audit/downloads/mega-assets-v1/jam-ready-assets.zip,jam-ready-assets/kenney-platformer-assets-extra-animations-enemies/2D/platformer/Vector/platformerExtra_enemies_vector.svg,eb75bc67a248990ec6b669a2f1d2378c832ebff4bb8d2bd2c8f9999c65a77c58,No explicit SVG canvas/viewBox; verify importer bounds. One gameCharacter.svg has a corrected override.
work/full-audit/downloads/mega-assets-v1/jam-ready-assets.zip,jam-ready-assets/kenney-platformer-assets-ice/2D/platformer/Vector/platformerIce_vector.svg,9ac777ffc376d8c89a3037d200480cdad9b2e6e963867ac51203c83ddea6cd0a,No explicit SVG canvas/viewBox; verify importer bounds. One gameCharacter.svg has a corrected override.
work/full-audit/downloads/mega-assets-v1/jam-ready-assets.zip,jam-ready-assets/kenney-letter-tiles-redux/2D/misc/Vector/letterTiles_vector.svg,a0f510e76c87e517711b5002a3227a7d1161b4e084620fbb413b1ea5ecfaba81,No explicit SVG canvas/viewBox; verify importer bounds. One gameCharacter.svg has a corrected override.
work/full-audit/downloads/mega-assets-v1/jam-ready-assets.zip,jam-ready-assets/kenney-voxel-expansion-pack/2D/prototype-blocks/Vector/voxelExpansion_vector.svg,2dbb7c690ea205c9e60f39a18368c282d1d250cc5e7ca218119daeba6085640c,No explicit SVG canvas/viewBox; verify importer bounds. One gameCharacter.svg has a corrected override.
work/full-audit/downloads/mega-assets-v1/jam-ready-assets.zip,jam-ready-assets/kenney-game-icons-fighter-expansion/icons/Vector/vector_whiteIcons.svg,2864247798971480637576fa3016a49df4588fd698edeb0d18eae38818f5e9d8,No explicit SVG canvas/viewBox; verify importer bounds. One gameCharacter.svg has a corrected override.
work/full-audit/downloads/mega-assets-v1/jam-ready-assets.zip,jam-ready-assets/kenney-game-icons-fighter-expansion/icons/Vector/vector_blackIcons.svg,21201e9f6478a5c85acd0bd3f5753ec774e8bf5a08cf66e709ee298903a1a799,No explicit SVG canvas/viewBox; verify importer bounds. One gameCharacter.svg has a corrected override.
work/full-audit/downloads/mega-assets-v1/jam-ready-assets.zip,jam-ready-assets/kenney-puzzle-pack-2/2D/misc/Vector/pipes_green.svg,d5d8f328beb66b9d0b58aa1e69639f5f06199d9c9625ae2d1659e0b6d61b1978,No explicit SVG canvas/viewBox; verify importer bounds. One gameCharacter.svg has a corrected override.
work/full-audit/downloads/mega-assets-v1/jam-ready-assets.zip,jam-ready-assets/kenney-puzzle-pack-2/2D/misc/Vector/tiles_black.svg,3828f7d9d3a6b0abf9e2bdf8704ad69e90771c2b91cf2a1ca36800864410c228,No explicit SVG canvas/viewBox; verify importer bounds. One gameCharacter.svg has a corrected override.
work/full-audit/downloads/mega-assets-v1/jam-ready-assets.zip,jam-ready-assets/kenney-puzzle-pack-2/2D/misc/Vector/tiles_blue.svg,d2f6419582b72385881b9bd388a75b6530504843bb1c9e95a2607885cb23d0aa,No explicit SVG canvas/viewBox; verify importer bounds. One gameCharacter.svg has a corrected override.
work/full-audit/downloads/mega-assets-v1/jam-ready-assets.zip,jam-ready-assets/kenney-puzzle-pack-2/2D/misc/Vector/backtiles.svg,117a64cb6ab26f9f526ff7e1134dc1acf1518b4f7fe3ab33e7f328e72d3756a5,No explicit SVG canvas/viewBox; verify importer bounds. One gameCharacter.svg has a corrected override.
work/full-audit/downloads/mega-assets-v1/jam-ready-assets.zip,jam-ready-assets/kenney-puzzle-pack-2/2D/misc/Vector/tiles_grey.svg,b9a9772ac70df54ee72986af8bd8272dcbff4df568c6dae62cd9974d8ef82eba,No explicit SVG canvas/viewBox; verify importer bounds. One gameCharacter.svg has a corrected override.
work/full-audit/downloads/mega-assets-v1/jam-ready-assets.zip,jam-ready-assets/kenney-puzzle-pack-2/2D/misc/Vector/tiles_green.svg,7c3d35deb1407cb2a086f4dda473af40c28e8a2a54a04a5486e86ed7c0e057bf,No explicit SVG canvas/viewBox; verify importer bounds. One gameCharacter.svg has a corrected override.
work/full-audit/downloads/mega-assets-v1/jam-ready-assets.zip,jam-ready-assets/kenney-puzzle-pack-2/2D/misc/Vector/particles.svg,cdde72c94b2c2b3b4363f8c65f56aba183d7eeaa544f204feb248e85820ac86a,No explicit SVG canvas/viewBox; verify importer bounds. One gameCharacter.svg has a corrected override.
work/full-audit/downloads/mega-assets-v1/jam-ready-assets.zip,jam-ready-assets/kenney-puzzle-pack-2/2D/misc/Vector/tiles_orange.svg,6d9ce43429aba8dfb0ba0fb942c994292213821480a9229ecc2e3d22a14da283,No explicit SVG canvas/viewBox; verify importer bounds. One gameCharacter.svg has a corrected override.
work/full-audit/downloads/mega-assets-v1/jam-ready-assets.zip,jam-ready-assets/kenney-puzzle-pack-2/2D/misc/Vector/coins.svg,2e1e5b728eedf14a8d97ceef3cc9c7356c395f36d46173cef6ea87d5999f046d,No explicit SVG canvas/viewBox; verify importer bounds. One gameCharacter.svg has a corrected override.
work/full-audit/downloads/mega-assets-v1/jam-ready-assets.zip,jam-ready-assets/kenney-puzzle-pack-2/2D/misc/Vector/balls.svg,3c3fb5efd1bb00eb14762868aa2add47563e128a507715ea5e6ce81d934a1a66,No explicit SVG canvas/viewBox; verify importer bounds. One gameCharacter.svg has a corrected override.
work/full-audit/downloads/mega-assets-v1/jam-ready-assets.zip,jam-ready-assets/kenney-puzzle-pack-2/2D/misc/Vector/tiles_yellow.svg,c160eb243a51d0ed780e0a9baedc3d891b35f996e525ba291900b1d73a2339bb,No explicit SVG canvas/viewBox; verify importer bounds. One gameCharacter.svg has a corrected override.
work/full-audit/downloads/mega-assets-v1/jam-ready-assets.zip,jam-ready-assets/kenney-puzzle-pack-2/2D/misc/Vector/pipes_grey.svg,51e426dfed31c7118b33151d838efffb94dd79db33bc82bbb7705b5eb5b5baa2,No explicit SVG canvas/viewBox; verify importer bounds. One gameCharacter.svg has a corrected override.
work/full-audit/downloads/mega-assets-v1/jam-ready-assets.zip,jam-ready-assets/kenney-puzzle-pack-2/2D/misc/Vector/paddles.svg,30e09f98df620876a282217bc567198fb71a9a441b25bcef92ac091382f95695,No explicit SVG canvas/viewBox; verify importer bounds. One gameCharacter.svg has a corrected override.
work/full-audit/downloads/mega-assets-v1/jam-ready-assets.zip,jam-ready-assets/kenney-puzzle-pack-2/2D/misc/Vector/tiles_red.svg,a4722a3be04df3c74956b66fa09b7f05fff45fad6e585fde613d71bbaba8fa74,No explicit SVG canvas/viewBox; verify importer bounds. One gameCharacter.svg has a corrected override.
work/full-audit/downloads/mega-assets-v1/jam-ready-assets.zip,jam-ready-assets/kenney-puzzle-pack-2/2D/misc/Vector/tiles_pink.svg,1649b3164b1108db3e7caf499e2367cf644fa71b5393527240b2356c3df67b9f,No explicit SVG canvas/viewBox; verify importer bounds. One gameCharacter.svg has a corrected override.
work/full-audit/downloads/mega-assets-v1/jam-ready-assets.zip,jam-ready-assets/kenney-road-textures/2D/city/Vector/roadTextures.svg,78b16e57cfc82f6728c36547a7e3b46d33d5dd5fa2d20593dd4076ebde3dde38,No explicit SVG canvas/viewBox; verify importer bounds. One gameCharacter.svg has a corrected override.
work/full-audit/downloads/mega-assets-v1/jam-ready-assets.zip,jam-ready-assets/kenney-medals/2D/misc/Vector/medals_vector.svg,10908cd4b2a6320efdeef431accb1613d3051e742361d3ca3f0c750a974d42ee,No explicit SVG canvas/viewBox; verify importer bounds. One gameCharacter.svg has a corrected override.
work/full-audit/downloads/mega-assets-v1/jam-ready-assets.zip,jam-ready-assets/kenney-voxel-pack/2D/prototype-blocks/Vector/vector_other.svg,32ca4538798f5301b917e675927809f797a40fd39209101fabab8323a1923635,No explicit SVG canvas/viewBox; verify importer bounds. One gameCharacter.svg has a corrected override.
work/full-audit/downloads/mega-assets-v1/jam-ready-assets.zip,jam-ready-assets/kenney-voxel-pack/2D/prototype-blocks/Vector/vector_characters.svg,c507b39c5160e2b0e5579519e01b90d85bec8225d0886db2158fbcb560476a5d,No explicit SVG canvas/viewBox; verify importer bounds. One gameCharacter.svg has a corrected override.
work/full-audit/downloads/mega-assets-v1/jam-ready-assets.zip,jam-ready-assets/kenney-voxel-pack/2D/prototype-blocks/Vector/vector_tiles_items.svg,e124ba598b861c44775a1f6f49fb60a434b5c9bed6869fc6f6ee10cbd19b72e9,No explicit SVG canvas/viewBox; verify importer bounds. One gameCharacter.svg has a corrected override.
work/full-audit/downloads/mega-assets-v1/jam-ready-assets.zip,jam-ready-assets/kenney-topdown-tanks-remastered/2D/vehicles-racing/Vector/topdownTanks_vector.svg,ed61b694f4b0623772067261f0205f6e5fcc09a5da854ebacee36ad708ce6cfb,No explicit SVG canvas/viewBox; verify importer bounds. One gameCharacter.svg has a corrected override.
work/full-audit/downloads/mega-assets-v1/jam-ready-assets.zip,jam-ready-assets/kenney-racing-pack/2D/vehicles-racing/Vector/vector_roads.svg,237eb10c9fb9eb56b3645907d6f7346d2abe3ea4062e1b86ca0c167b163a83b5,No explicit SVG canvas/viewBox; verify importer bounds. One gameCharacter.svg has a corrected override.
work/full-audit/downloads/mega-assets-v1/jam-ready-assets.zip,jam-ready-assets/kenney-racing-pack/2D/vehicles-racing/Vector/vector_objects.svg,01feb55fb49746dc8bb9c215a95d3d8b00fd9d3a8c1af8c0bd250138cbd5eea4,No explicit SVG canvas/viewBox; verify importer bounds. One gameCharacter.svg has a corrected override.
work/full-audit/downloads/mega-assets-v1/jam-ready-assets.zip,jam-ready-assets/kenney-racing-pack/2D/vehicles-racing/Vector/vector_land.svg,a04f5be1c6907db61b96212f20ef3415c6e7a547724062d20df06a69660d74da,No explicit SVG canvas/viewBox; verify importer bounds. One gameCharacter.svg has a corrected override.
work/full-audit/downloads/mega-assets-v1/jam-ready-assets.zip,jam-ready-assets/kenney-letter-tiles/2D/misc/Vector/lettertiles_vector.svg,3f49441e6e4e174053f3616f8d32ea4a30d3953e4315b7fc6fc5ced210d22d12,No explicit SVG canvas/viewBox; verify importer bounds. One gameCharacter.svg has a corrected override.
work/full-audit/downloads/mega-assets-v1/jam-ready-assets.zip,jam-ready-assets/kenney-animal-pack-remastered/2D/nature/Vector/roundOutline.svg,61bcbbd7196c9e6cf6df2bd1b9aa678c8ba2de043c40080070b6b794adfdd0de,No explicit SVG canvas/viewBox; verify importer bounds. One gameCharacter.svg has a corrected override.
work/full-audit/downloads/mega-assets-v1/jam-ready-assets.zip,jam-ready-assets/kenney-animal-pack-remastered/2D/nature/Vector/round.svg,23b35fd808a5196343625863409b6d2fa117a33e545c8c94718fe5e70963805f,No explicit SVG canvas/viewBox; verify importer bounds. One gameCharacter.svg has a corrected override.
work/full-audit/downloads/mega-assets-v1/jam-ready-assets.zip,jam-ready-assets/kenney-animal-pack-remastered/2D/nature/Vector/round_nodetailsOutline.svg,b803c2e74efd2b41e0bf5753b3960660dc7e99e9a5449371303ab941bdded014,No explicit SVG canvas/viewBox; verify importer bounds. One gameCharacter.svg has a corrected override.
work/full-audit/downloads/mega-assets-v1/jam-ready-assets.zip,jam-ready-assets/kenney-animal-pack-remastered/2D/nature/Vector/square_nodetailsOutline.svg,851bf4eb8fac338a9ac0ebae8d72dbbc0322e70fd6d375a419d47e5c1a5cb0a8,No explicit SVG canvas/viewBox; verify importer bounds. One gameCharacter.svg has a corrected override.
work/full-audit/downloads/mega-assets-v1/jam-ready-assets.zip,jam-ready-assets/kenney-animal-pack-remastered/2D/nature/Vector/round_nodetails.svg,47871133ebf79fbfc9f1be6d29e3be9f4365b2e508ef3ac92e6cb00c3ee4de24,No explicit SVG canvas/viewBox; verify importer bounds. One gameCharacter.svg has a corrected override.
work/full-audit/downloads/mega-assets-v1/jam-ready-assets.zip,jam-ready-assets/kenney-animal-pack-remastered/2D/nature/Vector/square_nodetails.svg,f7e080622286a264627c3e6a88d1022e53de925c476600d54adf1612c175c10c,No explicit SVG canvas/viewBox; verify importer bounds. One gameCharacter.svg has a corrected override.
work/full-audit/downloads/mega-assets-v1/jam-ready-assets.zip,jam-ready-assets/kenney-animal-pack-remastered/2D/nature/Vector/square.svg,8854d35e08c07ea55cfbf2ca4afd404cc5bbab661b59e7cb89c088c4c86a48dc,No explicit SVG canvas/viewBox; verify importer bounds. One gameCharacter.svg has a corrected override.
work/full-audit/downloads/mega-assets-v1/jam-ready-assets.zip,jam-ready-assets/kenney-animal-pack-remastered/2D/nature/Vector/squareOutline.svg,12b17b978f1c5dc51513db90fdf7a180031e167587acbb431275e4fe96131498,No explicit SVG canvas/viewBox; verify importer bounds. One gameCharacter.svg has a corrected override.
work/full-audit/downloads/mega-assets-v1/jam-ready-assets.zip,jam-ready-assets/kenney-board-game-icons/icons/Vector/overview.svg,99e94f09ccc44427bd4870adfea5a982530b512ccaa5ddd53df53c559d85b92b,No explicit SVG canvas/viewBox; verify importer bounds. One gameCharacter.svg has a corrected override.
work/full-audit/downloads/mega-assets-v1/jam-ready-assets.zip,jam-ready-assets/kenney-board-game-icons/icons/Vector/Icons/pawn.svg,37ef84528850c62cac3bdaeaa67f7676664bd8a15f828f4b2300ccc2fde8dd6f,No explicit SVG canvas/viewBox; verify importer bounds. One gameCharacter.svg has a corrected override.
work/full-audit/downloads/mega-assets-v1/jam-ready-assets.zip,jam-ready-assets/kenney-board-game-icons/icons/Vector/Icons/spinner_segment.svg,c7ff327d401860ee529ccf28ba9243c8aed57351abfbcfd0b072c0e291621a68,No explicit SVG canvas/viewBox; verify importer bounds. One gameCharacter.svg has a corrected override.
work/full-audit/downloads/mega-assets-v1/jam-ready-assets.zip,jam-ready-assets/kenney-board-game-icons/icons/Vector/Icons/cards_collection_outline.svg,c49500e05c164e3b56727da471e2847de470927c88e5121adfa74e776c03ec10,No explicit SVG canvas/viewBox; verify importer bounds. One gameCharacter.svg has a corrected override.
work/full-audit/downloads/mega-assets-v1/jam-ready-assets.zip,jam-ready-assets/kenney-board-game-icons/icons/Vector/Icons/hexagon_switch.svg,ef2cd18c2988fb563be3c47017d1f588ee8cf233870800a6217e58fdfcabb7a2,No explicit SVG canvas/viewBox; verify importer bounds. One gameCharacter.svg has a corrected override.
work/full-audit/downloads/mega-assets-v1/jam-ready-assets.zip,jam-ready-assets/kenney-board-game-icons/icons/Vector/Icons/d4.svg,4b7be896ab9e965f8baa5e93cd8262d334d5f411126d5b244d74a22b0a3ddce4,No explicit SVG canvas/viewBox; verify importer bounds. One gameCharacter.svg has a corrected override.
work/full-audit/downloads/mega-assets-v1/jam-ready-assets.zip,jam-ready-assets/kenney-board-game-icons/icons/Vector/Icons/timer_100.svg,e0449203117a6642bdaf9c1c5ed083eacab6d626f53a2085d4c8e6f502551853,No explicit SVG canvas/viewBox; verify importer bounds. One gameCharacter.svg has a corrected override.
work/full-audit/downloads/mega-assets-v1/jam-ready-assets.zip,jam-ready-assets/kenney-board-game-icons/icons/Vector/Icons/d10_number.svg,89d660aec183e45a742fe8b1ee218f7d3ba70a3b1fd38927b98382b63ad197f5,No explicit SVG canvas/viewBox; verify importer bounds. One gameCharacter.svg has a corrected override.
work/full-audit/downloads/mega-assets-v1/jam-ready-assets.zip,jam-ready-assets/kenney-board-game-icons/icons/Vector/Icons/cards_seek.svg,504b8917b139e91238c7b6502931f1ec42a9b672234ec5ff7067e61be1958ee3,No explicit SVG canvas/viewBox; verify importer bounds. One gameCharacter.svg has a corrected override.
work/full-audit/downloads/mega-assets-v1/jam-ready-assets.zip,jam-ready-assets/kenney-board-game-icons/icons/Vector/Icons/card_flipdouble.svg,4a5cd2c673550b27a15ee881096b10ee5e2b96aec6859a11db5ef307a911d528,No explicit SVG canvas/viewBox; verify importer bounds. One gameCharacter.svg has a corrected override.
work/full-audit/downloads/mega-assets-v1/jam-ready-assets.zip,jam-ready-assets/kenney-board-game-icons/icons/Vector/Icons/card.svg,3c35826a1d11ceb373301ba60a862bf13b4a26a73c7ce33569d35e4e966e76f5,No explicit SVG canvas/viewBox; verify importer bounds. One gameCharacter.svg has a corrected override.
work/full-audit/downloads/mega-assets-v1/jam-ready-assets.zip,jam-ready-assets/kenney-board-game-icons/icons/Vector/Icons/tag_d6_6.svg,7d6dd46040f2177ef18cd090d8888ee864e0267b17d60d6bbb7c826900493496,No explicit SVG canvas/viewBox; verify importer bounds. One gameCharacter.svg has a corrected override.
work/full-audit/downloads/mega-assets-v1/jam-ready-assets.zip,jam-ready-assets/kenney-board-game-icons/icons/Vector/Icons/d6_outline_number.svg,84f056574ed771cec6a0e1a6ba2fc2b34ad5464002e4db21310c39474386041d,No explicit SVG canvas/viewBox; verify importer bounds. One gameCharacter.svg has a corrected override.
work/full-audit/downloads/mega-assets-v1/jam-ready-assets.zip,jam-ready-assets/kenney-board-game-icons/icons/Vector/Icons/hexagon.svg,f4fd13be6773e69ba345125b9832e53e614542b99127313820b0b294df599f60,No explicit SVG canvas/viewBox; verify importer bounds. One gameCharacter.svg has a corrected override.
work/full-audit/downloads/mega-assets-v1/jam-ready-assets.zip,jam-ready-assets/kenney-board-game-icons/icons/Vector/Icons/d12_number.svg,768989502f33666e5cd650c301a42e9f78bdd861c70ce750c609dd6c66345cbf,No explicit SVG canvas/viewBox; verify importer bounds. One gameCharacter.svg has a corrected override.
work/full-audit/downloads/mega-assets-v1/jam-ready-assets.zip,jam-ready-assets/kenney-board-game-icons/icons/Vector/Icons/character_lift.svg,dcacb9ca5266e09f7ea6821d75938ba5227e0a95e2e45d6547f210f805bd84a6,No explicit SVG canvas/viewBox; verify importer bounds. One gameCharacter.svg has a corrected override.
work/full-audit/downloads/mega-assets-v1/jam-ready-assets.zip,jam-ready-assets/kenney-board-game-icons/icons/Vector/Icons/timer_CW_25.svg,5395a9fc524914fcbdb841da304a157d1e2b0149c196c50cb21a7731ee7ea201,No explicit SVG canvas/viewBox; verify importer bounds. One gameCharacter.svg has a corrected override.
work/full-audit/downloads/mega-assets-v1/jam-ready-assets.zip,jam-ready-assets/kenney-board-game-icons/icons/Vector/Icons/cards_under.svg,50dc29e1317117395fef84cfd9bb536d0d0d41ad8cb5b3798ec4b9248da43988,No explicit SVG canvas/viewBox; verify importer bounds. One gameCharacter.svg has a corrected override.
work/full-audit/downloads/mega-assets-v1/jam-ready-assets.zip,jam-ready-assets/kenney-board-game-icons/icons/Vector/Icons/cards_shuffle.svg,0ca173fb39e35dbaacd4562c7a4fa1fad1f0f0deecf64c72650639fdb4f370d2,No explicit SVG canvas/viewBox; verify importer bounds. One gameCharacter.svg has a corrected override.
work/full-audit/downloads/mega-assets-v1/jam-ready-assets.zip,jam-ready-assets/kenney-board-game-icons/icons/Vector/Icons/arrow_horizontal.svg,e4714adc58ebe93b3888fe45c798ae412bc17d58ea094730995880ad46407de9,No explicit SVG canvas/viewBox; verify importer bounds. One gameCharacter.svg has a corrected override.
work/full-audit/downloads/mega-assets-v1/jam-ready-assets.zip,jam-ready-assets/kenney-board-game-icons/icons/Vector/Icons/tag_shield.svg,1674a6edbd1d73c4f54e99dcf9204d6f8af9a5666174870ddbb28299be9b17f7,No explicit SVG canvas/viewBox; verify importer bounds. One gameCharacter.svg has a corrected override.
work/full-audit/downloads/mega-assets-v1/jam-ready-assets.zip,jam-ready-assets/kenney-board-game-icons/icons/Vector/Icons/arrow_right_curve.svg,bf5d988deceb6e67ae46673652cee8830b7ca4cb67854acf06254b6b9baf96ef,No explicit SVG canvas/viewBox; verify importer bounds. One gameCharacter.svg has a corrected override.
work/full-audit/downloads/mega-assets-v1/jam-ready-assets.zip,jam-ready-assets/kenney-board-game-icons/icons/Vector/Icons/tag_d6_4.svg,747d73bb4efc8d5adc8c13f5a2990df22422689bdfd798a31ddeeae0c24242a7,No explicit SVG canvas/viewBox; verify importer bounds. One gameCharacter.svg has a corrected override.
work/full-audit/downloads/mega-assets-v1/jam-ready-assets.zip,jam-ready-assets/kenney-board-game-icons/icons/Vector/Icons/arrow_reserve.svg,99c6a5f08bfa22983fd5fa156c8d2265c28f779cba83087ead50921e209fe5d7,No explicit SVG canvas/viewBox; verify importer bounds. One gameCharacter.svg has a corrected override.
work/full-audit/downloads/mega-assets-v1/jam-ready-assets.zip,jam-ready-assets/kenney-board-game-icons/icons/Vector/Icons/tag_shield_3.svg,a6ccab09a820c5dc06991e25a4ae23025cf97f7817bfdfe7ca27b8f138223164,No explicit SVG canvas/viewBox; verify importer bounds. One gameCharacter.svg has a corrected override.
work/full-audit/downloads/mega-assets-v1/jam-ready-assets.zip,jam-ready-assets/kenney-board-game-icons/icons/Vector/Icons/d4_outline_number.svg,614cbc228a840a7ba9790574d85f66035f420e3ec553859d90d2b5c5b6e0edb9,No explicit SVG canvas/viewBox; verify importer bounds. One gameCharacter.svg has a corrected override.
work/full-audit/downloads/mega-assets-v1/jam-ready-assets.zip,jam-ready-assets/kenney-board-game-icons/icons/Vector/Icons/d20_outline.svg,1cbe5daa66c51bfb75be313f5af9a8ed941ea7acbbe05668627fe7ad97b8b58d,No explicit SVG canvas/viewBox; verify importer bounds. One gameCharacter.svg has a corrected override.
work/full-audit/downloads/mega-assets-v1/jam-ready-assets.zip,jam-ready-assets/kenney-board-game-icons/icons/Vector/Icons/token.svg,26cc57281358a30a605f4a4c0a264361dbbfb73f36c4692d97c253d8cff10489,No explicit SVG canvas/viewBox; verify importer bounds. One gameCharacter.svg has a corrected override.
work/full-audit/downloads/mega-assets-v1/jam-ready-assets.zip,jam-ready-assets/kenney-board-game-icons/icons/Vector/Icons/dice_2.svg,375ce3988f4b1e4d658fb3a752569e99704a332fc316b6f3b1ba0ebfe24d2f87,No explicit SVG canvas/viewBox; verify importer bounds. One gameCharacter.svg has a corrected override.
work/full-audit/downloads/mega-assets-v1/jam-ready-assets.zip,jam-ready-assets/kenney-board-game-icons/icons/Vector/Icons/cards_diagonal.svg,fbcdef9d0a45f6eceea5bc79718cabbc821cb768c7a9a2f25c3b8635b0591704,No explicit SVG canvas/viewBox; verify importer bounds. One gameCharacter.svg has a corrected override.
work/full-audit/downloads/mega-assets-v1/jam-ready-assets.zip,jam-ready-assets/kenney-board-game-icons/icons/Vector/Icons/dice_3D.svg,661a3a971f4b9ce3e26cdc21d6037c7e88d3c473b7cfc4b8f358c264d46af7f8,No explicit SVG canvas/viewBox; verify importer bounds. One gameCharacter.svg has a corrected override.
work/full-audit/downloads/mega-assets-v1/jam-ready-assets.zip,jam-ready-assets/kenney-board-game-icons/icons/Vector/Icons/award.svg,17b4124c1228cf9524b56757c9b446b20a03273049aae0f6690c7263590772a6,No explicit SVG canvas/viewBox; verify importer bounds. One gameCharacter.svg has a corrected override.
work/full-audit/downloads/mega-assets-v1/jam-ready-assets.zip,jam-ready-assets/kenney-board-game-icons/icons/Vector/Icons/tag_10.svg,dd526a2980dcd888790c49cca3a923961fbc6a922bc14bfe108f00a16719c695,No explicit SVG canvas/viewBox; verify importer bounds. One gameCharacter.svg has a corrected override.
work/full-audit/downloads/mega-assets-v1/jam-ready-assets.zip,jam-ready-assets/kenney-board-game-icons/icons/Vector/Icons/dice.svg,1e1ab0c29c979d86de63fca8144711a5c21d9b35b8b413f1b0918c0f571ecfdb,No explicit SVG canvas/viewBox; verify importer bounds. One gameCharacter.svg has a corrected override.
work/full-audit/downloads/mega-assets-v1/jam-ready-assets.zip,jam-ready-assets/kenney-board-game-icons/icons/Vector/Icons/d2_outline.svg,1f2bb87bfcb6b943ea367c272130ca0f0167816653549b69b0e1e126f8e14a0f,No explicit SVG canvas/viewBox; verify importer bounds. One gameCharacter.svg has a corrected override.
work/full-audit/downloads/mega-assets-v1/jam-ready-assets.zip,jam-ready-assets/kenney-board-game-icons/icons/Vector/Icons/flip_full.svg,a7323bd1b8fd1a1252d001a971a1f8006c52a0671b2047d4f2acf749412c9a2a,No explicit SVG canvas/viewBox; verify importer bounds. One gameCharacter.svg has a corrected override.
work/full-audit/downloads/mega-assets-v1/jam-ready-assets.zip,jam-ready-assets/kenney-board-game-icons/icons/Vector/Icons/structure_wall.svg,028ab03417114f11dec4f710deac8b56f21bbb9cc7462abb6748613f42949715,No explicit SVG canvas/viewBox; verify importer bounds. One gameCharacter.svg has a corrected override.
work/full-audit/downloads/mega-assets-v1/jam-ready-assets.zip,jam-ready-assets/kenney-board-game-icons/icons/Vector/Icons/pawn_counterclockwise.svg,fb157264f2fb0a54035aba39dd6cfac97fbe0e469d3fdc6f80c54aec8cafb1a3,No explicit SVG canvas/viewBox; verify importer bounds. One gameCharacter.svg has a corrected override.
work/full-audit/downloads/mega-assets-v1/jam-ready-assets.zip,jam-ready-assets/kenney-board-game-icons/icons/Vector/Icons/d12.svg,c85f9b1592e607636e5b843e87005b49e7352077b990bef0bef2d87f73ce01aa,No explicit SVG canvas/viewBox; verify importer bounds. One gameCharacter.svg has a corrected override.
work/full-audit/downloads/mega-assets-v1/jam-ready-assets.zip,jam-ready-assets/kenney-board-game-icons/icons/Vector/Icons/dice_4.svg,ef9c9c47c3691f0db6151b2a4e1844f1a18b3ad24f435c176e66058e5e32e5e4,No explicit SVG canvas/viewBox; verify importer bounds. One gameCharacter.svg has a corrected override.
work/full-audit/downloads/mega-assets-v1/jam-ready-assets.zip,jam-ready-assets/kenney-board-game-icons/icons/Vector/Icons/resource_iron.svg,90afaee73fa8b64f0fe63eb2f62e84de2c410b0d385da1900c985bc4617f2bd1,No explicit SVG canvas/viewBox; verify importer bounds. One gameCharacter.svg has a corrected override.
work/full-audit/downloads/mega-assets-v1/jam-ready-assets.zip,jam-ready-assets/kenney-board-game-icons/icons/Vector/Icons/tag_shield_10.svg,827f311165da7a554ed335b6ee81d68478511215f9bca61946ec5940e5c18f52,No explicit SVG canvas/viewBox; verify importer bounds. One gameCharacter.svg has a corrected override.
work/full-audit/downloads/mega-assets-v1/jam-ready-assets.zip,jam-ready-assets/kenney-board-game-icons/icons/Vector/Icons/d10_outline_number.svg,263d5c0b7fd82ceb71654ee8107516d5a1696d548e0c1c7edfd95f783eb31052,No explicit SVG canvas/viewBox; verify importer bounds. One gameCharacter.svg has a corrected override.
work/full-audit/downloads/mega-assets-v1/jam-ready-assets.zip,jam-ready-assets/kenney-board-game-icons/icons/Vector/Icons/structure_watchtower.svg,26b04aa0a7daae57e838acb71d42ccc6a09bf71103f343e740e8b72705ed828e,No explicit SVG canvas/viewBox; verify importer bounds. One gameCharacter.svg has a corrected override.
work/full-audit/downloads/mega-assets-v1/jam-ready-assets.zip,jam-ready-assets/kenney-board-game-icons/icons/Vector/Icons/tag_shield_4.svg,6ec09704d2aceb8aceae3ed957c69c6bba761099eea623c32c198163ab9f74e3,No explicit SVG canvas/viewBox; verify importer bounds. One gameCharacter.svg has a corrected override.
work/full-audit/downloads/mega-assets-v1/jam-ready-assets.zip,jam-ready-assets/kenney-board-game-icons/icons/Vector/Icons/pawn_clockwise.svg,898abbe517d00dbd4b6b6354c3934802f041a830a7e4fb1eacce8906b08a1c32,No explicit SVG canvas/viewBox; verify importer bounds. One gameCharacter.svg has a corrected override.
work/full-audit/downloads/mega-assets-v1/jam-ready-assets.zip,jam-ready-assets/kenney-board-game-icons/icons/Vector/Icons/card_down.svg,8c06daa26fabb08728a9d4e40d855715d6430baa422a983267f300981760e5fe,No explicit SVG canvas/viewBox; verify importer bounds. One gameCharacter.svg has a corrected override.
work/full-audit/downloads/mega-assets-v1/jam-ready-assets.zip,jam-ready-assets/kenney-board-game-icons/icons/Vector/Icons/pawn_left.svg,f2d607a6f28569fc3d143a8ef376213bc3d34cf0e0880a46112ee31374fe9992,No explicit SVG canvas/viewBox; verify importer bounds. One gameCharacter.svg has a corrected override.
work/full-audit/downloads/mega-assets-v1/jam-ready-assets.zip,jam-ready-assets/kenney-board-game-icons/icons/Vector/Icons/d10.svg,9c8c9dd68f579a3c4ae5159d5b0ca1fedf5010476068972c2040f5cd0d41d4de,No explicit SVG canvas/viewBox; verify importer bounds. One gameCharacter.svg has a corrected override.
work/full-audit/downloads/mega-assets-v1/jam-ready-assets.zip,jam-ready-assets/kenney-board-game-icons/icons/Vector/Icons/fire.svg,37e80e1b5497722b311284e6a26a7d25a9b112347eaa3b879f64acfaf2f9f272,No explicit SVG canvas/viewBox; verify importer bounds. One gameCharacter.svg has a corrected override.
work/full-audit/downloads/mega-assets-v1/jam-ready-assets.zip,jam-ready-assets/kenney-board-game-icons/icons/Vector/Icons/crown_b.svg,7ace6944bbd554422bb101a9422370a1ca782b4558e96b13e71c68778571644d,No explicit SVG canvas/viewBox; verify importer bounds. One gameCharacter.svg has a corrected override.
work/full-audit/downloads/mega-assets-v1/jam-ready-assets.zip,jam-ready-assets/kenney-board-game-icons/icons/Vector/Icons/lock_closed.svg,2c40259d27f07df973b8420df6e952fe635edb6c532bc3ac8b4f3393f71af2e6,No explicit SVG canvas/viewBox; verify importer bounds. One gameCharacter.svg has a corrected override.
work/full-audit/downloads/mega-assets-v1/jam-ready-assets.zip,jam-ready-assets/kenney-board-game-icons/icons/Vector/Icons/timer_CW_50.svg,8d1ffe69921c85e1c8afe3e2f34f430a9bfab11597b93c07a8f79d6f5ef4c143,No explicit SVG canvas/viewBox; verify importer bounds. One gameCharacter.svg has a corrected override.
work/full-audit/downloads/mega-assets-v1/jam-ready-assets.zip,jam-ready-assets/kenney-board-game-icons/icons/Vector/Icons/lock_open.svg,05257797df3c2f4bab8a325ba7a604f8a606dc80cd930c06ca15d93005618f52,No explicit SVG canvas/viewBox; verify importer bounds. One gameCharacter.svg has a corrected override.
work/full-audit/downloads/mega-assets-v1/jam-ready-assets.zip,jam-ready-assets/kenney-board-game-icons/icons/Vector/Icons/structure_house.svg,f5ae7a4f9502af95af04c2c2d597aab6a932c99597eecddcfa1e652e25612c1b,No explicit SVG canvas/viewBox; verify importer bounds. One gameCharacter.svg has a corrected override.
work/full-audit/downloads/mega-assets-v1/jam-ready-assets.zip,jam-ready-assets/kenney-board-game-icons/icons/Vector/Icons/token_in.svg,3562006ca787d07ddf19878e9eed271477499ade6b5a5c60b3f879da8f8c5adb,No explicit SVG canvas/viewBox; verify importer bounds. One gameCharacter.svg has a corrected override.
work/full-audit/downloads/mega-assets-v1/jam-ready-assets.zip,jam-ready-assets/kenney-board-game-icons/icons/Vector/Icons/rhombus_question.svg,ac9ba945938e396ab585d1de4fa06cb8da819aeedfb9668c0eeac6bca3761e90,No explicit SVG canvas/viewBox; verify importer bounds. One gameCharacter.svg has a corrected override.
work/full-audit/downloads/mega-assets-v1/jam-ready-assets.zip,jam-ready-assets/kenney-board-game-icons/icons/Vector/Icons/tag_7.svg,c60f0601e6e6946a7d5d35aee6b83e873a67dd95ac4557ecf753c38047bf6be7,No explicit SVG canvas/viewBox; verify importer bounds. One gameCharacter.svg has a corrected override.
work/full-audit/downloads/mega-assets-v1/jam-ready-assets.zip,jam-ready-assets/kenney-board-game-icons/icons/Vector/Icons/hand_card.svg,75c0b1c786856e498618e81daf4c2b47acdb8c123396b7e8c80757ed9f926195,No explicit SVG canvas/viewBox; verify importer bounds. One gameCharacter.svg has a corrected override.
work/full-audit/downloads/mega-assets-v1/jam-ready-assets.zip,jam-ready-assets/kenney-board-game-icons/icons/Vector/Icons/flip_head.svg,538f061979f585b1afa21441957062aa5d029bb7fc5a3401b15a8320357fc801,No explicit SVG canvas/viewBox; verify importer bounds. One gameCharacter.svg has a corrected override.
work/full-audit/downloads/mega-assets-v1/jam-ready-assets.zip,jam-ready-assets/kenney-board-game-icons/icons/Vector/Icons/skull.svg,8d142ced6b7023ad181289ffe3967e441fc1a6b5054b39acde720ee159a67338,No explicit SVG canvas/viewBox; verify importer bounds. One gameCharacter.svg has a corrected override.
work/full-audit/downloads/mega-assets-v1/jam-ready-assets.zip,jam-ready-assets/kenney-board-game-icons/icons/Vector/Icons/card_tap.svg,258c1741fcf7911d3b61a154a9b2d45881becc8cc3f6892162dda34c49183968,No explicit SVG canvas/viewBox; verify importer bounds. One gameCharacter.svg has a corrected override.
work/full-audit/downloads/mega-assets-v1/jam-ready-assets.zip,jam-ready-assets/kenney-board-game-icons/icons/Vector/Icons/tag_4.svg,db7950c686a2b640362dbe632935ced029dd7df1f4990266e3b377611c938478,No explicit SVG canvas/viewBox; verify importer bounds. One gameCharacter.svg has a corrected override.
work/full-audit/downloads/mega-assets-v1/jam-ready-assets.zip,jam-ready-assets/kenney-board-game-icons/icons/Vector/Icons/book_closed.svg,81b68c81cd5aec71eac92658553d6162879b172d7711621bf11891a5f69843fa,No explicit SVG canvas/viewBox; verify importer bounds. One gameCharacter.svg has a corrected override.
work/full-audit/downloads/mega-assets-v1/jam-ready-assets.zip,jam-ready-assets/kenney-board-game-icons/icons/Vector/Icons/notepad.svg,a97fb9a966c4fd01147992f9240c1e624d1763b4d7a75b7c0431f5f5547e82fd,No explicit SVG canvas/viewBox; verify importer bounds. One gameCharacter.svg has a corrected override.
work/full-audit/downloads/mega-assets-v1/jam-ready-assets.zip,jam-ready-assets/kenney-board-game-icons/icons/Vector/Icons/d3.svg,91bd81c56068b8abc6af919352055ab0cd14120c80670cbf1e3274c78b0b047f,No explicit SVG canvas/viewBox; verify importer bounds. One gameCharacter.svg has a corrected override.
work/full-audit/downloads/mega-assets-v1/jam-ready-assets.zip,jam-ready-assets/kenney-board-game-icons/icons/Vector/Icons/hand_hexagon.svg,b6237709a699ed5aa0f8d9e068e7710b1ef910ca8daf2fc36360428f46acd437,No explicit SVG canvas/viewBox; verify importer bounds. One gameCharacter.svg has a corrected override.
work/full-audit/downloads/mega-assets-v1/jam-ready-assets.zip,jam-ready-assets/kenney-board-game-icons/icons/Vector/Icons/flask_empty.svg,8dffda7626c6053ab07a70372fecf250ac4a461f676ac16411fe0a3638801df8,No explicit SVG canvas/viewBox; verify importer bounds. One gameCharacter.svg has a corrected override.
work/full-audit/downloads/mega-assets-v1/jam-ready-assets.zip,jam-ready-assets/kenney-board-game-icons/icons/Vector/Icons/flip_tails.svg,01ee73d4702e96df37320296cc49c0befb3982e13e1069c5431e0778c3b51611,No explicit SVG canvas/viewBox; verify importer bounds. One gameCharacter.svg has a corrected override.
work/full-audit/downloads/mega-assets-v1/jam-ready-assets.zip,jam-ready-assets/kenney-board-game-icons/icons/Vector/Icons/dice_3D_detailed.svg,5e33234016b80f5620860524932238a9439f68b758c2d79a53ecd498373315ff,No explicit SVG canvas/viewBox; verify importer bounds. One gameCharacter.svg has a corrected override.
work/full-audit/downloads/mega-assets-v1/jam-ready-assets.zip,jam-ready-assets/kenney-board-game-icons/icons/Vector/Icons/d4_number.svg,5cd75815515e03d81bc3d2ead3ba781c46429bd3984e55c2ab13b640af4f9643,No explicit SVG canvas/viewBox; verify importer bounds. One gameCharacter.svg has a corrected override.
work/full-audit/downloads/mega-assets-v1/jam-ready-assets.zip,jam-ready-assets/kenney-board-game-icons/icons/Vector/Icons/exploding_6.svg,f1792d4374b5505ae1ad162a799f59fc387b0954cbbbdf09efaefe9387d28d94,No explicit SVG canvas/viewBox; verify importer bounds. One gameCharacter.svg has a corrected override.
work/full-audit/downloads/mega-assets-v1/jam-ready-assets.zip,jam-ready-assets/kenney-board-game-icons/icons/Vector/Icons/cards_fan_outline.svg,8f39279348e74dde8882236a17623bed38438699c12795f78e215f1470475cdf,No explicit SVG canvas/viewBox; verify importer bounds. One gameCharacter.svg has a corrected override.
work/full-audit/downloads/mega-assets-v1/jam-ready-assets.zip,jam-ready-assets/kenney-board-game-icons/icons/Vector/Icons/dice_close.svg,fdd1d14b0c2bcb7ef66aba6091ccfcba5fa7fdcc704dca90d4a49e6bbb47b6d7,No explicit SVG canvas/viewBox; verify importer bounds. One gameCharacter.svg has a corrected override.
work/full-audit/downloads/mega-assets-v1/jam-ready-assets.zip,jam-ready-assets/kenney-board-game-icons/icons/Vector/Icons/hand.svg,3bc359445facff4b2d582addc1580597a9c9459a98c5487e73b426c52e9905f1,No explicit SVG canvas/viewBox; verify importer bounds. One gameCharacter.svg has a corrected override.
work/full-audit/downloads/mega-assets-v1/jam-ready-assets.zip,jam-ready-assets/kenney-board-game-icons/icons/Vector/Icons/puzzle.svg,29d3e9c14baee00558aaac8b84b9f5a8fae2944e276ac153c3f4a2829664dd3d,No explicit SVG canvas/viewBox; verify importer bounds. One gameCharacter.svg has a corrected override.
work/full-audit/downloads/mega-assets-v1/jam-ready-assets.zip,jam-ready-assets/kenney-board-game-icons/icons/Vector/Icons/timer_CW_75.svg,1484012a3ffe292973c08c35a38176bc3d3e7f2d52f54a4d0136895da97880ec,No explicit SVG canvas/viewBox; verify importer bounds. One gameCharacter.svg has a corrected override.
work/full-audit/downloads/mega-assets-v1/jam-ready-assets.zip,jam-ready-assets/kenney-board-game-icons/icons/Vector/Icons/token_out.svg,19a13e999a5be6c804f8b470c0552a3fc5dbb242046be195ab98d6be4e735e85,No explicit SVG canvas/viewBox; verify importer bounds. One gameCharacter.svg has a corrected override.
work/full-audit/downloads/mega-assets-v1/jam-ready-assets.zip,jam-ready-assets/kenney-board-game-icons/icons/Vector/Icons/card_tap_outline_down.svg,482cb93b82e629d1bfb2727de1f9faee39a0ada777d666ea486cd53ef39b4104,No explicit SVG canvas/viewBox; verify importer bounds. One gameCharacter.svg has a corrected override.
work/full-audit/downloads/mega-assets-v1/jam-ready-assets.zip,jam-ready-assets/kenney-board-game-icons/icons/Vector/Icons/structure_church.svg,bd0d12e389c1a6820434b88371430879ddc21f815206ad08f86e888593ecb8bb,No explicit SVG canvas/viewBox; verify importer bounds. One gameCharacter.svg has a corrected override.
work/full-audit/downloads/mega-assets-v1/jam-ready-assets.zip,jam-ready-assets/kenney-board-game-icons/icons/Vector/Icons/flag_square.svg,5be78d4d9a57de4280743ad35241b3dce95f7495f27f1a0d986f16ba5c409abf,No explicit SVG canvas/viewBox; verify importer bounds. One gameCharacter.svg has a corrected override.
work/full-audit/downloads/mega-assets-v1/jam-ready-assets.zip,jam-ready-assets/kenney-board-game-icons/icons/Vector/Icons/d12_outline.svg,ec236d60c1429881abeacc027194eddf44575c78cff611e8c593c2c6545fcc8a,No explicit SVG canvas/viewBox; verify importer bounds. One gameCharacter.svg has a corrected override.
work/full-audit/downloads/mega-assets-v1/jam-ready-assets.zip,jam-ready-assets/kenney-board-game-icons/icons/Vector/Icons/pentagon.svg,4fcbfe1db0ebe830529be33d3830b2445a4f4a6bca903b8567163271ae0396e9,No explicit SVG canvas/viewBox; verify importer bounds. One gameCharacter.svg has a corrected override.
work/full-audit/downloads/mega-assets-v1/jam-ready-assets.zip,jam-ready-assets/kenney-board-game-icons/icons/Vector/Icons/pawn_right.svg,8dace5d351769353f0e8dee29b91f5da7cf481d5883a1845c5f45a462f961f5d,No explicit SVG canvas/viewBox; verify importer bounds. One gameCharacter.svg has a corrected override.
work/full-audit/downloads/mega-assets-v1/jam-ready-assets.zip,jam-ready-assets/kenney-board-game-icons/icons/Vector/Icons/tag_5.svg,882faef24aaf5cb924a7d07fa1f37fc679d0b150be11622a50e9f27fef813a03,No explicit SVG canvas/viewBox; verify importer bounds. One gameCharacter.svg has a corrected override.
work/full-audit/downloads/mega-assets-v1/jam-ready-assets.zip,jam-ready-assets/kenney-board-game-icons/icons/Vector/Icons/tag_shield_9.svg,20e014cb53baf64be1b29fdbf8e5ea667edecb1a6eb65c4d1af99aaf6b80c68f,No explicit SVG canvas/viewBox; verify importer bounds. One gameCharacter.svg has a corrected override.
work/full-audit/downloads/mega-assets-v1/jam-ready-assets.zip,jam-ready-assets/kenney-board-game-icons/icons/Vector/Icons/card_target.svg,834f7b45a5c7d93bec7c4d442cc68a09ce1aa800d4ea8d1729341ccdb81c7fe6,No explicit SVG canvas/viewBox; verify importer bounds. One gameCharacter.svg has a corrected override.
work/full-audit/downloads/mega-assets-v1/jam-ready-assets.zip,jam-ready-assets/kenney-board-game-icons/icons/Vector/Icons/hand_token.svg,460f223566513e5d190001b7a4076c24695508eb7e78a66ba7af5b1be36b44cd,No explicit SVG canvas/viewBox; verify importer bounds. One gameCharacter.svg has a corrected override.
work/full-audit/downloads/mega-assets-v1/jam-ready-assets.zip,jam-ready-assets/kenney-board-game-icons/icons/Vector/Icons/pawn_flip.svg,57f94c1dfb6444af50e2f6cba841b05cc7d62abe73e585277253f058c41b3e56,No explicit SVG canvas/viewBox; verify importer bounds. One gameCharacter.svg has a corrected override.
work/full-audit/downloads/mega-assets-v1/jam-ready-assets.zip,jam-ready-assets/kenney-board-game-icons/icons/Vector/Icons/tag_2.svg,6f06ccf9fe74cb5fab8cb57cbc0cea9558c61c331145b7ae1a0df923dfa5010e,No explicit SVG canvas/viewBox; verify importer bounds. One gameCharacter.svg has a corrected override.
work/full-audit/downloads/mega-assets-v1/jam-ready-assets.zip,jam-ready-assets/kenney-board-game-icons/icons/Vector/Icons/tag_d6_check.svg,dff43a80bc12a2c5bb9c824f1438b93d5d91fb18746ee0f3019859323b1c05c8,No explicit SVG canvas/viewBox; verify importer bounds. One gameCharacter.svg has a corrected override.
work/full-audit/downloads/mega-assets-v1/jam-ready-assets.zip,jam-ready-assets/kenney-board-game-icons/icons/Vector/Icons/token_subtract.svg,c07051cfd530f9b57d22c7d630a13da9c45ace4a7d4f54cd7d3807a80f2e7a10,No explicit SVG canvas/viewBox; verify importer bounds. One gameCharacter.svg has a corrected override.
work/full-audit/downloads/mega-assets-v1/jam-ready-assets.zip,jam-ready-assets/kenney-board-game-icons/icons/Vector/Icons/dice_6.svg,cb2e627b95e088fa6cd7970288a68adc542054f4797b75376d16a618113ba709,No explicit SVG canvas/viewBox; verify importer bounds. One gameCharacter.svg has a corrected override.
work/full-audit/downloads/mega-assets-v1/jam-ready-assets.zip,jam-ready-assets/kenney-board-game-icons/icons/Vector/Icons/d3_number.svg,89b2dc5dfd3a7b35a2492c621b444670e3ea2ae9fe21844a8f5583f754881b89,No explicit SVG canvas/viewBox; verify importer bounds. One gameCharacter.svg has a corrected override.
work/full-audit/downloads/mega-assets-v1/jam-ready-assets.zip,jam-ready-assets/kenney-board-game-icons/icons/Vector/Icons/hourglass_bottom.svg,bcc4f5dff962ba4823698134e8a12da482e92929dace72a5792498c548958309,No explicit SVG canvas/viewBox; verify importer bounds. One gameCharacter.svg has a corrected override.
work/full-audit/downloads/mega-assets-v1/jam-ready-assets.zip,jam-ready-assets/kenney-board-game-icons/icons/Vector/Icons/pawns.svg,f606aadcc6a8a7348469a6cc127022fdc1efd3e4676d42dfc21d3ab1e1174cb5,No explicit SVG canvas/viewBox; verify importer bounds. One gameCharacter.svg has a corrected override.
work/full-audit/downloads/mega-assets-v1/jam-ready-assets.zip,jam-ready-assets/kenney-board-game-icons/icons/Vector/Icons/tag_8.svg,4251865e525e9dd6096499d9a500f39db0d99e4cf8f1b07147083c0065a9f121,No explicit SVG canvas/viewBox; verify importer bounds. One gameCharacter.svg has a corrected override.
work/full-audit/downloads/mega-assets-v1/jam-ready-assets.zip,jam-ready-assets/kenney-board-game-icons/icons/Vector/Icons/arrow_diagonal_cross.svg,7eb9815a2332786e6b480b780859a8eb0e0790c6d011f8bd7c5ddfb0e045e78f,No explicit SVG canvas/viewBox; verify importer bounds. One gameCharacter.svg has a corrected override.
work/full-audit/downloads/mega-assets-v1/jam-ready-assets.zip,jam-ready-assets/kenney-board-game-icons/icons/Vector/Icons/direction_n.svg,4a5801b33c6a23ff91f4a2ab33cf1fa8aa6ef27c6f564990e1748aeffdc7fa5b,No explicit SVG canvas/viewBox; verify importer bounds. One gameCharacter.svg has a corrected override.
work/full-audit/downloads/mega-assets-v1/jam-ready-assets.zip,jam-ready-assets/kenney-board-game-icons/icons/Vector/Icons/direction_s.svg,4d32ca8391ace94d3a8a766ff4a0f59e5ea8ac9fc7474d13798e0c3b43a58d51,No explicit SVG canvas/viewBox; verify importer bounds. One gameCharacter.svg has a corrected override.
work/full-audit/downloads/mega-assets-v1/jam-ready-assets.zip,jam-ready-assets/kenney-board-game-icons/icons/Vector/Icons/flask_half.svg,1b458396caf399d7b8a098e1f41d9dd1419f85f689ec6a630d9321152e18db23,No explicit SVG canvas/viewBox; verify importer bounds. One gameCharacter.svg has a corrected override.
work/full-audit/downloads/mega-assets-v1/jam-ready-assets.zip,jam-ready-assets/kenney-board-game-icons/icons/Vector/Icons/d6_number.svg,6e749f7170502f23f91dcb137aabff547e1865bb714d3af2fecd92cc7bc3c21e,No explicit SVG canvas/viewBox; verify importer bounds. One gameCharacter.svg has a corrected override.
work/full-audit/downloads/mega-assets-v1/jam-ready-assets.zip,jam-ready-assets/kenney-board-game-icons/icons/Vector/Icons/pentagon_outline.svg,52ce017c2d426483222cae7d3552f7950d841f6f4e513056b97a9a19ccdeee97,No explicit SVG canvas/viewBox; verify importer bounds. One gameCharacter.svg has a corrected override.
work/full-audit/downloads/mega-assets-v1/jam-ready-assets.zip,jam-ready-assets/kenney-board-game-icons/icons/Vector/Icons/campfire.svg,4d67e49f4db668d9be999e75f53ad2e7d153216454214c3241036e477a9b223c,No explicit SVG canvas/viewBox; verify importer bounds. One gameCharacter.svg has a corrected override.
work/full-audit/downloads/mega-assets-v1/jam-ready-assets.zip,jam-ready-assets/kenney-board-game-icons/icons/Vector/Icons/d3_outline.svg,224dce1530ed1c40a1117876f26469ff7674cfe9a65dae5ae0a78d3b0fe4fd3d,No explicit SVG canvas/viewBox; verify importer bounds. One gameCharacter.svg has a corrected override.
work/full-audit/downloads/mega-assets-v1/jam-ready-assets.zip,jam-ready-assets/kenney-board-game-icons/icons/Vector/Icons/d2_number.svg,d484cdf5b6a62326d45b7eb1418811f2c2533b8aecbf6425f73b7a07e03c289b,No explicit SVG canvas/viewBox; verify importer bounds. One gameCharacter.svg has a corrected override.
work/full-audit/downloads/mega-assets-v1/jam-ready-assets.zip,jam-ready-assets/kenney-board-game-icons/icons/Vector/Icons/card_outline_place.svg,b1aa5cc60b1a43b71d18c0616c74d5c2bc089f3ff0ef4db632e73eeafdb26301,No explicit SVG canvas/viewBox; verify importer bounds. One gameCharacter.svg has a corrected override.
work/full-audit/downloads/mega-assets-v1/jam-ready-assets.zip,jam-ready-assets/kenney-board-game-icons/icons/Vector/Icons/pouch_remove.svg,2cc86d24699c3bf02a4cd423ffda91518e09f8f2f8e78a15b087b69631b0c9e8,No explicit SVG canvas/viewBox; verify importer bounds. One gameCharacter.svg has a corrected override.
work/full-audit/downloads/mega-assets-v1/jam-ready-assets.zip,jam-ready-assets/kenney-board-game-icons/icons/Vector/Icons/cards_skull.svg,a3b91021f597d1f35e5ed87b7cb04908f40178db7769f76cfd38fd57f3216b5e,No explicit SVG canvas/viewBox; verify importer bounds. One gameCharacter.svg has a corrected override.
work/full-audit/downloads/mega-assets-v1/jam-ready-assets.zip,jam-ready-assets/kenney-board-game-icons/icons/Vector/Icons/arrow_clockwise.svg,5972b4c59aa26f63329097b4580ccd5d159607fe7ca9653dfe1d89da1be882d3,No explicit SVG canvas/viewBox; verify importer bounds. One gameCharacter.svg has a corrected override.
work/full-audit/downloads/mega-assets-v1/jam-ready-assets.zip,jam-ready-assets/kenney-board-game-icons/icons/Vector/Icons/tokens_stack.svg,68ca730cf94741c2eb26d40259a234e3a5b07c41264b2e1142a175dfb38c7283,No explicit SVG canvas/viewBox; verify importer bounds. One gameCharacter.svg has a corrected override.
work/full-audit/downloads/mega-assets-v1/jam-ready-assets.zip,jam-ready-assets/kenney-board-game-icons/icons/Vector/Icons/arrow_cross_divided.svg,93e8e7b742993fb06cee99cfc5f951ce01b6c868682c26020ca4e6927eec921b,No explicit SVG canvas/viewBox; verify importer bounds. One gameCharacter.svg has a corrected override.
work/full-audit/downloads/mega-assets-v1/jam-ready-assets.zip,jam-ready-assets/kenney-board-game-icons/icons/Vector/Icons/cards_fan.svg,6d84e23ca9c681b87628d40800c9058d5f03a6cf036e23d721cba2224e1dded2,No explicit SVG canvas/viewBox; verify importer bounds. One gameCharacter.svg has a corrected override.
work/full-audit/downloads/mega-assets-v1/jam-ready-assets.zip,jam-ready-assets/kenney-board-game-icons/icons/Vector/Icons/hand_cross.svg,22535086264ff733f242a6ac5976d9798395856467ad7df6d02839efb7510923,No explicit SVG canvas/viewBox; verify importer bounds. One gameCharacter.svg has a corrected override.
work/full-audit/downloads/mega-assets-v1/jam-ready-assets.zip,jam-ready-assets/kenney-board-game-icons/icons/Vector/Icons/tag_shield_5.svg,2dfba3ac9258d4a772bb159d76074c55e9b44b61a5b0ac3f9c57235885f19f96,No explicit SVG canvas/viewBox; verify importer bounds. One gameCharacter.svg has a corrected override.
work/full-audit/downloads/mega-assets-v1/jam-ready-assets.zip,jam-ready-assets/kenney-board-game-icons/icons/Vector/Icons/character_place.svg,ff28a4dca678515004fadfefa66a0db76a55c906d3e6e89a43c097a296a5a134,No explicit SVG canvas/viewBox; verify importer bounds. One gameCharacter.svg has a corrected override.
work/full-audit/downloads/mega-assets-v1/jam-ready-assets.zip,jam-ready-assets/kenney-board-game-icons/icons/Vector/Icons/card_place.svg,2630eb25579180f7eb9cd8b53d6fb92a39c7d7002b14c52e5b6de192508ca5d1,No explicit SVG canvas/viewBox; verify importer bounds. One gameCharacter.svg has a corrected override.
work/full-audit/downloads/mega-assets-v1/jam-ready-assets.zip,jam-ready-assets/kenney-board-game-icons/icons/Vector/Icons/hexagon_outline.svg,9bcbac2799d49be38751ca3bcfa8d159b28497cb4c3c07c4012c85d64ae33120,No explicit SVG canvas/viewBox; verify importer bounds. One gameCharacter.svg has a corrected override.
work/full-audit/downloads/mega-assets-v1/jam-ready-assets.zip,jam-ready-assets/kenney-board-game-icons/icons/Vector/Icons/tag_shield_6.svg,af96156796a7ec9e0b40b96999725fee7328204a7b231d22de4922465c95c5dc,No explicit SVG canvas/viewBox; verify importer bounds. One gameCharacter.svg has a corrected override.
work/full-audit/downloads/mega-assets-v1/jam-ready-assets.zip,jam-ready-assets/kenney-board-game-icons/icons/Vector/Icons/card_outline_lift.svg,8bff134fd70d9fabf7270a7eab8bbbc6801e86780c429ac03be6222951b15b99,No explicit SVG canvas/viewBox; verify importer bounds. One gameCharacter.svg has a corrected override.
work/full-audit/downloads/mega-assets-v1/jam-ready-assets.zip,jam-ready-assets/kenney-board-game-icons/icons/Vector/Icons/d8_outline_number.svg,f38f94ede061a684ae0135c98ae0eac7c6ccf6c3c4adc125e1459f65d7d58e9d,No explicit SVG canvas/viewBox; verify importer bounds. One gameCharacter.svg has a corrected override.
work/full-audit/downloads/mega-assets-v1/jam-ready-assets.zip,jam-ready-assets/kenney-board-game-icons/icons/Vector/Icons/pawn_up.svg,3a4ab0d2ea0e5ee9f49b4814ecd8bb6c3120de6f0c7b1c0064539f6a71bc07f9,No explicit SVG canvas/viewBox; verify importer bounds. One gameCharacter.svg has a corrected override.
work/full-audit/downloads/mega-assets-v1/jam-ready-assets.zip,jam-ready-assets/kenney-board-game-icons/icons/Vector/Icons/dice_5.svg,d6b58542d99d008ce6b0a27b607ac298c9902e2d3fdde3fc264f12966bd2fb57,No explicit SVG canvas/viewBox; verify importer bounds. One gameCharacter.svg has a corrected override.
work/full-audit/downloads/mega-assets-v1/jam-ready-assets.zip,jam-ready-assets/kenney-board-game-icons/icons/Vector/Icons/resource_planks.svg,9e803ff8e54a42a1ca183fc44df017c33b5ed40092faaf84dde905247fdea880,No explicit SVG canvas/viewBox; verify importer bounds. One gameCharacter.svg has a corrected override.
work/full-audit/downloads/mega-assets-v1/jam-ready-assets.zip,jam-ready-assets/kenney-board-game-icons/icons/Vector/Icons/dice_1.svg,d8948a811f1ea4d5c422dd6fdbe4c04fd8edaaf0c5cdbec4ed893906d720d76e,No explicit SVG canvas/viewBox; verify importer bounds. One gameCharacter.svg has a corrected override.
work/full-audit/downloads/mega-assets-v1/jam-ready-assets.zip,jam-ready-assets/kenney-board-game-icons/icons/Vector/Icons/chess_queen.svg,1039ab1b96effec7d44538b977544278c812311d1c8dfe8a9c4e16844a6595d8,No explicit SVG canvas/viewBox; verify importer bounds. One gameCharacter.svg has a corrected override.
work/full-audit/downloads/mega-assets-v1/jam-ready-assets.zip,jam-ready-assets/kenney-board-game-icons/icons/Vector/Icons/tag_shield_1.svg,9e4dab3144cb2d9d8e16aa6c98354b0fe347079e57740feb02a275294ccb9674,No explicit SVG canvas/viewBox; verify importer bounds. One gameCharacter.svg has a corrected override.
work/full-audit/downloads/mega-assets-v1/jam-ready-assets.zip,jam-ready-assets/kenney-board-game-icons/icons/Vector/Icons/cards_stack.svg,cee4aa6f4bd4127bce6ac0b193b08d65216ec9d1657370a2f84e851018887b31,No explicit SVG canvas/viewBox; verify importer bounds. One gameCharacter.svg has a corrected override.
work/full-audit/downloads/mega-assets-v1/jam-ready-assets.zip,jam-ready-assets/kenney-board-game-icons/icons/Vector/Icons/chess_king.svg,fea98a2ad7e5c627215333f93152c223c2be9925f0a1e54567a4a6700ffc06da,No explicit SVG canvas/viewBox; verify importer bounds. One gameCharacter.svg has a corrected override.
work/full-audit/downloads/mega-assets-v1/jam-ready-assets.zip,jam-ready-assets/kenney-board-game-icons/icons/Vector/Icons/direction_w.svg,a2a7af943b1a0375cc685559e28a99e4eb368ff9b89f0696b3a13c1337fa2767,No explicit SVG canvas/viewBox; verify importer bounds. One gameCharacter.svg has a corrected override.
work/full-audit/downloads/mega-assets-v1/jam-ready-assets.zip,jam-ready-assets/kenney-board-game-icons/icons/Vector/Icons/hexagon_tile.svg,a417171976737c1ba894f90a2a725a6446541e4ad1f11fc2f0ae42a859557356,No explicit SVG canvas/viewBox; verify importer bounds. One gameCharacter.svg has a corrected override.
work/full-audit/downloads/mega-assets-v1/jam-ready-assets.zip,jam-ready-assets/kenney-board-game-icons/icons/Vector/Icons/tag_d6_5.svg,a29879f6b2f8441e38429739cfb51f06dd5a27fcd40ffc7b53b33d51bca88fce,No explicit SVG canvas/viewBox; verify importer bounds. One gameCharacter.svg has a corrected override.
work/full-audit/downloads/mega-assets-v1/jam-ready-assets.zip,jam-ready-assets/kenney-board-game-icons/icons/Vector/Icons/card_flip.svg,1834aef2f9e97711d11464fd6aa8a3e05b143d96e23eacc104dd6fd8a9769111,No explicit SVG canvas/viewBox; verify importer bounds. One gameCharacter.svg has a corrected override.
work/full-audit/downloads/mega-assets-v1/jam-ready-assets.zip,jam-ready-assets/kenney-board-game-icons/icons/Vector/Icons/pouch.svg,4167ea0c4c27d5ebb1c4ecb2813c24deb9f205f83c7f74bb4fd1b6809667942b,No explicit SVG canvas/viewBox; verify importer bounds. One gameCharacter.svg has a corrected override.
work/full-audit/downloads/mega-assets-v1/jam-ready-assets.zip,jam-ready-assets/kenney-board-game-icons/icons/Vector/Icons/crown_a.svg,d0bbefc14de1862470764f9a94dbb66e8230139922bcc0592419390a26803010,No explicit SVG canvas/viewBox; verify importer bounds. One gameCharacter.svg has a corrected override.
work/full-audit/downloads/mega-assets-v1/jam-ready-assets.zip,jam-ready-assets/kenney-board-game-icons/icons/Vector/Icons/suit_clubs.svg,a8f7a938bf316d1184c1ea85884fca3ca5428a280274c52c96945e12fee9d6af,No explicit SVG canvas/viewBox; verify importer bounds. One gameCharacter.svg has a corrected override.
work/full-audit/downloads/mega-assets-v1/jam-ready-assets.zip,jam-ready-assets/kenney-board-game-icons/icons/Vector/Icons/chess_knight.svg,782ba5d7ff82892dd9568a6fa8482c142b4ff963003712fa58823fc053885e92,No explicit SVG canvas/viewBox; verify importer bounds. One gameCharacter.svg has a corrected override.
work/full-audit/downloads/mega-assets-v1/jam-ready-assets.zip,jam-ready-assets/kenney-board-game-icons/icons/Vector/Icons/card_lift.svg,b0c7a63f91141933f8add57fc723d7290640d2d92d2b57d4d7b759a36c70c6cf,No explicit SVG canvas/viewBox; verify importer bounds. One gameCharacter.svg has a corrected override.
work/full-audit/downloads/mega-assets-v1/jam-ready-assets.zip,jam-ready-assets/kenney-board-game-icons/icons/Vector/Icons/pentagon_question.svg,3f55ada1ffdef6d838d1fb3389ad403a113f0d7c18bb1ae19530c8a3cb8309ab,No explicit SVG canvas/viewBox; verify importer bounds. One gameCharacter.svg has a corrected override.
work/full-audit/downloads/mega-assets-v1/jam-ready-assets.zip,jam-ready-assets/kenney-board-game-icons/icons/Vector/Icons/cards_flip.svg,067d62180f15f71f9fabda353e9b36753cc5c794f22894f8356de87ad02ea647,No explicit SVG canvas/viewBox; verify importer bounds. One gameCharacter.svg has a corrected override.
work/full-audit/downloads/mega-assets-v1/jam-ready-assets.zip,jam-ready-assets/kenney-board-game-icons/icons/Vector/Icons/tag_d6_1.svg,654d0c8ede6d4833716eee332a49cde8c70483f68d549a61bc29d964f4c21b79,No explicit SVG canvas/viewBox; verify importer bounds. One gameCharacter.svg has a corrected override.
work/full-audit/downloads/mega-assets-v1/jam-ready-assets.zip,jam-ready-assets/kenney-board-game-icons/icons/Vector/Icons/tokens_shadow.svg,87deb0e45466cac0397fbbcfe235de2696ab76e76513f243807ae30018d2ef5b,No explicit SVG canvas/viewBox; verify importer bounds. One gameCharacter.svg has a corrected override.
work/full-audit/downloads/mega-assets-v1/jam-ready-assets.zip,jam-ready-assets/kenney-board-game-icons/icons/Vector/Icons/cards_take.svg,257d7b054eddf2c0ada4cadeba25048fe3b1bf6b3e8232517620816f3ee10bdf,No explicit SVG canvas/viewBox; verify importer bounds. One gameCharacter.svg has a corrected override.
work/full-audit/downloads/mega-assets-v1/jam-ready-assets.zip,jam-ready-assets/kenney-board-game-icons/icons/Vector/Icons/cards_collection.svg,f92cfd2aa81033d0f7dfc3a034e5e273f1920b8574c615c299ee79fe31faf87c,No explicit SVG canvas/viewBox; verify importer bounds. One gameCharacter.svg has a corrected override.
work/full-audit/downloads/mega-assets-v1/jam-ready-assets.zip,jam-ready-assets/kenney-board-game-icons/icons/Vector/Icons/cards_seek_top.svg,8f4edb71ff9433fafe9b244c7187d8cb765c752d5fb716fd8624d64f9b1e35bd,No explicit SVG canvas/viewBox; verify importer bounds. One gameCharacter.svg has a corrected override.
work/full-audit/downloads/mega-assets-v1/jam-ready-assets.zip,jam-ready-assets/kenney-board-game-icons/icons/Vector/Icons/flip_half.svg,d648ba4b311d701a0d9730307d5e835eb76b297e31fac0855ce537d65e6c1c1a,No explicit SVG canvas/viewBox; verify importer bounds. One gameCharacter.svg has a corrected override.
work/full-audit/downloads/mega-assets-v1/jam-ready-assets.zip,jam-ready-assets/kenney-board-game-icons/icons/Vector/Icons/suit_diamonds.svg,e439dd9aa76ed9ff6b853339d09a5eac5b24dbdb9a176473ad12d06bb130369e,No explicit SVG canvas/viewBox; verify importer bounds. One gameCharacter.svg has a corrected override.
work/full-audit/downloads/mega-assets-v1/jam-ready-assets.zip,jam-ready-assets/kenney-board-game-icons/icons/Vector/Icons/arrow_cross.svg,6c4edd62540042fe8342fbd539f1712c819b74c1801ab550c4a60415da9bdbed,No explicit SVG canvas/viewBox; verify importer bounds. One gameCharacter.svg has a corrected override.
work/full-audit/downloads/mega-assets-v1/jam-ready-assets.zip,jam-ready-assets/kenney-board-game-icons/icons/Vector/Icons/shield.svg,377da5c6c7bac6cfdd8cd9702ed53017ff2e25bedffdf689346e4f282766ba1c,No explicit SVG canvas/viewBox; verify importer bounds. One gameCharacter.svg has a corrected override.
work/full-audit/downloads/mega-assets-v1/jam-ready-assets.zip,jam-ready-assets/kenney-board-game-icons/icons/Vector/Icons/card_add.svg,a109be6cf3ec3f3cb426f6ccca7a8ae84c0876d22190f651eff4650b9aaf101b,No explicit SVG canvas/viewBox; verify importer bounds. One gameCharacter.svg has a corrected override.
work/full-audit/downloads/mega-assets-v1/jam-ready-assets.zip,jam-ready-assets/kenney-board-game-icons/icons/Vector/Icons/tag_d6_2.svg,48b6e31fe6e13c82f8ab7d0359b43f4103f5c8c93cda5bc0b2c1e1f3d330379c,No explicit SVG canvas/viewBox; verify importer bounds. One gameCharacter.svg has a corrected override.
work/full-audit/downloads/mega-assets-v1/jam-ready-assets.zip,jam-ready-assets/kenney-board-game-icons/icons/Vector/Icons/hexagon_question.svg,b8dc30e4d8ba80d360747d868c8eafcd7c00ad6610e60b9839151e91a7faafd6,No explicit SVG canvas/viewBox; verify importer bounds. One gameCharacter.svg has a corrected override.
work/full-audit/downloads/mega-assets-v1/jam-ready-assets.zip,jam-ready-assets/kenney-board-game-icons/icons/Vector/Icons/d6_outline.svg,224dce1530ed1c40a1117876f26469ff7674cfe9a65dae5ae0a78d3b0fe4fd3d,No explicit SVG canvas/viewBox; verify importer bounds. One gameCharacter.svg has a corrected override.
work/full-audit/downloads/mega-assets-v1/jam-ready-assets.zip,jam-ready-assets/kenney-board-game-icons/icons/Vector/Icons/card_diagonal.svg,345c450d6032dd0bc9d49981770e75b12faa868427d2e6dcca0ada3ed8391fb2,No explicit SVG canvas/viewBox; verify importer bounds. One gameCharacter.svg has a corrected override.
work/full-audit/downloads/mega-assets-v1/jam-ready-assets.zip,jam-ready-assets/kenney-board-game-icons/icons/Vector/Icons/timer_CCW_75.svg,9b64bba4dfe2d59558438425624a5f07bfed8aba27e507ac06b09a2266a83cd6,No explicit SVG canvas/viewBox; verify importer bounds. One gameCharacter.svg has a corrected override.
work/full-audit/downloads/mega-assets-v1/jam-ready-assets.zip,jam-ready-assets/kenney-board-game-icons/icons/Vector/Icons/tag_d6_infinte.svg,09bb598cac6770ebdf7c08d38ea85cf45e64647438a8ece53c9b818070a67204,No explicit SVG canvas/viewBox; verify importer bounds. One gameCharacter.svg has a corrected override.
work/full-audit/downloads/mega-assets-v1/jam-ready-assets.zip,jam-ready-assets/kenney-board-game-icons/icons/Vector/Icons/token_give.svg,247685d2faa887ab1ede032f61cac7638fc40d7a8430141e0c4dd1dd67a63d06,No explicit SVG canvas/viewBox; verify importer bounds. One gameCharacter.svg has a corrected override.
work/full-audit/downloads/mega-assets-v1/jam-ready-assets.zip,jam-ready-assets/kenney-board-game-icons/icons/Vector/Icons/tag_3.svg,3e85a3dbe00525c9cfe560780e997ddc4c78043fab30cd7bd6dbbedbdbd0bc2e,No explicit SVG canvas/viewBox; verify importer bounds. One gameCharacter.svg has a corrected override.
work/full-audit/downloads/mega-assets-v1/jam-ready-assets.zip,jam-ready-assets/kenney-board-game-icons/icons/Vector/Icons/book_open.svg,b3288e12dc6b67bf42acd7ddc122aeedf2787580a03c9cc17b4a4274c45455b0,No explicit SVG canvas/viewBox; verify importer bounds. One gameCharacter.svg has a corrected override.
work/full-audit/downloads/mega-assets-v1/jam-ready-assets.zip,jam-ready-assets/kenney-board-game-icons/icons/Vector/Icons/d4_outline.svg,5b721e5f49d92ff3d4e41bd497fce2d1bb8fec5b43fec96ff587be8b7ae99a36,No explicit SVG canvas/viewBox; verify importer bounds. One gameCharacter.svg has a corrected override.
work/full-audit/downloads/mega-assets-v1/jam-ready-assets.zip,jam-ready-assets/kenney-board-game-icons/icons/Vector/Icons/dice_skull.svg,17b3d850b1f05c1389ad00aee9f1d591fd4ce3f8f76c68f1a952a02bdf935561,No explicit SVG canvas/viewBox; verify importer bounds. One gameCharacter.svg has a corrected override.
work/full-audit/downloads/mega-assets-v1/jam-ready-assets.zip,jam-ready-assets/kenney-board-game-icons/icons/Vector/Icons/rhombus_outline.svg,9484e269ec3c1b9d196603c72cdb48d8527e070e92288c5623d4259088421001,No explicit SVG canvas/viewBox; verify importer bounds. One gameCharacter.svg has a corrected override.
work/full-audit/downloads/mega-assets-v1/jam-ready-assets.zip,jam-ready-assets/kenney-board-game-icons/icons/Vector/Icons/resource_wheat.svg,98a050c63904409a803fa98f8cd3a54dd04e236ee6a0d5cf0b27c2bbda8641d1,No explicit SVG canvas/viewBox; verify importer bounds. One gameCharacter.svg has a corrected override.
work/full-audit/downloads/mega-assets-v1/jam-ready-assets.zip,jam-ready-assets/kenney-board-game-icons/icons/Vector/Icons/tag_1.svg,3bd794dabcd15dd1f9f3d97ac103f82bd3da8cb802845ccd164b626df020a1a2,No explicit SVG canvas/viewBox; verify importer bounds. One gameCharacter.svg has a corrected override.
work/full-audit/downloads/mega-assets-v1/jam-ready-assets.zip,jam-ready-assets/kenney-board-game-icons/icons/Vector/Icons/token_remove.svg,534351d46c38e56abc9705b94064aae7de6b13b1316dc7abdfc5d8bde32b41a6,No explicit SVG canvas/viewBox; verify importer bounds. One gameCharacter.svg has a corrected override.
work/full-audit/downloads/mega-assets-v1/jam-ready-assets.zip,jam-ready-assets/kenney-board-game-icons/icons/Vector/Icons/d8_outline.svg,6c8d5c26b2faeea4164f2bd2541c03f1b4b5197a021a1fd918042ded8ff22085,No explicit SVG canvas/viewBox; verify importer bounds. One gameCharacter.svg has a corrected override.
work/full-audit/downloads/mega-assets-v1/jam-ready-assets.zip,jam-ready-assets/kenney-board-game-icons/icons/Vector/Icons/dice_detailed.svg,3789c2a8ea89e9e1123dcdacf01cb69a7e25b7838cb61b6859a3f7126fcc95bd,No explicit SVG canvas/viewBox; verify importer bounds. One gameCharacter.svg has a corrected override.
work/full-audit/downloads/mega-assets-v1/jam-ready-assets.zip,jam-ready-assets/kenney-board-game-icons/icons/Vector/Icons/d8_number.svg,4bd0837af4f9844ec90795b37fd8d0f32b8a191685ad786cf4eb1f2dfe4ead86,No explicit SVG canvas/viewBox; verify importer bounds. One gameCharacter.svg has a corrected override.
work/full-audit/downloads/mega-assets-v1/jam-ready-assets.zip,jam-ready-assets/kenney-board-game-icons/icons/Vector/Icons/pawn_skip.svg,0acea08f09d2172e5902a1f7cf958ff58d789d71de045d890dcd9779a712ef8a,No explicit SVG canvas/viewBox; verify importer bounds. One gameCharacter.svg has a corrected override.
work/full-audit/downloads/mega-assets-v1/jam-ready-assets.zip,jam-ready-assets/kenney-board-game-icons/icons/Vector/Icons/card_remove.svg,aae54745dddf11ede405177755b7858ba9741d5913e62a6f8bf517bcaef09984,No explicit SVG canvas/viewBox; verify importer bounds. One gameCharacter.svg has a corrected override.
work/full-audit/downloads/mega-assets-v1/jam-ready-assets.zip,jam-ready-assets/kenney-board-game-icons/icons/Vector/Icons/suit_hearts_broken.svg,b02403bf5ce14e833cb12624bfe0810e27e7e5df288d28573b1efe548ffd3178,No explicit SVG canvas/viewBox; verify importer bounds. One gameCharacter.svg has a corrected override.
work/full-audit/downloads/mega-assets-v1/jam-ready-assets.zip,jam-ready-assets/kenney-board-game-icons/icons/Vector/Icons/arrow_rotate.svg,60eb633ef2ca64e7919bf08392b765f2bb172ae264c606f4cd2cd105cd585153,No explicit SVG canvas/viewBox; verify importer bounds. One gameCharacter.svg has a corrected override.
work/full-audit/downloads/mega-assets-v1/jam-ready-assets.zip,jam-ready-assets/kenney-board-game-icons/icons/Vector/Icons/card_tap_outline_up.svg,37e45db2f01aded18d01b8fb94dcd9c5ca13e969f63e4a4d09d38788efa6ac56,No explicit SVG canvas/viewBox; verify importer bounds. One gameCharacter.svg has a corrected override.
work/full-audit/downloads/mega-assets-v1/jam-ready-assets.zip,jam-ready-assets/kenney-board-game-icons/icons/Vector/Icons/dice_sword.svg,c415c8a0318b70f60b20cbaad05ea84c4e27a9d1ac2fa23641280c4846388ff3,No explicit SVG canvas/viewBox; verify importer bounds. One gameCharacter.svg has a corrected override.
work/full-audit/downloads/mega-assets-v1/jam-ready-assets.zip,jam-ready-assets/kenney-board-game-icons/icons/Vector/Icons/card_subtract.svg,a9a3b1a6cf2339904d61c97dd0739291f17dde3115a5a12cde4350328172c97c,No explicit SVG canvas/viewBox; verify importer bounds. One gameCharacter.svg has a corrected override.
work/full-audit/downloads/mega-assets-v1/jam-ready-assets.zip,jam-ready-assets/kenney-board-game-icons/icons/Vector/Icons/resource_apple.svg,55bfd1e7ce5bf1feed028a7cbbd3a8903f839ca413f2fffe74e63256b9de33db,No explicit SVG canvas/viewBox; verify importer bounds. One gameCharacter.svg has a corrected override.
work/full-audit/downloads/mega-assets-v1/jam-ready-assets.zip,jam-ready-assets/kenney-board-game-icons/icons/Vector/Icons/card_rotate.svg,efbe2b86cdbcb0c25e51f58b7f9412bb0f975c940a5a4e38647fe27a05e75c72,No explicit SVG canvas/viewBox; verify importer bounds. One gameCharacter.svg has a corrected override.
work/full-audit/downloads/mega-assets-v1/jam-ready-assets.zip,jam-ready-assets/kenney-board-game-icons/icons/Vector/Icons/card_outline.svg,3891ee2eb8d530c3f34d387c72e9999ceeb5dbf5401a57993f3e3a9eaff387f9,No explicit SVG canvas/viewBox; verify importer bounds. One gameCharacter.svg has a corrected override.
work/full-audit/downloads/mega-assets-v1/jam-ready-assets.zip,jam-ready-assets/kenney-board-game-icons/icons/Vector/Icons/token_add.svg,32cf99bca560c8cba6e0e37517578feac075b0b0f057b48cb4baabb31123d448,No explicit SVG canvas/viewBox; verify importer bounds. One gameCharacter.svg has a corrected override.
work/full-audit/downloads/mega-assets-v1/jam-ready-assets.zip,jam-ready-assets/kenney-board-game-icons/icons/Vector/Icons/tag_shield_7.svg,6b90062c8f9ba1eba2cb3cd1810dad8ca65f21cb1420dffe7e5d984d8cd86031,No explicit SVG canvas/viewBox; verify importer bounds. One gameCharacter.svg has a corrected override.
work/full-audit/downloads/mega-assets-v1/jam-ready-assets.zip,jam-ready-assets/kenney-board-game-icons/icons/Vector/Icons/cards_stack_cross.svg,aa8bf13d00dc606534b830a66e998f2db607eeee3e76645e9755dff54c676690,No explicit SVG canvas/viewBox; verify importer bounds. One gameCharacter.svg has a corrected override.
work/full-audit/downloads/mega-assets-v1/jam-ready-assets.zip,jam-ready-assets/kenney-board-game-icons/icons/Vector/Icons/tag_d6_cross.svg,8572f29b480b27f03e6d439a122ff4a3dde6ab9740ea3bf2f3c905feadc2a3a6,No explicit SVG canvas/viewBox; verify importer bounds. One gameCharacter.svg has a corrected override.
work/full-audit/downloads/mega-assets-v1/jam-ready-assets.zip,jam-ready-assets/kenney-board-game-icons/icons/Vector/Icons/tag_infinite.svg,09787d0ef2c39f82942d52f295b94e107728f66b713bfa884f6715236b81794c,No explicit SVG canvas/viewBox; verify importer bounds. One gameCharacter.svg has a corrected override.
work/full-audit/downloads/mega-assets-v1/jam-ready-assets.zip,jam-ready-assets/kenney-board-game-icons/icons/Vector/Icons/hexagon_in.svg,a7dd45947ac0b8faf88919e7cb3a4f9c0bc08324c69925527f1c190471646832,No explicit SVG canvas/viewBox; verify importer bounds. One gameCharacter.svg has a corrected override.
work/full-audit/downloads/mega-assets-v1/jam-ready-assets.zip,jam-ready-assets/kenney-board-game-icons/icons/Vector/Icons/card_tap_up.svg,91676e9983f846ccf89b1ed421bc5cd4b29b7021cd1a4d5131581d4112614a5a,No explicit SVG canvas/viewBox; verify importer bounds. One gameCharacter.svg has a corrected override.
work/full-audit/downloads/mega-assets-v1/jam-ready-assets.zip,jam-ready-assets/kenney-board-game-icons/icons/Vector/Icons/card_tap_down.svg,411f962ddb609a7441c8c4000526e51b19ef3d24dfd3d30a22b59c51aa319e79,No explicit SVG canvas/viewBox; verify importer bounds. One gameCharacter.svg has a corrected override.
work/full-audit/downloads/mega-assets-v1/jam-ready-assets.zip,jam-ready-assets/kenney-board-game-icons/icons/Vector/Icons/card_outline_remove.svg,d4a75205d2b2e2d7ee8cfdd87dc60ec30d7a035ed1db3a14f61f7c71749c2c2e,No explicit SVG canvas/viewBox; verify importer bounds. One gameCharacter.svg has a corrected override.
work/full-audit/downloads/mega-assets-v1/jam-ready-assets.zip,jam-ready-assets/kenney-board-game-icons/icons/Vector/Icons/tag_d6.svg,c31c45419093d5760a7e97230e9559832237848f328d6bda322b4568e6981253,No explicit SVG canvas/viewBox; verify importer bounds. One gameCharacter.svg has a corrected override.
work/full-audit/downloads/mega-assets-v1/jam-ready-assets.zip,jam-ready-assets/kenney-board-game-icons/icons/Vector/Icons/tag_shield_8.svg,00822ba5faa57c1858028633de2f1abfec3afbc952a1ba907f8597b379d5e747,No explicit SVG canvas/viewBox; verify importer bounds. One gameCharacter.svg has a corrected override.
work/full-audit/downloads/mega-assets-v1/jam-ready-assets.zip,jam-ready-assets/kenney-board-game-icons/icons/Vector/Icons/d2.svg,a7323bd1b8fd1a1252d001a971a1f8006c52a0671b2047d4f2acf749412c9a2a,No explicit SVG canvas/viewBox; verify importer bounds. One gameCharacter.svg has a corrected override.
work/full-audit/downloads/mega-assets-v1/jam-ready-assets.zip,jam-ready-assets/kenney-board-game-icons/icons/Vector/Icons/hexagon_out.svg,c1772ca4c352418fe80579005866c7aca961686e280d370a3fb0efdd76226ac8,No explicit SVG canvas/viewBox; verify importer bounds. One gameCharacter.svg has a corrected override.
work/full-audit/downloads/mega-assets-v1/jam-ready-assets.zip,jam-ready-assets/kenney-board-game-icons/icons/Vector/Icons/dice_empty.svg,7ca79f032a68b225a293dab925b09a94194ce7e0b032efaf2ed5acf2821cfe6c,No explicit SVG canvas/viewBox; verify importer bounds. One gameCharacter.svg has a corrected override.
work/full-audit/downloads/mega-assets-v1/jam-ready-assets.zip,jam-ready-assets/kenney-board-game-icons/icons/Vector/Icons/cards_order.svg,b526cff8c81f8ad08bf0b92013fdb61fe41e837b4b5cc628dab1c2786d38042e,No explicit SVG canvas/viewBox; verify importer bounds. One gameCharacter.svg has a corrected override.
work/full-audit/downloads/mega-assets-v1/jam-ready-assets.zip,jam-ready-assets/kenney-board-game-icons/icons/Vector/Icons/d3_outline_number.svg,3223c8edbc72147cd3fee931a79600ab5b0eb68b473a6d58ab2d57a1801f91ac,No explicit SVG canvas/viewBox; verify importer bounds. One gameCharacter.svg has a corrected override.
work/full-audit/downloads/mega-assets-v1/jam-ready-assets.zip,jam-ready-assets/kenney-board-game-icons/icons/Vector/Icons/hourglass.svg,5abed8d1c98b26dccc1c6159a3cb5df0a2be52815c55e15897a9b463aa2374f8,No explicit SVG canvas/viewBox; verify importer bounds. One gameCharacter.svg has a corrected override.
work/full-audit/downloads/mega-assets-v1/jam-ready-assets.zip,jam-ready-assets/kenney-board-game-icons/icons/Vector/Icons/card_tap_outline.svg,d5a741840b2b0135249bae7b270ee35ecb5469b66570a9dbd53124418de2433a,No explicit SVG canvas/viewBox; verify importer bounds. One gameCharacter.svg has a corrected override.
work/full-audit/downloads/mega-assets-v1/jam-ready-assets.zip,jam-ready-assets/kenney-board-game-icons/icons/Vector/Icons/rhombus.svg,4ba2570619ad7a006bd20f4e1460a8bf8fad04e8d6b72304669699d2a18f781b,No explicit SVG canvas/viewBox; verify importer bounds. One gameCharacter.svg has a corrected override.
work/full-audit/downloads/mega-assets-v1/jam-ready-assets.zip,jam-ready-assets/kenney-board-game-icons/icons/Vector/Icons/chess_bishop.svg,0dc947e9b0fc4cb7fca03e87fde763c3532323bc1d3da5ec4384681691ba7d15,No explicit SVG canvas/viewBox; verify importer bounds. One gameCharacter.svg has a corrected override.
work/full-audit/downloads/mega-assets-v1/jam-ready-assets.zip,jam-ready-assets/kenney-board-game-icons/icons/Vector/Icons/card_down_outline.svg,777552379c71ae4698898b651e37636fe4630c61e9717075f2e75548a8e96bb6,No explicit SVG canvas/viewBox; verify importer bounds. One gameCharacter.svg has a corrected override.
work/full-audit/downloads/mega-assets-v1/jam-ready-assets.zip,jam-ready-assets/kenney-board-game-icons/icons/Vector/Icons/flask_full.svg,7ddb1e52bf26c19e2a6c29c14a860786ffd48b62366494a741559e1bf7802913,No explicit SVG canvas/viewBox; verify importer bounds. One gameCharacter.svg has a corrected override.
work/full-audit/downloads/mega-assets-v1/jam-ready-assets.zip,jam-ready-assets/kenney-board-game-icons/icons/Vector/Icons/tag_d6_3.svg,8eb47b0351c7ccff40c5a4bed65992cabd2580ca3012743d2effae3fb26a07dd,No explicit SVG canvas/viewBox; verify importer bounds. One gameCharacter.svg has a corrected override.
work/full-audit/downloads/mega-assets-v1/jam-ready-assets.zip,jam-ready-assets/kenney-board-game-icons/icons/Vector/Icons/resource_lumber.svg,f39b9e1b93ec24dc21ba2aae904324f6ac2069a294f75302f09dac20a58483f6,No explicit SVG canvas/viewBox; verify importer bounds. One gameCharacter.svg has a corrected override.
work/full-audit/downloads/mega-assets-v1/jam-ready-assets.zip,jam-ready-assets/kenney-board-game-icons/icons/Vector/Icons/d20_number.svg,fa18b4ca65e39635d8f79eeed973620dc78f33e080a6536b0c4d27c510936195,No explicit SVG canvas/viewBox; verify importer bounds. One gameCharacter.svg has a corrected override.
work/full-audit/downloads/mega-assets-v1/jam-ready-assets.zip,jam-ready-assets/kenney-board-game-icons/icons/Vector/Icons/resource_wood.svg,caaacd6126105eebb0538ebac64827a6da4b678428fbfbc668f683988b0d9cfb,No explicit SVG canvas/viewBox; verify importer bounds. One gameCharacter.svg has a corrected override.
work/full-audit/downloads/mega-assets-v1/jam-ready-assets.zip,jam-ready-assets/kenney-board-game-icons/icons/Vector/Icons/structure_tower.svg,b7d9538a06eb7e16b64d7c29076176b23a707a111dbb15ea1eae1e979b23e1e4,No explicit SVG canvas/viewBox; verify importer bounds. One gameCharacter.svg has a corrected override.
work/full-audit/downloads/mega-assets-v1/jam-ready-assets.zip,jam-ready-assets/kenney-board-game-icons/icons/Vector/Icons/d2_outline_number.svg,b46b149106110a72ba360242593fcbfc8dfa8d54cda29842acde9f3f32a9d680,No explicit SVG canvas/viewBox; verify importer bounds. One gameCharacter.svg has a corrected override.
work/full-audit/downloads/mega-assets-v1/jam-ready-assets.zip,jam-ready-assets/kenney-board-game-icons/icons/Vector/Icons/d20_outline_number.svg,e69dfedb1cec9d1417cbf64c07aa9d5563628a60bfea697da72e6d88c06b3204,No explicit SVG canvas/viewBox; verify importer bounds. One gameCharacter.svg has a corrected override.
work/full-audit/downloads/mega-assets-v1/jam-ready-assets.zip,jam-ready-assets/kenney-board-game-icons/icons/Vector/Icons/timer_CCW_25.svg,248af8f382c925a19a29e903a24ed25feca37292abd5d299ef22cf190c336c1d,No explicit SVG canvas/viewBox; verify importer bounds. One gameCharacter.svg has a corrected override.
work/full-audit/downloads/mega-assets-v1/jam-ready-assets.zip,jam-ready-assets/kenney-board-game-icons/icons/Vector/Icons/sword.svg,65c51c8d87d04ee3cd157c836f711f503e930ac5ec544fd0b726a3a0d12e6cca,No explicit SVG canvas/viewBox; verify importer bounds. One gameCharacter.svg has a corrected override.
work/full-audit/downloads/mega-assets-v1/jam-ready-assets.zip,jam-ready-assets/kenney-board-game-icons/icons/Vector/Icons/character_remove.svg,40339ad48dcad59f51659e5ec55940f707b52f17ecadd90dd78f1bb171c3b2d4,No explicit SVG canvas/viewBox; verify importer bounds. One gameCharacter.svg has a corrected override.
work/full-audit/downloads/mega-assets-v1/jam-ready-assets.zip,jam-ready-assets/kenney-board-game-icons/icons/Vector/Icons/pouch_add.svg,333ed1b61032a7f859870cde00c8586e8854e9a55551bb61a8f12f50ab54f07d,No explicit SVG canvas/viewBox; verify importer bounds. One gameCharacter.svg has a corrected override.
work/full-audit/downloads/mega-assets-v1/jam-ready-assets.zip,jam-ready-assets/kenney-board-game-icons/icons/Vector/Icons/arrow_diagonal_cross_divided.svg,c9d491c11c908ddc893e742248ea5671232004ea8cd85d71b2985435393492da,No explicit SVG canvas/viewBox; verify importer bounds. One gameCharacter.svg has a corrected override.
work/full-audit/downloads/mega-assets-v1/jam-ready-assets.zip,jam-ready-assets/kenney-board-game-icons/icons/Vector/Icons/dollar.svg,680e19fa2486301805c399e1f2c35629e857ea5c8a01f27d37751a47824cc094,No explicit SVG canvas/viewBox; verify importer bounds. One gameCharacter.svg has a corrected override.
work/full-audit/downloads/mega-assets-v1/jam-ready-assets.zip,jam-ready-assets/kenney-board-game-icons/icons/Vector/Icons/chess_rook.svg,ec49236f46cbc590800d1c3d96435c1a88d65047e62e07732c1e13df1c0acd15,No explicit SVG canvas/viewBox; verify importer bounds. One gameCharacter.svg has a corrected override.
work/full-audit/downloads/mega-assets-v1/jam-ready-assets.zip,jam-ready-assets/kenney-board-game-icons/icons/Vector/Icons/hourglass_top.svg,6bb3d2ea375970994d7c4def4314c0f7a40d5f6911988be5a70c63b4c138f6db,No explicit SVG canvas/viewBox; verify importer bounds. One gameCharacter.svg has a corrected override.
work/full-audit/downloads/mega-assets-v1/jam-ready-assets.zip,jam-ready-assets/kenney-board-game-icons/icons/Vector/Icons/arrow_diagonal.svg,4df94ad39a31d3d27656b94654fdaabde2d74220bd2f33f13dee1218c1f86c09,No explicit SVG canvas/viewBox; verify importer bounds. One gameCharacter.svg has a corrected override.
work/full-audit/downloads/mega-assets-v1/jam-ready-assets.zip,jam-ready-assets/kenney-board-game-icons/icons/Vector/Icons/exploding.svg,ceee57b34ceffec9f187a8e40115f23a5f69ac89e53bbe7b90e1e403b1512209,No explicit SVG canvas/viewBox; verify importer bounds. One gameCharacter.svg has a corrected override.
work/full-audit/downloads/mega-assets-v1/jam-ready-assets.zip,jam-ready-assets/kenney-board-game-icons/icons/Vector/Icons/arrow_counterclockwise.svg,7d11d0a4c3539787e751ff40c629d8e615e7f42eaee881e4f785374ac13f8ce5,No explicit SVG canvas/viewBox; verify importer bounds. One gameCharacter.svg has a corrected override.
work/full-audit/downloads/mega-assets-v1/jam-ready-assets.zip,jam-ready-assets/kenney-board-game-icons/icons/Vector/Icons/suit_hearts.svg,c0be83d60cccca3a385a41b6afcbdd35850b9d3dfcb2e8599a150240388ab1cd,No explicit SVG canvas/viewBox; verify importer bounds. One gameCharacter.svg has a corrected override.
work/full-audit/downloads/mega-assets-v1/jam-ready-assets.zip,jam-ready-assets/kenney-board-game-icons/icons/Vector/Icons/pawn_reverse.svg,05b3adebb72d2ae0978cd80a2bdc85c038cb5048c1e8ccad06e3223a94f1593b,No explicit SVG canvas/viewBox; verify importer bounds. One gameCharacter.svg has a corrected override.
work/full-audit/downloads/mega-assets-v1/jam-ready-assets.zip,jam-ready-assets/kenney-board-game-icons/icons/Vector/Icons/cards_stack_high.svg,17a660c34395ceb4d6834771cfd3b5008e3a9d71478c19626a2f0c554fc09ab7,No explicit SVG canvas/viewBox; verify importer bounds. One gameCharacter.svg has a corrected override.
work/full-audit/downloads/mega-assets-v1/jam-ready-assets.zip,jam-ready-assets/kenney-board-game-icons/icons/Vector/Icons/direction_e.svg,fdc3e4912203bcbc36c83f375e04f36a3b2a7597636601d5ab170047de5b1e9c,No explicit SVG canvas/viewBox; verify importer bounds. One gameCharacter.svg has a corrected override.
work/full-audit/downloads/mega-assets-v1/jam-ready-assets.zip,jam-ready-assets/kenney-board-game-icons/icons/Vector/Icons/d10_outline.svg,698401d8ff70486b90b020628a090354f93c023d9e44823ae8a139f2a9693c1b,No explicit SVG canvas/viewBox; verify importer bounds. One gameCharacter.svg has a corrected override.
work/full-audit/downloads/mega-assets-v1/jam-ready-assets.zip,jam-ready-assets/kenney-board-game-icons/icons/Vector/Icons/structure_gate.svg,6e9a33c19a628342a09a8afe88d935ac5405e19c585f8cf64afaf46e29dae42e,No explicit SVG canvas/viewBox; verify importer bounds. One gameCharacter.svg has a corrected override.
work/full-audit/downloads/mega-assets-v1/jam-ready-assets.zip,jam-ready-assets/kenney-board-game-icons/icons/Vector/Icons/cards_shift.svg,c41704f653756a10f4ff1116493a7e619bbed1fe8b49042ec359f5c8d9ef8283,No explicit SVG canvas/viewBox; verify importer bounds. One gameCharacter.svg has a corrected override.
work/full-audit/downloads/mega-assets-v1/jam-ready-assets.zip,jam-ready-assets/kenney-board-game-icons/icons/Vector/Icons/timer_CCW_50.svg,b46dd9c011c268077b7604967d26945e13910e799b8f3fb71aa02d7a3ab92de3,No explicit SVG canvas/viewBox; verify importer bounds. One gameCharacter.svg has a corrected override.
work/full-audit/downloads/mega-assets-v1/jam-ready-assets.zip,jam-ready-assets/kenney-board-game-icons/icons/Vector/Icons/dice_question.svg,a842c623b5e90eae24f1df6e699f0e0cac5c9ff972b7d1a42fb1f4fb24c0b8b3,No explicit SVG canvas/viewBox; verify importer bounds. One gameCharacter.svg has a corrected override.
work/full-audit/downloads/mega-assets-v1/jam-ready-assets.zip,jam-ready-assets/kenney-board-game-icons/icons/Vector/Icons/cards_return.svg,ba96fa05bb4d1675a6760b8e1379735ccce92f0f883698fd4d10aae7cb0fa233,No explicit SVG canvas/viewBox; verify importer bounds. One gameCharacter.svg has a corrected override.
work/full-audit/downloads/mega-assets-v1/jam-ready-assets.zip,jam-ready-assets/kenney-board-game-icons/icons/Vector/Icons/timer_0.svg,6690764c7be00afeedd577c932db1a47824395e49869fd4b41028d6812e9108d,No explicit SVG canvas/viewBox; verify importer bounds. One gameCharacter.svg has a corrected override.
work/full-audit/downloads/mega-assets-v1/jam-ready-assets.zip,jam-ready-assets/kenney-board-game-icons/icons/Vector/Icons/notepad_write.svg,388e3f1ccff501b5e570dc7bfe2cab56ee081d0ff310e20a11475629f4cbe101,No explicit SVG canvas/viewBox; verify importer bounds. One gameCharacter.svg has a corrected override.
work/full-audit/downloads/mega-assets-v1/jam-ready-assets.zip,jam-ready-assets/kenney-board-game-icons/icons/Vector/Icons/hand_cube.svg,97cc5bb91756b6d98e9e6d98a746a872ee8497f044249dec86851436bdfba2b6,No explicit SVG canvas/viewBox; verify importer bounds. One gameCharacter.svg has a corrected override.
work/full-audit/downloads/mega-assets-v1/jam-ready-assets.zip,jam-ready-assets/kenney-board-game-icons/icons/Vector/Icons/d8.svg,77265d10f96db131d9ed03747fbbb4a14f33527f8e37c076e03c682f055f2819,No explicit SVG canvas/viewBox; verify importer bounds. One gameCharacter.svg has a corrected override.
work/full-audit/downloads/mega-assets-v1/jam-ready-assets.zip,jam-ready-assets/kenney-board-game-icons/icons/Vector/Icons/dice_shield.svg,e52558140031cbd4755a80d3d8e158a54f8e91a89e17e2c195e8eb174f3e17a4,No explicit SVG canvas/viewBox; verify importer bounds. One gameCharacter.svg has a corrected override.
work/full-audit/downloads/mega-assets-v1/jam-ready-assets.zip,jam-ready-assets/kenney-board-game-icons/icons/Vector/Icons/d20.svg,b5e36eb939799a2002752ad406a21df41087836222c025ecaa4d90de13ed54a5,No explicit SVG canvas/viewBox; verify importer bounds. One gameCharacter.svg has a corrected override.
work/full-audit/downloads/mega-assets-v1/jam-ready-assets.zip,jam-ready-assets/kenney-board-game-icons/icons/Vector/Icons/tag_empty.svg,65b52efd37d92d4cc7637e85aa1aa8b1e2c1cf9757ed704eb13e499a9314675d,No explicit SVG canvas/viewBox; verify importer bounds. One gameCharacter.svg has a corrected override.
work/full-audit/downloads/mega-assets-v1/jam-ready-assets.zip,jam-ready-assets/kenney-board-game-icons/icons/Vector/Icons/flip_empty.svg,51439a51bcbaa172747d73ec442195ed02a79ab64a1ac282612d9ecea61c31b3,No explicit SVG canvas/viewBox; verify importer bounds. One gameCharacter.svg has a corrected override.
work/full-audit/downloads/mega-assets-v1/jam-ready-assets.zip,jam-ready-assets/kenney-board-game-icons/icons/Vector/Icons/flag_triangle.svg,876590c8f5e5589e72b28ecc692da79477aa0f75c0fc9e39e1cb3e9ee42680b9,No explicit SVG canvas/viewBox; verify importer bounds. One gameCharacter.svg has a corrected override.
work/full-audit/downloads/mega-assets-v1/jam-ready-assets.zip,jam-ready-assets/kenney-board-game-icons/icons/Vector/Icons/character.svg,8ca5a33faead4da33bf5955ae6edfecd59cbc4c1cd569c7e895be4117db7a4e3,No explicit SVG canvas/viewBox; verify importer bounds. One gameCharacter.svg has a corrected override.
work/full-audit/downloads/mega-assets-v1/jam-ready-assets.zip,jam-ready-assets/kenney-board-game-icons/icons/Vector/Icons/tag_9.svg,b3d28d1c09c83740a666376d5377e2ce2308bd7efebdf5d61dc72a9825591678,No explicit SVG canvas/viewBox; verify importer bounds. One gameCharacter.svg has a corrected override.
work/full-audit/downloads/mega-assets-v1/jam-ready-assets.zip,jam-ready-assets/kenney-board-game-icons/icons/Vector/Icons/tag_6.svg,d7893ff0d0c88c386c585b5173c385f89fdfc6a1369af1168eaa74cb30c310fb,No explicit SVG canvas/viewBox; verify importer bounds. One gameCharacter.svg has a corrected override.
work/full-audit/downloads/mega-assets-v1/jam-ready-assets.zip,jam-ready-assets/kenney-board-game-icons/icons/Vector/Icons/pawn_table.svg,ca23c59ca85b8cdc9f67edee04ff9edad1bb19d2dc61e09415d8af76587ab484,No explicit SVG canvas/viewBox; verify importer bounds. One gameCharacter.svg has a corrected override.
work/full-audit/downloads/mega-assets-v1/jam-ready-assets.zip,jam-ready-assets/kenney-board-game-icons/icons/Vector/Icons/arrow_right.svg,8ba07def80ac5e7a639bae70351f7420c32037c80ce8ebf5cd31de54236d1ba1,No explicit SVG canvas/viewBox; verify importer bounds. One gameCharacter.svg has a corrected override.
work/full-audit/downloads/mega-assets-v1/jam-ready-assets.zip,jam-ready-assets/kenney-board-game-icons/icons/Vector/Icons/tag_shield_2.svg,75fe2f2171fefa423388993713d12e5710644ac4f4c00fbb52816b420b21cb08,No explicit SVG canvas/viewBox; verify importer bounds. One gameCharacter.svg has a corrected override.
work/full-audit/downloads/mega-assets-v1/jam-ready-assets.zip,jam-ready-assets/kenney-board-game-icons/icons/Vector/Icons/d12_outline_number.svg,beec28831046e7d1d947d6c7d0f9aa6fbde71c410320f1c143ee7010db415cbb,No explicit SVG canvas/viewBox; verify importer bounds. One gameCharacter.svg has a corrected override.
work/full-audit/downloads/mega-assets-v1/jam-ready-assets.zip,jam-ready-assets/kenney-board-game-icons/icons/Vector/Icons/bow.svg,1571497414aff233de257f921350dd49687986284b277e5c26db094688f785d0,No explicit SVG canvas/viewBox; verify importer bounds. One gameCharacter.svg has a corrected override.
work/full-audit/downloads/mega-assets-v1/jam-ready-assets.zip,jam-ready-assets/kenney-board-game-icons/icons/Vector/Icons/dice_3.svg,42741aba9012626c9ccf5691f73b97defeb13b9eb7c759de783a3413d599f2ea,No explicit SVG canvas/viewBox; verify importer bounds. One gameCharacter.svg has a corrected override.
work/full-audit/downloads/mega-assets-v1/jam-ready-assets.zip,jam-ready-assets/kenney-board-game-icons/icons/Vector/Icons/structure_farm.svg,6169b52c980e98bc664c78cc828032777de61672a0cfff12f7667eb11866714e,No explicit SVG canvas/viewBox; verify importer bounds. One gameCharacter.svg has a corrected override.
work/full-audit/downloads/mega-assets-v1/jam-ready-assets.zip,jam-ready-assets/kenney-board-game-icons/icons/Vector/Icons/suit_spades.svg,dba70e93a6b7c88b6a11d0cdf975499498441265dc371efd059b0418b555b88d,No explicit SVG canvas/viewBox; verify importer bounds. One gameCharacter.svg has a corrected override.
work/full-audit/downloads/mega-assets-v1/jam-ready-assets.zip,jam-ready-assets/kenney-board-game-icons/icons/Vector/Icons/spinner.svg,ff03844b8aa37a8c294bdb457ee6b06cbc0e9ac452564e13948c399352f14cb2,No explicit SVG canvas/viewBox; verify importer bounds. One gameCharacter.svg has a corrected override.
work/full-audit/downloads/mega-assets-v1/jam-ready-assets.zip,jam-ready-assets/kenney-board-game-icons/icons/Vector/Icons/chess_pawn.svg,76898d409c0ea69ba218266d9ca74a45261ee818e92c0dfbc36e67323fd110f2,No explicit SVG canvas/viewBox; verify importer bounds. One gameCharacter.svg has a corrected override.
work/full-audit/downloads/mega-assets-v1/jam-ready-assets.zip,jam-ready-assets/kenney-board-game-icons/icons/Vector/Icons/d6.svg,91bd81c56068b8abc6af919352055ab0cd14120c80670cbf1e3274c78b0b047f,No explicit SVG canvas/viewBox; verify importer bounds. One gameCharacter.svg has a corrected override.
work/full-audit/downloads/mega-assets-v1/jam-ready-assets.zip,jam-ready-assets/kenney-board-game-icons/icons/Vector/Icons/tag_shield_infinite.svg,48d88f211762147ed8ca843e6926452ccb93e6582580bcf3ec337298c9176b73,No explicit SVG canvas/viewBox; verify importer bounds. One gameCharacter.svg has a corrected override.
work/full-audit/downloads/mega-assets-v1/jam-ready-assets.zip,jam-ready-assets/kenney-board-game-icons/icons/Vector/Icons/pawn_down.svg,78a6353a473c872ca25fd05bfc631b12485619f0cec56ff0f4c80dc1d9a0bfb6,No explicit SVG canvas/viewBox; verify importer bounds. One gameCharacter.svg has a corrected override.
work/full-audit/downloads/mega-assets-v1/jam-ready-assets.zip,jam-ready-assets/kenney-board-game-icons/icons/Vector/Icons/tokens.svg,37374b34cee1ac2c797a9019720efb4defeea28261eaa5a2808973f2eab942b7,No explicit SVG canvas/viewBox; verify importer bounds. One gameCharacter.svg has a corrected override.
work/full-audit/downloads/mega-assets-v1/jam-ready-assets.zip,jam-ready-assets/kenney-board-game-icons/icons/Vector/Icons/dice_out.svg,83b6846212aeeba351ef9b5b8105813496d1d3cfef47ad0ff848822333e6cf3a,No explicit SVG canvas/viewBox; verify importer bounds. One gameCharacter.svg has a corrected override.
work/full-audit/downloads/mega-assets-v1/jam-ready-assets.zip,jam-ready-assets/kenney-board-game-icons/icons/Vector/Icons/hand_token_open.svg,274139d9b8a5a5b365ee5ae1c3ad842ec0f3a90393d598555cbd862773175bb7,No explicit SVG canvas/viewBox; verify importer bounds. One gameCharacter.svg has a corrected override.
work/full-audit/downloads/mega-assets-v1/jam-ready-assets.zip,jam-ready-assets/kenney-platformer-assets-candy/2D/platformer/Vector/platformerCandy_vector.svg,f4bdd891c9ca8ca95a8624e02ff10ef7052a288bcb75f87c59fa1835adbf5129,No explicit SVG canvas/viewBox; verify importer bounds. One gameCharacter.svg has a corrected override.
work/full-audit/downloads/mega-assets-v1/jam-ready-assets.zip,jam-ready-assets/kenney-monster-builder-pack/2D/characters/Vector/overview.svg,75a1ff0350b1e0e8aa704380d7f5624770f4ee41d54a83b490c2fabf29878b36,No explicit SVG canvas/viewBox; verify importer bounds. One gameCharacter.svg has a corrected override.
work/full-audit/downloads/mega-assets-v1/jam-ready-assets.zip,jam-ready-assets/kenney-donuts/2D/food/Vector/donuts_vector.svg,9bba1a74bbf1e389b43eb1559a35abc97146518291c14dc5e8ecb6c19d312a0e,No explicit SVG canvas/viewBox; verify importer bounds. One gameCharacter.svg has a corrected override.
work/full-audit/downloads/mega-assets-v1/jam-ready-assets.zip,jam-ready-assets/kenney-animated-characters-protagonists/3D/characters/Skins/Source/cyborgFemaleA.svg,3e2935470910a093ab696e28502eac0ae6248c288e0ae0b32077bbbc23a2d065,No explicit SVG canvas/viewBox; verify importer bounds. One gameCharacter.svg has a corrected override.
work/full-audit/downloads/mega-assets-v1/jam-ready-assets.zip,jam-ready-assets/kenney-animated-characters-protagonists/3D/characters/Skins/Source/skaterMaleA.svg,50b0cd5ca91c1bbed42d15dba159977e8bca1aa8f0b360401aaecda9b5c3ded6,No explicit SVG canvas/viewBox; verify importer bounds. One gameCharacter.svg has a corrected override.
work/full-audit/downloads/mega-assets-v1/jam-ready-assets.zip,jam-ready-assets/kenney-animated-characters-protagonists/3D/characters/Skins/Source/skaterFemaleA.svg,320ecfca92011e7c27baa9e195d5f1003ee3ad78e7b6190b9791d124206862e5,No explicit SVG canvas/viewBox; verify importer bounds. One gameCharacter.svg has a corrected override.
work/full-audit/downloads/mega-assets-v1/jam-ready-assets.zip,jam-ready-assets/kenney-animated-characters-protagonists/3D/characters/Skins/Source/criminalMaleA.svg,b95b529111d74351bc1a0bcb73f4d5ff812d54de31144c52a7d836deb49429ab,No explicit SVG canvas/viewBox; verify importer bounds. One gameCharacter.svg has a corrected override.
work/full-audit/downloads/mega-assets-v1/jam-ready-assets.zip,jam-ready-assets/kenney-tappy-plane/2D/platformer/Vector/tappyPlane_vector.svg,f3923241160a982a7876d6806b7bd2632002a15208a7e1cc6cd188b7e2362726,No explicit SVG canvas/viewBox; verify importer bounds. One gameCharacter.svg has a corrected override.
work/full-audit/downloads/mega-assets-v1/jam-ready-assets.zip,jam-ready-assets/kenney-generic-items/2D/misc/Vector/genericItems_vector_colored.svg,bcc8ca519b57c88f25e2348157161597e61e74637a89d9a9bbd83fa751be67aa,No explicit SVG canvas/viewBox; verify importer bounds. One gameCharacter.svg has a corrected override.
work/full-audit/downloads/mega-assets-v1/jam-ready-assets.zip,jam-ready-assets/kenney-cartography-pack/2D/top-down-rpg/Vector/cartographyPack_vector.svg,b079e9402058d8abade16b0dba91af6a7d11b752908f481d50881f4d89ef37db,No explicit SVG canvas/viewBox; verify importer bounds. One gameCharacter.svg has a corrected override.
work/full-audit/downloads/mega-assets-v1/jam-ready-assets.zip,jam-ready-assets/kenney-character-pack/2D/characters/Vector/vector_pants.svg,c687f64805fc968e5f10c24aef7f60de4e9dd52d7a079fc1d13c1314640a0a1d,No explicit SVG canvas/viewBox; verify importer bounds. One gameCharacter.svg has a corrected override.
work/full-audit/downloads/mega-assets-v1/jam-ready-assets.zip,jam-ready-assets/kenney-character-pack/2D/characters/Vector/vector_hair.svg,4138f485fc3db40e2534afe4a16e8c6f79f87077aff45ad076ae9ae1bf3068ed,No explicit SVG canvas/viewBox; verify importer bounds. One gameCharacter.svg has a corrected override.
work/full-audit/downloads/mega-assets-v1/jam-ready-assets.zip,jam-ready-assets/kenney-character-pack/2D/characters/Vector/vector_shoes.svg,03bcabbd5814246f933d9f91a5042f9bbacb36e20b58c95b48b56bccc482a63b,No explicit SVG canvas/viewBox; verify importer bounds. One gameCharacter.svg has a corrected override.
work/full-audit/downloads/mega-assets-v1/jam-ready-assets.zip,jam-ready-assets/kenney-character-pack/2D/characters/Vector/vector_face.svg,589788607f5cb5ee7de94b09821f105e9ae2ef74bfa5a758ab8e70216997354e,No explicit SVG canvas/viewBox; verify importer bounds. One gameCharacter.svg has a corrected override.
work/full-audit/downloads/mega-assets-v1/jam-ready-assets.zip,jam-ready-assets/kenney-character-pack/2D/characters/Vector/vector_shirts.svg,4c6a03de52da3146a22b4177f8351cff151a8ae746ff30614a1779ff579a5368,No explicit SVG canvas/viewBox; verify importer bounds. One gameCharacter.svg has a corrected override.
work/full-audit/downloads/mega-assets-v1/jam-ready-assets.zip,jam-ready-assets/kenney-character-pack/2D/characters/Vector/vector_skin.svg,0179a0a144d3f9576bbcbf66f1eae3b9dc7a45b9393633e74850a13e5e77aa98,No explicit SVG canvas/viewBox; verify importer bounds. One gameCharacter.svg has a corrected override.
work/full-audit/downloads/mega-assets-v1/jam-ready-assets.zip,jam-ready-assets/kenney-background-elements-remastered/2D/platformer/Vector/vector_backgrounds.svg,2f8d7bda0548731f36d3b722bd3eae116c566826d580a95da54225fe519c06e5,No explicit SVG canvas/viewBox; verify importer bounds. One gameCharacter.svg has a corrected override.
work/full-audit/downloads/mega-assets-v1/jam-ready-assets.zip,jam-ready-assets/kenney-background-elements-remastered/2D/platformer/Vector/vector_objects.svg,848f6ead58dd04eb288cc86505862424b344347406ff6127b00e06abda4006b5,No explicit SVG canvas/viewBox; verify importer bounds. One gameCharacter.svg has a corrected override.
work/full-audit/downloads/mega-assets-v1/jam-ready-assets.zip,jam-ready-assets/kenney-platformer-pack-remastered/2D/platformer/Vector/vector_enemies.svg,d08294ebc14efc577e2149f064b48a8d4596266493bf697ff52aa890701271bf,No explicit SVG canvas/viewBox; verify importer bounds. One gameCharacter.svg has a corrected override.
work/full-audit/downloads/mega-assets-v1/jam-ready-assets.zip,jam-ready-assets/kenney-animal-pack/2D/nature/Vector/round.svg,26c9137992623ca9a731614cc5b58ae7c79b7214f8ddd0c40352a9b4660ec676,No explicit SVG canvas/viewBox; verify importer bounds. One gameCharacter.svg has a corrected override.
work/full-audit/downloads/mega-assets-v1/jam-ready-assets.zip,jam-ready-assets/kenney-animal-pack/2D/nature/Vector/round_nodetails_outline.svg,698eb5db144e995f4775a0ca26c345d369c329ff66386c78dfa5b767871f6407,No explicit SVG canvas/viewBox; verify importer bounds. One gameCharacter.svg has a corrected override.
work/full-audit/downloads/mega-assets-v1/jam-ready-assets.zip,jam-ready-assets/kenney-animal-pack/2D/nature/Vector/square_outline.svg,d73c7ce49c3a28ca8aeb5328b1078eb909c715b72b05422af50875eb6f1a4758,No explicit SVG canvas/viewBox; verify importer bounds. One gameCharacter.svg has a corrected override.
work/full-audit/downloads/mega-assets-v1/jam-ready-assets.zip,jam-ready-assets/kenney-animal-pack/2D/nature/Vector/round_nodetails.svg,d74db1ef81df175589d0b0d2eb6194049b2e712477883b9a98c02c648a57bc30,No explicit SVG canvas/viewBox; verify importer bounds. One gameCharacter.svg has a corrected override.
work/full-audit/downloads/mega-assets-v1/jam-ready-assets.zip,jam-ready-assets/kenney-animal-pack/2D/nature/Vector/square_nodetails.svg,6236eb8e9c08f23a714bf9f88c0948767503c909d0366a646b4af4fd2834360e,No explicit SVG canvas/viewBox; verify importer bounds. One gameCharacter.svg has a corrected override.
work/full-audit/downloads/mega-assets-v1/jam-ready-assets.zip,jam-ready-assets/kenney-animal-pack/2D/nature/Vector/square_nodetails_outline.svg,3b513dfd709747d7b28581e4e33c89e25754c26e836f24233b2c2f84675949bd,No explicit SVG canvas/viewBox; verify importer bounds. One gameCharacter.svg has a corrected override.
work/full-audit/downloads/mega-assets-v1/jam-ready-assets.zip,jam-ready-assets/kenney-animal-pack/2D/nature/Vector/square.svg,1798241202d2f85bdce66bd488e509299011294a18edb9dcf1f33a0690962528,No explicit SVG canvas/viewBox; verify importer bounds. One gameCharacter.svg has a corrected override.
work/full-audit/downloads/mega-assets-v1/jam-ready-assets.zip,jam-ready-assets/kenney-animal-pack/2D/nature/Vector/round_outline.svg,d22aa2d12eba6be0f9224df9ea1ca0040e0e1973114a7cd9633588d1adc05ba0,No explicit SVG canvas/viewBox; verify importer bounds. One gameCharacter.svg has a corrected override.
work/full-audit/downloads/mega-assets-v1/jam-ready-assets.zip,jam-ready-assets/kenney-platformer-assets-holiday/2D/platformer/Vector/xmasPack_vector.svg,5cfbc5f247399465cd6a4906b364e83e2a90607d79fae5ca10c5abe71b434b1c,No explicit SVG canvas/viewBox; verify importer bounds. One gameCharacter.svg has a corrected override.
work/full-audit/downloads/mega-assets-v1/jam-ready-assets.zip,jam-ready-assets/kenney-foliage-sprites/2D/nature/Vector/foliageSprites_flat.svg,9a5ca22e2a4196af567f5d5f14ac8db65ba8d4db2e73373350e81307212928f7,No explicit SVG canvas/viewBox; verify importer bounds. One gameCharacter.svg has a corrected override.
work/full-audit/downloads/mega-assets-v1/jam-ready-assets.zip,jam-ready-assets/kenney-foliage-sprites/2D/nature/Vector/foliageSprites_shaded.svg,0329cab717d19bc38b19ef48f160b4a6ff2d76a085c5fd30878105f1e5819cda,No explicit SVG canvas/viewBox; verify importer bounds. One gameCharacter.svg has a corrected override.
work/full-audit/downloads/mega-assets-v1/jam-ready-assets.zip,jam-ready-assets/kenney-platformer-assets-requests/2D/platformer/Vector/platformerRequest_vector.svg,2cfc43937c982efb4f8784174db9e07f512419b0d2a0903fa4789aec51723a5d,No explicit SVG canvas/viewBox; verify importer bounds. One gameCharacter.svg has a corrected override.
work/full-audit/downloads/mega-assets-v1/jam-ready-assets.zip,jam-ready-assets/kenney-game-icons-expansion/icons/Vector/vector_whiteIcons.svg,0a5bf5392be56ae968f1614046e62f6909700cb5e357365e472684af6bbeece2,No explicit SVG canvas/viewBox; verify importer bounds. One gameCharacter.svg has a corrected override.
work/full-audit/downloads/mega-assets-v1/jam-ready-assets.zip,jam-ready-assets/kenney-game-icons-expansion/icons/Vector/vector_blackIcons.svg,d0df60c893fc636ebea8ad0f089ee32f1abc923cabe21fcfcfb0cea9fdd8a1ff,No explicit SVG canvas/viewBox; verify importer bounds. One gameCharacter.svg has a corrected override.
work/full-audit/downloads/mega-assets-v1/jam-ready-assets.zip,jam-ready-assets/kenney-platformer-assets-buildings/2D/platformer/Vector/platformerBuildings_vector.svg,8ccbed8a8c133d512e92d936a52d4c86d29cf420303647ac53051a3f82747191,No explicit SVG canvas/viewBox; verify importer bounds. One gameCharacter.svg has a corrected override.
work/full-audit/downloads/mega-assets-v1/jam-ready-assets.zip,jam-ready-assets/kenney-space-shooter-remastered/2D/space-scifi/Vector/spaceShooter_vector.svg,5e6c11789a7123b8913ac2924500aacaf5497534eab28b333d68b51b8b18a2d0,No explicit SVG canvas/viewBox; verify importer bounds. One gameCharacter.svg has a corrected override.
work/full-audit/downloads/mega-assets-v1/jam-ready-assets.zip,jam-ready-assets/kenney-boardgame-pack/2D/misc/Vector/diceRed.svg,c2fcfe9830dcca47e4b74d531289d546ede1419943c8c72d8a7822938fc49549,No explicit SVG canvas/viewBox; verify importer bounds. One gameCharacter.svg has a corrected override.
work/full-audit/downloads/mega-assets-v1/jam-ready-assets.zip,jam-ready-assets/kenney-boardgame-pack/2D/misc/Vector/piecesGreen.svg,c98d0cee52b11c6a52ab517277ac4eba3c3ab5e6844f96426f743c2aec0e4e14,No explicit SVG canvas/viewBox; verify importer bounds. One gameCharacter.svg has a corrected override.
work/full-audit/downloads/mega-assets-v1/jam-ready-assets.zip,jam-ready-assets/kenney-boardgame-pack/2D/misc/Vector/diceWhite.svg,d7c7a0e2d25a0c46346edf2609b3282eb4bbb91455d3813b66efd15fccfd1d9e,No explicit SVG canvas/viewBox; verify importer bounds. One gameCharacter.svg has a corrected override.
work/full-audit/downloads/mega-assets-v1/jam-ready-assets.zip,jam-ready-assets/kenney-boardgame-pack/2D/misc/Vector/playingCards.svg,37655544fd8915b27ac12900005b397dfd966830fbb50fffe41261945a6691cc,No explicit SVG canvas/viewBox; verify importer bounds. One gameCharacter.svg has a corrected override.
work/full-audit/downloads/mega-assets-v1/jam-ready-assets.zip,jam-ready-assets/kenney-boardgame-pack/2D/misc/Vector/piecesBlack.svg,b287019fd8d193ea1e1ff7117d467ad7f96f8625033ca1b129932a9fa2984cb7,No explicit SVG canvas/viewBox; verify importer bounds. One gameCharacter.svg has a corrected override.
work/full-audit/downloads/mega-assets-v1/jam-ready-assets.zip,jam-ready-assets/kenney-boardgame-pack/2D/misc/Vector/piecesWhite.svg,adbf8c422d181d523f84d95245ce7b47b105166c486cf15f78721bb2f0c80724,No explicit SVG canvas/viewBox; verify importer bounds. One gameCharacter.svg has a corrected override.
work/full-audit/downloads/mega-assets-v1/jam-ready-assets.zip,jam-ready-assets/kenney-boardgame-pack/2D/misc/Vector/piecesRed.svg,827bfdf9af566a034e81f8ffe3f481fa1ac9ddf1840c4c9517b7cbc945661e5d,No explicit SVG canvas/viewBox; verify importer bounds. One gameCharacter.svg has a corrected override.
work/full-audit/downloads/mega-assets-v1/jam-ready-assets.zip,jam-ready-assets/kenney-boardgame-pack/2D/misc/Vector/piecesBlue.svg,504b1823eb3bb1356f36583fe6b8a0215692fc01dc1d29f18a7c6340bca2e223,No explicit SVG canvas/viewBox; verify importer bounds. One gameCharacter.svg has a corrected override.
work/full-audit/downloads/mega-assets-v1/jam-ready-assets.zip,jam-ready-assets/kenney-boardgame-pack/2D/misc/Vector/chips.svg,0e086a9bd8719aa3a9acbc277588da080f5445240bc75db4994dea032612dd23,No explicit SVG canvas/viewBox; verify importer bounds. One gameCharacter.svg has a corrected override.
work/full-audit/downloads/mega-assets-v1/jam-ready-assets.zip,jam-ready-assets/kenney-boardgame-pack/2D/misc/Vector/piecesPurple.svg,2df26935a5baee14ebda359cb83fbd2700f6a84ac7295233140d9efceeeb2998,No explicit SVG canvas/viewBox; verify importer bounds. One gameCharacter.svg has a corrected override.
work/full-audit/downloads/mega-assets-v1/jam-ready-assets.zip,jam-ready-assets/kenney-boardgame-pack/2D/misc/Vector/piecesYellow.svg,729c4d1c7936e979ad8d9f17e39cfe5454f6c5f176337dc93fbd7f0ebdf1637b,No explicit SVG canvas/viewBox; verify importer bounds. One gameCharacter.svg has a corrected override.
work/full-audit/downloads/mega-assets-v1/jam-ready-assets.zip,jam-ready-assets/kenney-boardgame-pack/2D/misc/Vector/playingCards_back.svg,ad005f63e12ec21d42efab30e06abf8df267f5ecb37b5ceb2e15be520ef70d2e,No explicit SVG canvas/viewBox; verify importer bounds. One gameCharacter.svg has a corrected override.
work/full-audit/downloads/mega-assets-v1/jam-ready-assets.zip,jam-ready-assets/kenney-pattern-pack-lines/2D/misc/Vector/Thick/pattern_0008.svg,c473e016b57b360bcaf1a27d178b036938dda1f9034c3c69a52444f537ae3655,No explicit SVG canvas/viewBox; verify importer bounds. One gameCharacter.svg has a corrected override.
work/full-audit/downloads/mega-assets-v1/jam-ready-assets.zip,jam-ready-assets/kenney-pattern-pack-lines/2D/misc/Vector/Thick/pattern_0018.svg,a06556cb8f8f51cd71f99ac6b7625afbfb53f9f3cec0afe55b95e4ad7e64aa86,No explicit SVG canvas/viewBox; verify importer bounds. One gameCharacter.svg has a corrected override.
work/full-audit/downloads/mega-assets-v1/jam-ready-assets.zip,jam-ready-assets/kenney-pattern-pack-lines/2D/misc/Vector/Thick/pattern_0028.svg,471ba0cd1c61ac696ce3648b67097908119af425e8b8f664814a7ac5a5587561,No explicit SVG canvas/viewBox; verify importer bounds. One gameCharacter.svg has a corrected override.
work/full-audit/downloads/mega-assets-v1/jam-ready-assets.zip,jam-ready-assets/kenney-pattern-pack-lines/2D/misc/Vector/Thick/pattern_0002.svg,d7602d7be7f2c096aa248db397d371cb535368ace55254812e3f78a13b206cc0,No explicit SVG canvas/viewBox; verify importer bounds. One gameCharacter.svg has a corrected override.
work/full-audit/downloads/mega-assets-v1/jam-ready-assets.zip,jam-ready-assets/kenney-pattern-pack-lines/2D/misc/Vector/Thick/pattern_0000.svg,23f50d10dbf34b41e6ddc90f6dd3f7bb20ae4f0dae9c5ef3620a9a1a73d2a1b8,No explicit SVG canvas/viewBox; verify importer bounds. One gameCharacter.svg has a corrected override.
work/full-audit/downloads/mega-assets-v1/jam-ready-assets.zip,jam-ready-assets/kenney-pattern-pack-lines/2D/misc/Vector/Thick/pattern_0022.svg,b72c04258cc132979a73e0847e2f91fa3b3b772618675918eb5374474ba76be5,No explicit SVG canvas/viewBox; verify importer bounds. One gameCharacter.svg has a corrected override.
work/full-audit/downloads/mega-assets-v1/jam-ready-assets.zip,jam-ready-assets/kenney-pattern-pack-lines/2D/misc/Vector/Thick/pattern_0010.svg,0d47aaf9a2a64b0694cda0e91128cd4b28967b1b06c5906a926fd86647b33372,No explicit SVG canvas/viewBox; verify importer bounds. One gameCharacter.svg has a corrected override.
work/full-audit/downloads/mega-assets-v1/jam-ready-assets.zip,jam-ready-assets/kenney-pattern-pack-lines/2D/misc/Vector/Thick/pattern_0007.svg,7ab4c9e673cd86a4d26dc41ec11498c63df1a66ce84beb30837c6d51449aee8b,No explicit SVG canvas/viewBox; verify importer bounds. One gameCharacter.svg has a corrected override.
work/full-audit/downloads/mega-assets-v1/jam-ready-assets.zip,jam-ready-assets/kenney-pattern-pack-lines/2D/misc/Vector/Thick/pattern_0017.svg,e0a2bcee2b34d33b888fc013a5949cbe761adb7a78b15a6805d46d03291e24dc,No explicit SVG canvas/viewBox; verify importer bounds. One gameCharacter.svg has a corrected override.
work/full-audit/downloads/mega-assets-v1/jam-ready-assets.zip,jam-ready-assets/kenney-pattern-pack-lines/2D/misc/Vector/Thick/pattern_0024.svg,2268edb3ce3ff15cfd252c69b25b25eb5384baee8d1520607c765d007c57093a,No explicit SVG canvas/viewBox; verify importer bounds. One gameCharacter.svg has a corrected override.
work/full-audit/downloads/mega-assets-v1/jam-ready-assets.zip,jam-ready-assets/kenney-pattern-pack-lines/2D/misc/Vector/Thick/pattern_0029.svg,8bd7899b83adf74afc31a3cffcb729c363c8f30dafd7e863a3ead160aa2ddc39,No explicit SVG canvas/viewBox; verify importer bounds. One gameCharacter.svg has a corrected override.
work/full-audit/downloads/mega-assets-v1/jam-ready-assets.zip,jam-ready-assets/kenney-pattern-pack-lines/2D/misc/Vector/Thick/pattern_0015.svg,74e1417e312b593345436c3f350b81477af51eac617e1bafc9dcb9c5edbf02c4,No explicit SVG canvas/viewBox; verify importer bounds. One gameCharacter.svg has a corrected override.
work/full-audit/downloads/mega-assets-v1/jam-ready-assets.zip,jam-ready-assets/kenney-pattern-pack-lines/2D/misc/Vector/Thick/pattern_0021.svg,fd501669a388318f2bf077fe575daf9927ce5817a94bb8f81d098fa308402452,No explicit SVG canvas/viewBox; verify importer bounds. One gameCharacter.svg has a corrected override.
work/full-audit/downloads/mega-assets-v1/jam-ready-assets.zip,jam-ready-assets/kenney-pattern-pack-lines/2D/misc/Vector/Thick/pattern_0001.svg,1404b4b3a09f545a816411f771e0d464e5b2c32e0a3b4073a34b35311c64e1fb,No explicit SVG canvas/viewBox; verify importer bounds. One gameCharacter.svg has a corrected override.
work/full-audit/downloads/mega-assets-v1/jam-ready-assets.zip,jam-ready-assets/kenney-pattern-pack-lines/2D/misc/Vector/Thick/pattern_0009.svg,d4faf5401342e84ec296460e5557b75ae4755f5bcfb85385b70a20e466e54d90,No explicit SVG canvas/viewBox; verify importer bounds. One gameCharacter.svg has a corrected override.
work/full-audit/downloads/mega-assets-v1/jam-ready-assets.zip,jam-ready-assets/kenney-pattern-pack-lines/2D/misc/Vector/Thick/pattern_0016.svg,17d86489cd7055ca73ca0171f6ed216d36e358520b0b1fb693fa6134b3471ec5,No explicit SVG canvas/viewBox; verify importer bounds. One gameCharacter.svg has a corrected override.
work/full-audit/downloads/mega-assets-v1/jam-ready-assets.zip,jam-ready-assets/kenney-pattern-pack-lines/2D/misc/Vector/Thick/pattern_0004.svg,4345ac831ff7c29d17829cbdb5be1019a15a5b6530f3697838aff77543800a61,No explicit SVG canvas/viewBox; verify importer bounds. One gameCharacter.svg has a corrected override.
work/full-audit/downloads/mega-assets-v1/jam-ready-assets.zip,jam-ready-assets/kenney-pattern-pack-lines/2D/misc/Vector/Thick/pattern_0026.svg,1b537e1414f135a73435d1f55b5f09f4c0fecd9f048f3b9ef1522025decb9a36,No explicit SVG canvas/viewBox; verify importer bounds. One gameCharacter.svg has a corrected override.
work/full-audit/downloads/mega-assets-v1/jam-ready-assets.zip,jam-ready-assets/kenney-pattern-pack-lines/2D/misc/Vector/Thick/pattern_0020.svg,071fae4fae8de2b264218719e2bf92c49e5722bd9851bdff49864ba9efe4ac3e,No explicit SVG canvas/viewBox; verify importer bounds. One gameCharacter.svg has a corrected override.
work/full-audit/downloads/mega-assets-v1/jam-ready-assets.zip,jam-ready-assets/kenney-pattern-pack-lines/2D/misc/Vector/Thick/pattern_0023.svg,40a8e02d46bcb3321406f9347c80caa0151f962d51ee1d1e803f8be2dea88166,No explicit SVG canvas/viewBox; verify importer bounds. One gameCharacter.svg has a corrected override.
work/full-audit/downloads/mega-assets-v1/jam-ready-assets.zip,jam-ready-assets/kenney-pattern-pack-lines/2D/misc/Vector/Thick/pattern_0027.svg,fb30b3073837a3df5c2344f8417c335488811836943260e3c4ee04ead2936ad9,No explicit SVG canvas/viewBox; verify importer bounds. One gameCharacter.svg has a corrected override.
work/full-audit/downloads/mega-assets-v1/jam-ready-assets.zip,jam-ready-assets/kenney-pattern-pack-lines/2D/misc/Vector/Thick/pattern_0025.svg,78eb18ff73c5def751d6c8a9793e8cd89243b3c4f4eef24bd954feaf8762c619,No explicit SVG canvas/viewBox; verify importer bounds. One gameCharacter.svg has a corrected override.
work/full-audit/downloads/mega-assets-v1/jam-ready-assets.zip,jam-ready-assets/kenney-pattern-pack-lines/2D/misc/Vector/Thick/pattern_0013.svg,223fbaf738f92f46256522d8a764328d4e93f6a49be7f80e0d1c680d21209d5e,No explicit SVG canvas/viewBox; verify importer bounds. One gameCharacter.svg has a corrected override.
work/full-audit/downloads/mega-assets-v1/jam-ready-assets.zip,jam-ready-assets/kenney-pattern-pack-lines/2D/misc/Vector/Thick/pattern_0011.svg,30c33583f653035b42694c9babca536f9377b131d262071882ef86a5f1c29b17,No explicit SVG canvas/viewBox; verify importer bounds. One gameCharacter.svg has a corrected override.
work/full-audit/downloads/mega-assets-v1/jam-ready-assets.zip,jam-ready-assets/kenney-pattern-pack-lines/2D/misc/Vector/Thick/pattern_0005.svg,32ad4553736912969ee9fbd2ad97ace19e4449dc85cf7300e5a3701c8d645c20,No explicit SVG canvas/viewBox; verify importer bounds. One gameCharacter.svg has a corrected override.
work/full-audit/downloads/mega-assets-v1/jam-ready-assets.zip,jam-ready-assets/kenney-pattern-pack-lines/2D/misc/Vector/Thick/pattern_0006.svg,dc94796d819fb871736ddd3a15f58230ee3739170f2fcc1ec12162b94437b5ae,No explicit SVG canvas/viewBox; verify importer bounds. One gameCharacter.svg has a corrected override.
work/full-audit/downloads/mega-assets-v1/jam-ready-assets.zip,jam-ready-assets/kenney-pattern-pack-lines/2D/misc/Vector/Thick/pattern_0014.svg,8be3bc67bcff4715fd0836aacb0c60a3dee36d37db00ec263c72fbb6d1b25616,No explicit SVG canvas/viewBox; verify importer bounds. One gameCharacter.svg has a corrected override.
work/full-audit/downloads/mega-assets-v1/jam-ready-assets.zip,jam-ready-assets/kenney-pattern-pack-lines/2D/misc/Vector/Thick/pattern_0019.svg,c12a3ea3cdd4c90677cf2f54dca33309b381106f4b1036fb06a7dbd2dffb9de0,No explicit SVG canvas/viewBox; verify importer bounds. One gameCharacter.svg has a corrected override.
work/full-audit/downloads/mega-assets-v1/jam-ready-assets.zip,jam-ready-assets/kenney-pattern-pack-lines/2D/misc/Vector/Thick/pattern_0003.svg,187baec3f73fb989f9a36ae24371d32e64a92ce98a238db15f7eec2c34e37b4e,No explicit SVG canvas/viewBox; verify importer bounds. One gameCharacter.svg has a corrected override.
work/full-audit/downloads/mega-assets-v1/jam-ready-assets.zip,jam-ready-assets/kenney-pattern-pack-lines/2D/misc/Vector/Thick/pattern_0012.svg,23381cb28284d522da64e91180e44645d7d2ddfdd3f1cc067d27af6f906f061e,No explicit SVG canvas/viewBox; verify importer bounds. One gameCharacter.svg has a corrected override.
work/full-audit/downloads/mega-assets-v1/jam-ready-assets.zip,jam-ready-assets/kenney-pattern-pack-lines/2D/misc/Vector/Thin/pattern_0008.svg,b78e9c5c8c45f797832f83dbb251baed2f19ff880a6ec5cd706a37f50c5bd84a,No explicit SVG canvas/viewBox; verify importer bounds. One gameCharacter.svg has a corrected override.
work/full-audit/downloads/mega-assets-v1/jam-ready-assets.zip,jam-ready-assets/kenney-pattern-pack-lines/2D/misc/Vector/Thin/pattern_0018.svg,e91e94249528acd6abfd8a9d35782733524e0f6ab8d09783e7ea032fded6bd7f,No explicit SVG canvas/viewBox; verify importer bounds. One gameCharacter.svg has a corrected override.
work/full-audit/downloads/mega-assets-v1/jam-ready-assets.zip,jam-ready-assets/kenney-pattern-pack-lines/2D/misc/Vector/Thin/pattern_0028.svg,7e616444f30f7bd67f6c485f9339bff115164f2406926e8373e1e5b61ea78000,No explicit SVG canvas/viewBox; verify importer bounds. One gameCharacter.svg has a corrected override.
work/full-audit/downloads/mega-assets-v1/jam-ready-assets.zip,jam-ready-assets/kenney-pattern-pack-lines/2D/misc/Vector/Thin/pattern_0002.svg,897728b36f88b7e92b42caca4ffbcae447c7c48cbce7eb8303790964a41718e8,No explicit SVG canvas/viewBox; verify importer bounds. One gameCharacter.svg has a corrected override.
work/full-audit/downloads/mega-assets-v1/jam-ready-assets.zip,jam-ready-assets/kenney-pattern-pack-lines/2D/misc/Vector/Thin/pattern_0000.svg,fb7b8bdc7e6f2493bde1b6a25c45fd4cb1c0087d7b42c2033af78a8973f5eecd,No explicit SVG canvas/viewBox; verify importer bounds. One gameCharacter.svg has a corrected override.
work/full-audit/downloads/mega-assets-v1/jam-ready-assets.zip,jam-ready-assets/kenney-pattern-pack-lines/2D/misc/Vector/Thin/pattern_0022.svg,fc9262d01f90729a031a56d2a98d07e32a53e3c394ca8064e50374effc8afe37,No explicit SVG canvas/viewBox; verify importer bounds. One gameCharacter.svg has a corrected override.
work/full-audit/downloads/mega-assets-v1/jam-ready-assets.zip,jam-ready-assets/kenney-pattern-pack-lines/2D/misc/Vector/Thin/pattern_0010.svg,da0023516bc891fd91c4efbfe7b52ce37965db23431d13a59d060bac999d8803,No explicit SVG canvas/viewBox; verify importer bounds. One gameCharacter.svg has a corrected override.
work/full-audit/downloads/mega-assets-v1/jam-ready-assets.zip,jam-ready-assets/kenney-pattern-pack-lines/2D/misc/Vector/Thin/pattern_0007.svg,66741b4add597981420a5e4becb22d4ae53aad228902eaa478d961d9885baa0a,No explicit SVG canvas/viewBox; verify importer bounds. One gameCharacter.svg has a corrected override.
work/full-audit/downloads/mega-assets-v1/jam-ready-assets.zip,jam-ready-assets/kenney-pattern-pack-lines/2D/misc/Vector/Thin/pattern_0017.svg,7a36905bbd10dd595ea088f95dc7af86be37ffaf43aa96d97939af1e1e60d389,No explicit SVG canvas/viewBox; verify importer bounds. One gameCharacter.svg has a corrected override.
work/full-audit/downloads/mega-assets-v1/jam-ready-assets.zip,jam-ready-assets/kenney-pattern-pack-lines/2D/misc/Vector/Thin/pattern_0024.svg,4818f83399f607eae7ee9101049399d11e5d1453626cddb56bbb5e2b4dd68d92,No explicit SVG canvas/viewBox; verify importer bounds. One gameCharacter.svg has a corrected override.
work/full-audit/downloads/mega-assets-v1/jam-ready-assets.zip,jam-ready-assets/kenney-pattern-pack-lines/2D/misc/Vector/Thin/pattern_0029.svg,9c596c4012717aff56f5b7140c77cc3b662615defc78893c3c84beda1baa906d,No explicit SVG canvas/viewBox; verify importer bounds. One gameCharacter.svg has a corrected override.
work/full-audit/downloads/mega-assets-v1/jam-ready-assets.zip,jam-ready-assets/kenney-pattern-pack-lines/2D/misc/Vector/Thin/pattern_0015.svg,d7fe68fb5bc31d19c80a298bcf59f4459496399fad91f315b0a064a40d1b26fa,No explicit SVG canvas/viewBox; verify importer bounds. One gameCharacter.svg has a corrected override.
work/full-audit/downloads/mega-assets-v1/jam-ready-assets.zip,jam-ready-assets/kenney-pattern-pack-lines/2D/misc/Vector/Thin/pattern_0021.svg,70e7c71ca0af241e8f8a6b897f7453b62a4db18ae06f4e2923441978985e90ed,No explicit SVG canvas/viewBox; verify importer bounds. One gameCharacter.svg has a corrected override.
work/full-audit/downloads/mega-assets-v1/jam-ready-assets.zip,jam-ready-assets/kenney-pattern-pack-lines/2D/misc/Vector/Thin/pattern_0001.svg,36ab68e2bf523607b14c97de13552b212bd6b2ec9169dd1b673efc501e3af37b,No explicit SVG canvas/viewBox; verify importer bounds. One gameCharacter.svg has a corrected override.
work/full-audit/downloads/mega-assets-v1/jam-ready-assets.zip,jam-ready-assets/kenney-pattern-pack-lines/2D/misc/Vector/Thin/pattern_0009.svg,073734ff19817e195be8cff5deef8b765def9d79d30cc0dfba573fec9a74178c,No explicit SVG canvas/viewBox; verify importer bounds. One gameCharacter.svg has a corrected override.
work/full-audit/downloads/mega-assets-v1/jam-ready-assets.zip,jam-ready-assets/kenney-pattern-pack-lines/2D/misc/Vector/Thin/pattern_0016.svg,dab82385c92e61cb62dcb34fe7cb1e0ec95ef81f327a94161554b9acecc0beee,No explicit SVG canvas/viewBox; verify importer bounds. One gameCharacter.svg has a corrected override.
work/full-audit/downloads/mega-assets-v1/jam-ready-assets.zip,jam-ready-assets/kenney-pattern-pack-lines/2D/misc/Vector/Thin/pattern_0004.svg,ffc95af60fafb0a82bbd983c7cfc0411ebedcb72779d7724ef1ca47b1d85ca2c,No explicit SVG canvas/viewBox; verify importer bounds. One gameCharacter.svg has a corrected override.
work/full-audit/downloads/mega-assets-v1/jam-ready-assets.zip,jam-ready-assets/kenney-pattern-pack-lines/2D/misc/Vector/Thin/pattern_0026.svg,a4c9ccbd5b40ba62f416f2e6f40430adfe86e2dc41e5d3d80b39351a9a52f9bb,No explicit SVG canvas/viewBox; verify importer bounds. One gameCharacter.svg has a corrected override.
work/full-audit/downloads/mega-assets-v1/jam-ready-assets.zip,jam-ready-assets/kenney-pattern-pack-lines/2D/misc/Vector/Thin/pattern_0020.svg,445ed4056b21b36b8f243634d48607ae3b1f832f66f1dd0aa94b26c796f6b2b1,No explicit SVG canvas/viewBox; verify importer bounds. One gameCharacter.svg has a corrected override.
work/full-audit/downloads/mega-assets-v1/jam-ready-assets.zip,jam-ready-assets/kenney-pattern-pack-lines/2D/misc/Vector/Thin/pattern_0023.svg,4ce1fb3a96e6956e06e79714245b2f775acb5ed3d7b0eff3c8fd6d4fccd556df,No explicit SVG canvas/viewBox; verify importer bounds. One gameCharacter.svg has a corrected override.
work/full-audit/downloads/mega-assets-v1/jam-ready-assets.zip,jam-ready-assets/kenney-pattern-pack-lines/2D/misc/Vector/Thin/pattern_0027.svg,3cfbdb9efa8cb4f70943488cd5934bc2eaa61f416855576a621d37560c8359f0,No explicit SVG canvas/viewBox; verify importer bounds. One gameCharacter.svg has a corrected override.
work/full-audit/downloads/mega-assets-v1/jam-ready-assets.zip,jam-ready-assets/kenney-pattern-pack-lines/2D/misc/Vector/Thin/pattern_0025.svg,958c5e59c243a51cca574b91afe23ec5267bd94099fd5c289ab2f3d3ae87a145,No explicit SVG canvas/viewBox; verify importer bounds. One gameCharacter.svg has a corrected override.
work/full-audit/downloads/mega-assets-v1/jam-ready-assets.zip,jam-ready-assets/kenney-pattern-pack-lines/2D/misc/Vector/Thin/pattern_0013.svg,2808163da61d2f26a1913cb6511c735f8ed48f73b5e093e2da9d20a751dce334,No explicit SVG canvas/viewBox; verify importer bounds. One gameCharacter.svg has a corrected override.
work/full-audit/downloads/mega-assets-v1/jam-ready-assets.zip,jam-ready-assets/kenney-pattern-pack-lines/2D/misc/Vector/Thin/pattern_0011.svg,20b4cd1a43ba554753fdec07443bfebed0247a338878555bc8408594a651a691,No explicit SVG canvas/viewBox; verify importer bounds. One gameCharacter.svg has a corrected override.
work/full-audit/downloads/mega-assets-v1/jam-ready-assets.zip,jam-ready-assets/kenney-pattern-pack-lines/2D/misc/Vector/Thin/pattern_0005.svg,ce3c21272712bdc8e6234ec3c1a5922bcfb7306d909554d82e3e312348e0aeb4,No explicit SVG canvas/viewBox; verify importer bounds. One gameCharacter.svg has a corrected override.
work/full-audit/downloads/mega-assets-v1/jam-ready-assets.zip,jam-ready-assets/kenney-pattern-pack-lines/2D/misc/Vector/Thin/pattern_0006.svg,da3bfab0a417e7521e44d4951a011ec3aebf15cde015cb6bae81fc32dfa87672,No explicit SVG canvas/viewBox; verify importer bounds. One gameCharacter.svg has a corrected override.
work/full-audit/downloads/mega-assets-v1/jam-ready-assets.zip,jam-ready-assets/kenney-pattern-pack-lines/2D/misc/Vector/Thin/pattern_0014.svg,8138b47e56ab99175a06c7d45ed2efce917bc15c32faed74ad4137910c16ff76,No explicit SVG canvas/viewBox; verify importer bounds. One gameCharacter.svg has a corrected override.
work/full-audit/downloads/mega-assets-v1/jam-ready-assets.zip,jam-ready-assets/kenney-pattern-pack-lines/2D/misc/Vector/Thin/pattern_0019.svg,4ec8d2db31af75f499214e1daebf0e3fa120c8771bc539173f1135128920d55d,No explicit SVG canvas/viewBox; verify importer bounds. One gameCharacter.svg has a corrected override.
work/full-audit/downloads/mega-assets-v1/jam-ready-assets.zip,jam-ready-assets/kenney-pattern-pack-lines/2D/misc/Vector/Thin/pattern_0003.svg,6893193fa132c315a0285acf985789988d95773ae72029afea6f20ae60589486,No explicit SVG canvas/viewBox; verify importer bounds. One gameCharacter.svg has a corrected override.
work/full-audit/downloads/mega-assets-v1/jam-ready-assets.zip,jam-ready-assets/kenney-pattern-pack-lines/2D/misc/Vector/Thin/pattern_0012.svg,f8483cd1f05142d9e4735234aab72bda709d6deada97f056ea92cf543d0ef143,No explicit SVG canvas/viewBox; verify importer bounds. One gameCharacter.svg has a corrected override.
work/full-audit/downloads/mega-assets-v1/jam-ready-assets.zip,jam-ready-assets/kenney-rune-pack/2D/fantasy/Vector/vector-rune-black.svg,1808c92cb910fc2200a697b45b00abc20d0d24f7095f09f188bdf84eb894a627,No explicit SVG canvas/viewBox; verify importer bounds. One gameCharacter.svg has a corrected override.
work/full-audit/downloads/mega-assets-v1/jam-ready-assets.zip,jam-ready-assets/kenney-rune-pack/2D/fantasy/Vector/vector-rune-grey.svg,c8c9b12b2d4b25aaba52fa3526572949015cfa7cb75713ca3246028e1920bf1c,No explicit SVG canvas/viewBox; verify importer bounds. One gameCharacter.svg has a corrected override.
work/full-audit/downloads/mega-assets-v1/jam-ready-assets.zip,jam-ready-assets/kenney-rune-pack/2D/fantasy/Vector/vector-rune-blue.svg,8580c18a68b865a12ec91505f368c5c95e0f17cd21fddb275d606c0e127ead5f,No explicit SVG canvas/viewBox; verify importer bounds. One gameCharacter.svg has a corrected override.
work/full-audit/downloads/mega-assets-v1/jam-ready-assets.zip,jam-ready-assets/kenney-board-game-info/icons/Vector/Fantasy/players_1_4.svg,ec48bc5a1cb06919d7b5cfc4638cd79a7934d2d91de1f1946d181a0beaf44cf7,No explicit SVG canvas/viewBox; verify importer bounds. One gameCharacter.svg has a corrected override.
work/full-audit/downloads/mega-assets-v1/jam-ready-assets.zip,jam-ready-assets/kenney-board-game-info/icons/Vector/Fantasy/ages_17.svg,90d018bc02563e96932a1077285fdb817a1330e3759858aa2a9cfb9e5aefc883,No explicit SVG canvas/viewBox; verify importer bounds. One gameCharacter.svg has a corrected override.
work/full-audit/downloads/mega-assets-v1/jam-ready-assets.zip,jam-ready-assets/kenney-board-game-info/icons/Vector/Fantasy/puzzle_text.svg,2cf44c28f08b568dfbb432d2d2790eb61e49fb8bb25f6f0cac547a7d2c99ed90,No explicit SVG canvas/viewBox; verify importer bounds. One gameCharacter.svg has a corrected override.
work/full-audit/downloads/mega-assets-v1/jam-ready-assets.zip,jam-ready-assets/kenney-board-game-info/icons/Vector/Fantasy/players_3_8.svg,cfec711ef9341810b7611e0d63ca9a50470fff2ad47d6faaca59dbbf793a743d,No explicit SVG canvas/viewBox; verify importer bounds. One gameCharacter.svg has a corrected override.
work/full-audit/downloads/mega-assets-v1/jam-ready-assets.zip,jam-ready-assets/kenney-board-game-info/icons/Vector/Fantasy/ages_13.svg,e0ebee42b6d4464f144af053fcea14290a9df74dec205374277c93ea0fae850c,No explicit SVG canvas/viewBox; verify importer bounds. One gameCharacter.svg has a corrected override.
work/full-audit/downloads/mega-assets-v1/jam-ready-assets.zip,jam-ready-assets/kenney-board-game-info/icons/Vector/Fantasy/players_2_8.svg,e959e4b0b3cd9731b63df4005335e6b6140d5c15e1fd40bf73dfea3d6e051e05,No explicit SVG canvas/viewBox; verify importer bounds. One gameCharacter.svg has a corrected override.
work/full-audit/downloads/mega-assets-v1/jam-ready-assets.zip,jam-ready-assets/kenney-board-game-info/icons/Vector/Fantasy/medium_light.svg,0e6b7bc65fda2575612e3388ee0c30f67f0e795717ed8a4c9c4f8a6a57665e12,No explicit SVG canvas/viewBox; verify importer bounds. One gameCharacter.svg has a corrected override.
work/full-audit/downloads/mega-assets-v1/jam-ready-assets.zip,jam-ready-assets/kenney-board-game-info/icons/Vector/Fantasy/interaction_text.svg,b30952ef02fa86feb5f89efaf511eef7f66295f797964bf37bafe6be6b5f1fdd,No explicit SVG canvas/viewBox; verify importer bounds. One gameCharacter.svg has a corrected override.
work/full-audit/downloads/mega-assets-v1/jam-ready-assets.zip,jam-ready-assets/kenney-board-game-info/icons/Vector/Fantasy/players_3.svg,bce449bd6f4089cb0bcdb34164c90799aa3c6d6bac4a2213dc0e15915b41d0b2,No explicit SVG canvas/viewBox; verify importer bounds. One gameCharacter.svg has a corrected override.
work/full-audit/downloads/mega-assets-v1/jam-ready-assets.zip,jam-ready-assets/kenney-board-game-info/icons/Vector/Fantasy/pen_paper.svg,13bdeafbcd102bf090b83a7cec8f2897a780d20b2e9bbddba5dd98fe8f7f9874,No explicit SVG canvas/viewBox; verify importer bounds. One gameCharacter.svg has a corrected override.
work/full-audit/downloads/mega-assets-v1/jam-ready-assets.zip,jam-ready-assets/kenney-board-game-info/icons/Vector/Fantasy/duration.svg,eacc8b1b7bcc0ba89f14aa6576b5f12013b5bb0017181e599d69c4af0dd52415,No explicit SVG canvas/viewBox; verify importer bounds. One gameCharacter.svg has a corrected override.
work/full-audit/downloads/mega-assets-v1/jam-ready-assets.zip,jam-ready-assets/kenney-board-game-info/icons/Vector/Fantasy/choking_hazard_age_text.svg,422547a25438ec7710be6b4023c2f6067987f4ba978a76dd1d133790be8f2a8a,No explicit SVG canvas/viewBox; verify importer bounds. One gameCharacter.svg has a corrected override.
work/full-audit/downloads/mega-assets-v1/jam-ready-assets.zip,jam-ready-assets/kenney-board-game-info/icons/Vector/Fantasy/duration_10.svg,88cafe440eaa1b954ad72e23d6cb2ece0fea9788629e8f34397a3165af1a5795,No explicit SVG canvas/viewBox; verify importer bounds. One gameCharacter.svg has a corrected override.
work/full-audit/downloads/mega-assets-v1/jam-ready-assets.zip,jam-ready-assets/kenney-board-game-info/icons/Vector/Fantasy/strong_language.svg,c42912d143e90b895c4fdb846dea64f3415edf405c2bfaf83c2ad3b9c6c478f4,No explicit SVG canvas/viewBox; verify importer bounds. One gameCharacter.svg has a corrected override.
work/full-audit/downloads/mega-assets-v1/jam-ready-assets.zip,jam-ready-assets/kenney-board-game-info/icons/Vector/Fantasy/ages_all.svg,b77d253ad94ce52e273fc5c19dcbe0c67bd1554ddf317430828596084a3bf545,No explicit SVG canvas/viewBox; verify importer bounds. One gameCharacter.svg has a corrected override.
work/full-audit/downloads/mega-assets-v1/jam-ready-assets.zip,jam-ready-assets/kenney-board-game-info/icons/Vector/Fantasy/players_4_5.svg,cda4e8b0c2d2a073568e5f468608920ca69a330ccdb46c057d2f5601de32c6f0,No explicit SVG canvas/viewBox; verify importer bounds. One gameCharacter.svg has a corrected override.
work/full-audit/downloads/mega-assets-v1/jam-ready-assets.zip,jam-ready-assets/kenney-board-game-info/icons/Vector/Fantasy/duration_60_90.svg,ba82318ba43ad19346f91cac7ab4c30c42f51404ca0155ce65205c06179aa66b,No explicit SVG canvas/viewBox; verify importer bounds. One gameCharacter.svg has a corrected override.
work/full-audit/downloads/mega-assets-v1/jam-ready-assets.zip,jam-ready-assets/kenney-board-game-info/icons/Vector/Fantasy/players_4_8.svg,9352f9fd3a8a8e5b2116cfd3cde128688fd5034da2a9b61665ce6d64571a19df,No explicit SVG canvas/viewBox; verify importer bounds. One gameCharacter.svg has a corrected override.
work/full-audit/downloads/mega-assets-v1/jam-ready-assets.zip,jam-ready-assets/kenney-board-game-info/icons/Vector/Fantasy/players_1_6.svg,d431b7d0c29d88a3b08f37f8811c696079e24db3aa85155985ce18bcc3245c2f,No explicit SVG canvas/viewBox; verify importer bounds. One gameCharacter.svg has a corrected override.
work/full-audit/downloads/mega-assets-v1/jam-ready-assets.zip,jam-ready-assets/kenney-board-game-info/icons/Vector/Fantasy/medium.svg,74a4cb28f200a48bc1bf68fcb95cab0151162e067a1107ead1c38d80f24bbad0,No explicit SVG canvas/viewBox; verify importer bounds. One gameCharacter.svg has a corrected override.
work/full-audit/downloads/mega-assets-v1/jam-ready-assets.zip,jam-ready-assets/kenney-board-game-info/icons/Vector/Fantasy/players_1_5.svg,06b44c5e8df6fdfffd56b9c28b5abeda5a4af7c7e3fd87ac5d4f87e8982e372c,No explicit SVG canvas/viewBox; verify importer bounds. One gameCharacter.svg has a corrected override.
work/full-audit/downloads/mega-assets-v1/jam-ready-assets.zip,jam-ready-assets/kenney-board-game-info/icons/Vector/Fantasy/players_1_2.svg,e5f2e91a5b8a27e18bcef753918692aee28aeff6faa08b4ed6f54e67218fc79c,No explicit SVG canvas/viewBox; verify importer bounds. One gameCharacter.svg has a corrected override.
work/full-audit/downloads/mega-assets-v1/jam-ready-assets.zip,jam-ready-assets/kenney-board-game-info/icons/Vector/Fantasy/tiles.svg,a08a97987307715a115bc6e6faa9eacc58df42e50357c7bfce10fd54362b9b24,No explicit SVG canvas/viewBox; verify importer bounds. One gameCharacter.svg has a corrected override.
work/full-audit/downloads/mega-assets-v1/jam-ready-assets.zip,jam-ready-assets/kenney-board-game-info/icons/Vector/Fantasy/puzzle.svg,fafe6037716df92aa2dd514f269d4429784944174276c07ebe2b41bb709055cc,No explicit SVG canvas/viewBox; verify importer bounds. One gameCharacter.svg has a corrected override.
work/full-audit/downloads/mega-assets-v1/jam-ready-assets.zip,jam-ready-assets/kenney-board-game-info/icons/Vector/Fantasy/choking_hazard.svg,ff942a3c6329ff42a06e3266925b84670c0cb72f525bfc1ba6ac07240ddbdc90,No explicit SVG canvas/viewBox; verify importer bounds. One gameCharacter.svg has a corrected override.
work/full-audit/downloads/mega-assets-v1/jam-ready-assets.zip,jam-ready-assets/kenney-board-game-info/icons/Vector/Fantasy/stopwatch.svg,1dedeb7721e2406763643082a6cad0d2a8aa35e62eaaf1a7a441e2d3c361ccc5,No explicit SVG canvas/viewBox; verify importer bounds. One gameCharacter.svg has a corrected override.
work/full-audit/downloads/mega-assets-v1/jam-ready-assets.zip,jam-ready-assets/kenney-board-game-info/icons/Vector/Fantasy/medium_heavy_text.svg,98f52fcbf26f20d46a947ed5196d939d2c64c098a573b4ad604afaabb7c1da44,No explicit SVG canvas/viewBox; verify importer bounds. One gameCharacter.svg has a corrected override.
work/full-audit/downloads/mega-assets-v1/jam-ready-assets.zip,jam-ready-assets/kenney-board-game-info/icons/Vector/Fantasy/tablet.svg,9cfa5c6c054b38a348ee5012afacfe2997e0dedf8eab41efcf6e51ab0365da53,No explicit SVG canvas/viewBox; verify importer bounds. One gameCharacter.svg has a corrected override.
work/full-audit/downloads/mega-assets-v1/jam-ready-assets.zip,jam-ready-assets/kenney-board-game-info/icons/Vector/Fantasy/players_2_5.svg,ff59edf786dc68fa1521f1661d4723cdbecd2b1ab05a02b1e91ce8f496cb8fae,No explicit SVG canvas/viewBox; verify importer bounds. One gameCharacter.svg has a corrected override.
work/full-audit/downloads/mega-assets-v1/jam-ready-assets.zip,jam-ready-assets/kenney-board-game-info/icons/Vector/Fantasy/heavy_text.svg,e8b02bf204e37a52cea2061e39d4b94ba631762a4de4386ed6f0e63217e5276a,No explicit SVG canvas/viewBox; verify importer bounds. One gameCharacter.svg has a corrected override.
work/full-audit/downloads/mega-assets-v1/jam-ready-assets.zip,jam-ready-assets/kenney-board-game-info/icons/Vector/Fantasy/choking_hazard_age.svg,bc8a7ff1ad8b5a213809f33746ade48fa148dfb361f5f150c35c09b83d9bdc81,No explicit SVG canvas/viewBox; verify importer bounds. One gameCharacter.svg has a corrected override.
work/full-audit/downloads/mega-assets-v1/jam-ready-assets.zip,jam-ready-assets/kenney-board-game-info/icons/Vector/Fantasy/medium_text.svg,44c2d5005eaf22c635c1a694daa3f11488d13b2c02221e85c0c3552264d1bc50,No explicit SVG canvas/viewBox; verify importer bounds. One gameCharacter.svg has a corrected override.
work/full-audit/downloads/mega-assets-v1/jam-ready-assets.zip,jam-ready-assets/kenney-board-game-info/icons/Vector/Fantasy/tablet_text.svg,eaa44d36b7f7da10840d5181fdbf6322d600fe50729221883268ef3dbeca607a,No explicit SVG canvas/viewBox; verify importer bounds. One gameCharacter.svg has a corrected override.
work/full-audit/downloads/mega-assets-v1/jam-ready-assets.zip,jam-ready-assets/kenney-board-game-info/icons/Vector/Fantasy/players_4_9.svg,23ecc7c313d4c8467ddb2e7978ba3dd799100392505754bafc058858a248fa0a,No explicit SVG canvas/viewBox; verify importer bounds. One gameCharacter.svg has a corrected override.
work/full-audit/downloads/mega-assets-v1/jam-ready-assets.zip,jam-ready-assets/kenney-board-game-info/icons/Vector/Fantasy/players_alternative.svg,ab255f4ff698808ae92203630eb9f3ead49d20a6853dec017c89ebdb4cae9892,No explicit SVG canvas/viewBox; verify importer bounds. One gameCharacter.svg has a corrected override.
work/full-audit/downloads/mega-assets-v1/jam-ready-assets.zip,jam-ready-assets/kenney-board-game-info/icons/Vector/Fantasy/light_text.svg,3dde1fd3b7885afd80ff80c3e3bdb0548c212dbad62ec2063e025956aa7cc701,No explicit SVG canvas/viewBox; verify importer bounds. One gameCharacter.svg has a corrected override.
work/full-audit/downloads/mega-assets-v1/jam-ready-assets.zip,jam-ready-assets/kenney-board-game-info/icons/Vector/Fantasy/players_table.svg,885273ac5de6100474ef2166528e674f7990751fd87a57d317e64b8d0ce5bb94,No explicit SVG canvas/viewBox; verify importer bounds. One gameCharacter.svg has a corrected override.
work/full-audit/downloads/mega-assets-v1/jam-ready-assets.zip,jam-ready-assets/kenney-board-game-info/icons/Vector/Fantasy/players_2_10.svg,517ba9da76add90f29f61beaa63cca7727f25d49976db0f7c841540357961a14,No explicit SVG canvas/viewBox; verify importer bounds. One gameCharacter.svg has a corrected override.
work/full-audit/downloads/mega-assets-v1/jam-ready-assets.zip,jam-ready-assets/kenney-board-game-info/icons/Vector/Fantasy/knowledge.svg,b7fb467a03b5dbfa62d2beeb896a418e054fd6cb633c2e120dcc7d39769dd940,No explicit SVG canvas/viewBox; verify importer bounds. One gameCharacter.svg has a corrected override.
work/full-audit/downloads/mega-assets-v1/jam-ready-assets.zip,jam-ready-assets/kenney-board-game-info/icons/Vector/Fantasy/cards_text.svg,246be13648ecb96acda13c049519e5e326b6751a74d1aa66d8370c185bca5c0a,No explicit SVG canvas/viewBox; verify importer bounds. One gameCharacter.svg has a corrected override.
work/full-audit/downloads/mega-assets-v1/jam-ready-assets.zip,jam-ready-assets/kenney-board-game-info/icons/Vector/Fantasy/choking_hazard_text.svg,05036d93366a4cbd6f54bf6de904fc784cb8e8f357b7f75dd52a3761dba9fc3a,No explicit SVG canvas/viewBox; verify importer bounds. One gameCharacter.svg has a corrected override.
work/full-audit/downloads/mega-assets-v1/jam-ready-assets.zip,jam-ready-assets/kenney-board-game-info/icons/Vector/Fantasy/strong_language_text.svg,086c7401ccf27320af41da0c12d57817aeb0b9c28b83a999fffed47ffe11c8d8,No explicit SVG canvas/viewBox; verify importer bounds. One gameCharacter.svg has a corrected override.
work/full-audit/downloads/mega-assets-v1/jam-ready-assets.zip,jam-ready-assets/kenney-board-game-info/icons/Vector/Fantasy/duration_15_30.svg,14df702e944bdec133bfaa082d79689f408881bcaa7d03c0cc52582c81b4cab8,No explicit SVG canvas/viewBox; verify importer bounds. One gameCharacter.svg has a corrected override.
work/full-audit/downloads/mega-assets-v1/jam-ready-assets.zip,jam-ready-assets/kenney-board-game-info/icons/Vector/Fantasy/players_2.svg,dc2c0992877e020ff2430095b05da65388dcfc6cab2d74b7c53d940a09b5e535,No explicit SVG canvas/viewBox; verify importer bounds. One gameCharacter.svg has a corrected override.
work/full-audit/downloads/mega-assets-v1/jam-ready-assets.zip,jam-ready-assets/kenney-board-game-info/icons/Vector/Fantasy/players_3_4.svg,eabf567d67950a6afd80e8af0baa5331a488fa34403911badc489c5f5c8bb006,No explicit SVG canvas/viewBox; verify importer bounds. One gameCharacter.svg has a corrected override.
work/full-audit/downloads/mega-assets-v1/jam-ready-assets.zip,jam-ready-assets/kenney-board-game-info/icons/Vector/Fantasy/duration_45_60.svg,3585f0298859dfcc05102b652e160a14058917927b2c5ac89a503dcae4574911,No explicit SVG canvas/viewBox; verify importer bounds. One gameCharacter.svg has a corrected override.
work/full-audit/downloads/mega-assets-v1/jam-ready-assets.zip,jam-ready-assets/kenney-board-game-info/icons/Vector/Fantasy/players_4.svg,8637ba70b1fa4bdbbe7138c5494420e5e1a4b27b35cac62372334298b56f0acd,No explicit SVG canvas/viewBox; verify importer bounds. One gameCharacter.svg has a corrected override.
work/full-audit/downloads/mega-assets-v1/jam-ready-assets.zip,jam-ready-assets/kenney-board-game-info/icons/Vector/Fantasy/ages.svg,261ff818a9c51a8853224a6591b6d96cce60f12b4967b682e3bd5a7a0b565a19,No explicit SVG canvas/viewBox; verify importer bounds. One gameCharacter.svg has a corrected override.
work/full-audit/downloads/mega-assets-v1/jam-ready-assets.zip,jam-ready-assets/kenney-board-game-info/icons/Vector/Fantasy/players_4_7.svg,3d03436c2f9710086bff34a94358b33782dd1cf4c076e23ab83d4609b1be83ba,No explicit SVG canvas/viewBox; verify importer bounds. One gameCharacter.svg has a corrected override.
work/full-audit/downloads/mega-assets-v1/jam-ready-assets.zip,jam-ready-assets/kenney-board-game-info/icons/Vector/Fantasy/players_4_10.svg,4c7af7371cbb62f60798abf7b125941b0dca76f9693abacf223234db7a1a849f,No explicit SVG canvas/viewBox; verify importer bounds. One gameCharacter.svg has a corrected override.
work/full-audit/downloads/mega-assets-v1/jam-ready-assets.zip,jam-ready-assets/kenney-board-game-info/icons/Vector/Fantasy/ages_7.svg,14699b3516e86f6d84eda1b7e66084285435f04fe67669550537b94c87445108,No explicit SVG canvas/viewBox; verify importer bounds. One gameCharacter.svg has a corrected override.
work/full-audit/downloads/mega-assets-v1/jam-ready-assets.zip,jam-ready-assets/kenney-board-game-info/icons/Vector/Fantasy/players_2_9.svg,b76b31e9d7c2fdb5004edff70c21cb5ef00094dd7e5579f5ffd4d2f3987ff4c7,No explicit SVG canvas/viewBox; verify importer bounds. One gameCharacter.svg has a corrected override.
work/full-audit/downloads/mega-assets-v1/jam-ready-assets.zip,jam-ready-assets/kenney-board-game-info/icons/Vector/Fantasy/players_1_9.svg,b0a1ad46284574de4a8fe6f18a20a8bce37cd5299d37f57fe7692100cdd094cb,No explicit SVG canvas/viewBox; verify importer bounds. One gameCharacter.svg has a corrected override.
work/full-audit/downloads/mega-assets-v1/jam-ready-assets.zip,jam-ready-assets/kenney-board-game-info/icons/Vector/Fantasy/players_1.svg,b020130736233c81bf5d9ce644cb88c4c5aed09696821febb74b59dfd8e2025d,No explicit SVG canvas/viewBox; verify importer bounds. One gameCharacter.svg has a corrected override.
work/full-audit/downloads/mega-assets-v1/jam-ready-assets.zip,jam-ready-assets/kenney-board-game-info/icons/Vector/Fantasy/blank.svg,a125ad2fe0fd8abe4ac96ae98f3dabc1858bc4074d635c9fc2a163f369589abd,No explicit SVG canvas/viewBox; verify importer bounds. One gameCharacter.svg has a corrected override.
work/full-audit/downloads/mega-assets-v1/jam-ready-assets.zip,jam-ready-assets/kenney-board-game-info/icons/Vector/Fantasy/duration_30.svg,d2f5c8d7ec0b68f5772f00a96ddcbbd18b41a477ac4447d7aecc2924360d9a9d,No explicit SVG canvas/viewBox; verify importer bounds. One gameCharacter.svg has a corrected override.
work/full-audit/downloads/mega-assets-v1/jam-ready-assets.zip,jam-ready-assets/kenney-board-game-info/icons/Vector/Fantasy/ages_10.svg,c5932c112f55558e2419aa45da05d5f4e22fcded11ef863cc3f6ffcafeac68af,No explicit SVG canvas/viewBox; verify importer bounds. One gameCharacter.svg has a corrected override.
work/full-audit/downloads/mega-assets-v1/jam-ready-assets.zip,jam-ready-assets/kenney-board-game-info/icons/Vector/Fantasy/interaction.svg,5a23d59a6f1804a1d8695b7de2e2a7d31ce92dbb8d6faff66d9123148f2877b6,No explicit SVG canvas/viewBox; verify importer bounds. One gameCharacter.svg has a corrected override.
work/full-audit/downloads/mega-assets-v1/jam-ready-assets.zip,jam-ready-assets/kenney-board-game-info/icons/Vector/Fantasy/players_3_5.svg,5d1e4563c9bda392221fec43eb0b37f614096dadc81625ea9e7f38d2df92baa7,No explicit SVG canvas/viewBox; verify importer bounds. One gameCharacter.svg has a corrected override.
work/full-audit/downloads/mega-assets-v1/jam-ready-assets.zip,jam-ready-assets/kenney-board-game-info/icons/Vector/Fantasy/players_4_6.svg,ab763378b0bd51c48df4c78a47abb4a3c952c2cf82ba06c3c1e079176af27939,No explicit SVG canvas/viewBox; verify importer bounds. One gameCharacter.svg has a corrected override.
work/full-audit/downloads/mega-assets-v1/jam-ready-assets.zip,jam-ready-assets/kenney-board-game-info/icons/Vector/Fantasy/players_2_6.svg,a305e00e4e018be612dbf03256e6cb4fd18c2793cb9170d74f2a2ef51d9b9f92,No explicit SVG canvas/viewBox; verify importer bounds. One gameCharacter.svg has a corrected override.
work/full-audit/downloads/mega-assets-v1/jam-ready-assets.zip,jam-ready-assets/kenney-board-game-info/icons/Vector/Fantasy/players_2_3.svg,58260c594e1bb0e284280a003e95d0513eedbd64799bfe4871fffab34f6c9b51,No explicit SVG canvas/viewBox; verify importer bounds. One gameCharacter.svg has a corrected override.
work/full-audit/downloads/mega-assets-v1/jam-ready-assets.zip,jam-ready-assets/kenney-board-game-info/icons/Vector/Fantasy/players_1_3.svg,12068c338534467cda62091b65824ef11ebdb441fd8634e36734a71ff5bcabc8,No explicit SVG canvas/viewBox; verify importer bounds. One gameCharacter.svg has a corrected override.
work/full-audit/downloads/mega-assets-v1/jam-ready-assets.zip,jam-ready-assets/kenney-board-game-info/icons/Vector/Fantasy/medium_heavy.svg,924946ca74863645aa2fcb47ea1d5fa9b06d9ba8a1debd3c3b5d8ae1c00def8d,No explicit SVG canvas/viewBox; verify importer bounds. One gameCharacter.svg has a corrected override.
work/full-audit/downloads/mega-assets-v1/jam-ready-assets.zip,jam-ready-assets/kenney-board-game-info/icons/Vector/Fantasy/miniatures.svg,2b8121b8d92f4196d332feeddceb20af63fe1b1f25e17ec3b42cb6560f817123,No explicit SVG canvas/viewBox; verify importer bounds. One gameCharacter.svg has a corrected override.
work/full-audit/downloads/mega-assets-v1/jam-ready-assets.zip,jam-ready-assets/kenney-board-game-info/icons/Vector/Fantasy/duration_15.svg,e31438a4da1cf2fe833fdd0c2eebd4b0dad91749402c10bb2102b01e33296950,No explicit SVG canvas/viewBox; verify importer bounds. One gameCharacter.svg has a corrected override.
work/full-audit/downloads/mega-assets-v1/jam-ready-assets.zip,jam-ready-assets/kenney-board-game-info/icons/Vector/Fantasy/players_3_10.svg,d0ea519171a333963b9a51a6e6a85b076f4b3bf5c2c0418c0613d4e2e705735c,No explicit SVG canvas/viewBox; verify importer bounds. One gameCharacter.svg has a corrected override.
work/full-audit/downloads/mega-assets-v1/jam-ready-assets.zip,jam-ready-assets/kenney-board-game-info/icons/Vector/Fantasy/teams_text.svg,abeede61ac750e418396fe61486bcc2cd2b885a96a197d1499fb8167ac99e5c3,No explicit SVG canvas/viewBox; verify importer bounds. One gameCharacter.svg has a corrected override.
work/full-audit/downloads/mega-assets-v1/jam-ready-assets.zip,jam-ready-assets/kenney-board-game-info/icons/Vector/Fantasy/hourglass.svg,d020205606ad351f975a6a5f46867b4604d69672b8c3d0110bceab7e78b08b51,No explicit SVG canvas/viewBox; verify importer bounds. One gameCharacter.svg has a corrected override.
work/full-audit/downloads/mega-assets-v1/jam-ready-assets.zip,jam-ready-assets/kenney-board-game-info/icons/Vector/Fantasy/players_3_7.svg,7dea53c491408cee14b21fb2af443616cec61400f68d41476a52d8f0e1e2ad02,No explicit SVG canvas/viewBox; verify importer bounds. One gameCharacter.svg has a corrected override.
work/full-audit/downloads/mega-assets-v1/jam-ready-assets.zip,jam-ready-assets/kenney-board-game-info/icons/Vector/Fantasy/players_1_7.svg,56ebdfa15905ccc1d4f8e08074265bda77e7e6190d7c006a52e972adb241acaa,No explicit SVG canvas/viewBox; verify importer bounds. One gameCharacter.svg has a corrected override.
work/full-audit/downloads/mega-assets-v1/jam-ready-assets.zip,jam-ready-assets/kenney-board-game-info/icons/Vector/Fantasy/medium_light_text.svg,c791f75760457947bdd2e464744a59df5bed33843b5689fec70e8e793d9028c1,No explicit SVG canvas/viewBox; verify importer bounds. One gameCharacter.svg has a corrected override.
work/full-audit/downloads/mega-assets-v1/jam-ready-assets.zip,jam-ready-assets/kenney-board-game-info/icons/Vector/Fantasy/luck.svg,deb35bbcccfdcaf01730a6d35ef3aeef55fb54b2ef6c8c57ad9dfa5dd3cda96a,No explicit SVG canvas/viewBox; verify importer bounds. One gameCharacter.svg has a corrected override.
work/full-audit/downloads/mega-assets-v1/jam-ready-assets.zip,jam-ready-assets/kenney-board-game-info/icons/Vector/Fantasy/heavy.svg,b75fb8b451d716649a44f4e9422fd34f0f3da810af2524484195d37c3ee89ff7,No explicit SVG canvas/viewBox; verify importer bounds. One gameCharacter.svg has a corrected override.
work/full-audit/downloads/mega-assets-v1/jam-ready-assets.zip,jam-ready-assets/kenney-board-game-info/icons/Vector/Fantasy/pen_paper_text.svg,9743b7b6c3b4c28fb62bd32f8a0d86b416bf40714459bc9bd179a21bfbb9c725,No explicit SVG canvas/viewBox; verify importer bounds. One gameCharacter.svg has a corrected override.
work/full-audit/downloads/mega-assets-v1/jam-ready-assets.zip,jam-ready-assets/kenney-board-game-info/icons/Vector/Fantasy/blank_panel.svg,c9d6548292e89028508779b98ce1e672a494518faaf4e007dd7f7e4a0e6c29b5,No explicit SVG canvas/viewBox; verify importer bounds. One gameCharacter.svg has a corrected override.
work/full-audit/downloads/mega-assets-v1/jam-ready-assets.zip,jam-ready-assets/kenney-board-game-info/icons/Vector/Fantasy/ages_18.svg,f606680b53c393441ec706f347323b311f1c7850874378451ff5480afbd0db2c,No explicit SVG canvas/viewBox; verify importer bounds. One gameCharacter.svg has a corrected override.
work/full-audit/downloads/mega-assets-v1/jam-ready-assets.zip,jam-ready-assets/kenney-board-game-info/icons/Vector/Fantasy/cards.svg,00dc364b058b34b1fdff98ef8c970a1d2698ea2e477e0ca1592d9e9c3b71c2f8,No explicit SVG canvas/viewBox; verify importer bounds. One gameCharacter.svg has a corrected override.
work/full-audit/downloads/mega-assets-v1/jam-ready-assets.zip,jam-ready-assets/kenney-board-game-info/icons/Vector/Fantasy/duration_60.svg,bbc8728a4db80c25fa3a62bc3f69d065085d6f50fad62027c03c5a4bdcb84861,No explicit SVG canvas/viewBox; verify importer bounds. One gameCharacter.svg has a corrected override.
work/full-audit/downloads/mega-assets-v1/jam-ready-assets.zip,jam-ready-assets/kenney-board-game-info/icons/Vector/Fantasy/players.svg,cd32b201e7361f500c046b47c84f397ef4077f5a1859c34724e390ef1e6c7f2a,No explicit SVG canvas/viewBox; verify importer bounds. One gameCharacter.svg has a corrected override.
work/full-audit/downloads/mega-assets-v1/jam-ready-assets.zip,jam-ready-assets/kenney-board-game-info/icons/Vector/Fantasy/duration_120.svg,6389221352d0c5849304e24463a259bf7768234f55b6ae361250977a7944b275,No explicit SVG canvas/viewBox; verify importer bounds. One gameCharacter.svg has a corrected override.
work/full-audit/downloads/mega-assets-v1/jam-ready-assets.zip,jam-ready-assets/kenney-board-game-info/icons/Vector/Fantasy/tiles_text.svg,5ccde9e0d7e3e36ef18b207f8c8771b39ef4ccb1e3b3ec9562c8efeaa41c6865,No explicit SVG canvas/viewBox; verify importer bounds. One gameCharacter.svg has a corrected override.
work/full-audit/downloads/mega-assets-v1/jam-ready-assets.zip,jam-ready-assets/kenney-board-game-info/icons/Vector/Fantasy/players_1_10.svg,77a3138f060f793f2b7d0bbdd0b7c4e5eac9450f1df181e4a24aacda34357789,No explicit SVG canvas/viewBox; verify importer bounds. One gameCharacter.svg has a corrected override.
work/full-audit/downloads/mega-assets-v1/jam-ready-assets.zip,jam-ready-assets/kenney-board-game-info/icons/Vector/Fantasy/luck_text.svg,ab336384e97248ed79874fbdaff3d1e787a1438c43bd62dca1d1f8e47a666d3b,No explicit SVG canvas/viewBox; verify importer bounds. One gameCharacter.svg has a corrected override.
work/full-audit/downloads/mega-assets-v1/jam-ready-assets.zip,jam-ready-assets/kenney-board-game-info/icons/Vector/Fantasy/duration_90.svg,34b777f24e2913a9d4e98713bcf3b359a12a1814489b0c5236c8e5fdd6815ee9,No explicit SVG canvas/viewBox; verify importer bounds. One gameCharacter.svg has a corrected override.
work/full-audit/downloads/mega-assets-v1/jam-ready-assets.zip,jam-ready-assets/kenney-board-game-info/icons/Vector/Fantasy/duration_45.svg,3f365be8d033d96db529f5713aa0dddc573b4504cff783c7e6c58b2022fa5925,No explicit SVG canvas/viewBox; verify importer bounds. One gameCharacter.svg has a corrected override.
work/full-audit/downloads/mega-assets-v1/jam-ready-assets.zip,jam-ready-assets/kenney-board-game-info/icons/Vector/Fantasy/miniatures_text.svg,49b08a1a678943f86b82142663fc851e03e2cb48aaeee151924d4a388c73c755,No explicit SVG canvas/viewBox; verify importer bounds. One gameCharacter.svg has a corrected override.
work/full-audit/downloads/mega-assets-v1/jam-ready-assets.zip,jam-ready-assets/kenney-board-game-info/icons/Vector/Fantasy/players_2_4.svg,e656cb86578adbedd255d1549e7afd69b54d4510c03f1632774c8284f3ad4012,No explicit SVG canvas/viewBox; verify importer bounds. One gameCharacter.svg has a corrected override.
work/full-audit/downloads/mega-assets-v1/jam-ready-assets.zip,jam-ready-assets/kenney-board-game-info/icons/Vector/Fantasy/light.svg,f5e37f945e64697872e465cf1417c91691ec8a28a9ec2d118fbae8a5003ae8c0,No explicit SVG canvas/viewBox; verify importer bounds. One gameCharacter.svg has a corrected override.
work/full-audit/downloads/mega-assets-v1/jam-ready-assets.zip,jam-ready-assets/kenney-board-game-info/icons/Vector/Fantasy/players_3_6.svg,190458cc1ca9bdb1a7d065b57c1b1a22f7c33015d9edf6449929ebf1321ce3e1,No explicit SVG canvas/viewBox; verify importer bounds. One gameCharacter.svg has a corrected override.
work/full-audit/downloads/mega-assets-v1/jam-ready-assets.zip,jam-ready-assets/kenney-board-game-info/icons/Vector/Fantasy/duration_20.svg,68f068400aac95530b3897f50d7eb598797b84fdb98cae1620ad71a31f98f7ce,No explicit SVG canvas/viewBox; verify importer bounds. One gameCharacter.svg has a corrected override.
work/full-audit/downloads/mega-assets-v1/jam-ready-assets.zip,jam-ready-assets/kenney-board-game-info/icons/Vector/Fantasy/ages_3.svg,579c33af8a721ac553a814df5da23090217650c559e2b6463b1321e169b3fe8f,No explicit SVG canvas/viewBox; verify importer bounds. One gameCharacter.svg has a corrected override.
work/full-audit/downloads/mega-assets-v1/jam-ready-assets.zip,jam-ready-assets/kenney-board-game-info/icons/Vector/Fantasy/knowledge_text.svg,9157f0875211b84bfa33cb4fbdf6d0bab2787db3f255dbe92c1633bffbadced0,No explicit SVG canvas/viewBox; verify importer bounds. One gameCharacter.svg has a corrected override.
work/full-audit/downloads/mega-assets-v1/jam-ready-assets.zip,jam-ready-assets/kenney-board-game-info/icons/Vector/Fantasy/players_1_8.svg,1f78526ccdd2152a34ebbe8adfd8e02508a93ca23cddafe4cd165cc8fbfc1cd2,No explicit SVG canvas/viewBox; verify importer bounds. One gameCharacter.svg has a corrected override.
work/full-audit/downloads/mega-assets-v1/jam-ready-assets.zip,jam-ready-assets/kenney-board-game-info/icons/Vector/Fantasy/players_3_9.svg,f2afa48a15c0b797d482ef63d17244c275df9698bb287d85049f0db97f11101c,No explicit SVG canvas/viewBox; verify importer bounds. One gameCharacter.svg has a corrected override.
work/full-audit/downloads/mega-assets-v1/jam-ready-assets.zip,jam-ready-assets/kenney-board-game-info/icons/Vector/Fantasy/players_2_7.svg,b0419209f108ac1eb6fe2745d6345525581316035dae15b3543f100069fc4886,No explicit SVG canvas/viewBox; verify importer bounds. One gameCharacter.svg has a corrected override.
work/full-audit/downloads/mega-assets-v1/jam-ready-assets.zip,jam-ready-assets/kenney-board-game-info/icons/Vector/Space/players_1_4.svg,ccdc31406614e8bd87b4102fba30d5c9e4b597941a13ee6dc1f2aed7a01fa7e9,No explicit SVG canvas/viewBox; verify importer bounds. One gameCharacter.svg has a corrected override.
work/full-audit/downloads/mega-assets-v1/jam-ready-assets.zip,jam-ready-assets/kenney-board-game-info/icons/Vector/Space/ages_17.svg,0b5e9b1b94ba8ecff4692645e5bebf0e355322b9cc8c8f52fcca6736772e7608,No explicit SVG canvas/viewBox; verify importer bounds. One gameCharacter.svg has a corrected override.
work/full-audit/downloads/mega-assets-v1/jam-ready-assets.zip,jam-ready-assets/kenney-board-game-info/icons/Vector/Space/puzzle_text.svg,8e35f015d1f16f0f00780c885a4e7f872099895366da1c3e78cf4784bb651199,No explicit SVG canvas/viewBox; verify importer bounds. One gameCharacter.svg has a corrected override.
work/full-audit/downloads/mega-assets-v1/jam-ready-assets.zip,jam-ready-assets/kenney-board-game-info/icons/Vector/Space/players_3_8.svg,23a50036412f9ad77d393098b6c6ca5827cad4c936f1fb83c51c91c1ce93d497,No explicit SVG canvas/viewBox; verify importer bounds. One gameCharacter.svg has a corrected override.
work/full-audit/downloads/mega-assets-v1/jam-ready-assets.zip,jam-ready-assets/kenney-board-game-info/icons/Vector/Space/ages_13.svg,07bbb51ce1629442a88d7cf19451b6860a4c35225696a1f0c5e9ba134cef361a,No explicit SVG canvas/viewBox; verify importer bounds. One gameCharacter.svg has a corrected override.
work/full-audit/downloads/mega-assets-v1/jam-ready-assets.zip,jam-ready-assets/kenney-board-game-info/icons/Vector/Space/players_2_8.svg,4bb1067837edc64de5e6698bdd6cf04e8afb7ea7d28b24e6824410f539cb9d87,No explicit SVG canvas/viewBox; verify importer bounds. One gameCharacter.svg has a corrected override.
work/full-audit/downloads/mega-assets-v1/jam-ready-assets.zip,jam-ready-assets/kenney-board-game-info/icons/Vector/Space/medium_light.svg,37f570f53efd2451825b0957d26db4d8088f1a0c48a77e7cc558a72c8da77532,No explicit SVG canvas/viewBox; verify importer bounds. One gameCharacter.svg has a corrected override.
work/full-audit/downloads/mega-assets-v1/jam-ready-assets.zip,jam-ready-assets/kenney-board-game-info/icons/Vector/Space/interaction_text.svg,8a1f64d4cfac8bd4e2cf2fa776ca81a40ba2f504d85f4b16faf97b7d29fad1bf,No explicit SVG canvas/viewBox; verify importer bounds. One gameCharacter.svg has a corrected override.
work/full-audit/downloads/mega-assets-v1/jam-ready-assets.zip,jam-ready-assets/kenney-board-game-info/icons/Vector/Space/players_3.svg,d0a911d1f15e92fc930c4e21fe31316c7d1ac204ec6ff9c3919454633be650a9,No explicit SVG canvas/viewBox; verify importer bounds. One gameCharacter.svg has a corrected override.
work/full-audit/downloads/mega-assets-v1/jam-ready-assets.zip,jam-ready-assets/kenney-board-game-info/icons/Vector/Space/pen_paper.svg,a7c94d6c5815868fe35aae81adf14044bf73c628ac64887cf2fc136037fd0fcb,No explicit SVG canvas/viewBox; verify importer bounds. One gameCharacter.svg has a corrected override.
work/full-audit/downloads/mega-assets-v1/jam-ready-assets.zip,jam-ready-assets/kenney-board-game-info/icons/Vector/Space/duration.svg,eb5aa688775abe0f53d0c25613dcda03d2c205138597b265c2f5106a341ccec7,No explicit SVG canvas/viewBox; verify importer bounds. One gameCharacter.svg has a corrected override.
work/full-audit/downloads/mega-assets-v1/jam-ready-assets.zip,jam-ready-assets/kenney-board-game-info/icons/Vector/Space/choking_hazard_age_text.svg,6973490bd3b677d860c7de89a625268b8872f612ccc8f931fe958bd67f7fcf99,No explicit SVG canvas/viewBox; verify importer bounds. One gameCharacter.svg has a corrected override.
work/full-audit/downloads/mega-assets-v1/jam-ready-assets.zip,jam-ready-assets/kenney-board-game-info/icons/Vector/Space/duration_10.svg,b158b0b80fc74cbadab00b07bfd5c68b8b53eaa8255265fde6388b8d7f6d4430,No explicit SVG canvas/viewBox; verify importer bounds. One gameCharacter.svg has a corrected override.
work/full-audit/downloads/mega-assets-v1/jam-ready-assets.zip,jam-ready-assets/kenney-board-game-info/icons/Vector/Space/strong_language.svg,a5ad821377ca48bd4410d01b81197485e0649b3ee53158bb200fec0a294c66fd,No explicit SVG canvas/viewBox; verify importer bounds. One gameCharacter.svg has a corrected override.
work/full-audit/downloads/mega-assets-v1/jam-ready-assets.zip,jam-ready-assets/kenney-board-game-info/icons/Vector/Space/ages_all.svg,6677260e9f1797d2f6fb30f441363c1880a1ed881220a089c2e8c3532c12d4a3,No explicit SVG canvas/viewBox; verify importer bounds. One gameCharacter.svg has a corrected override.
work/full-audit/downloads/mega-assets-v1/jam-ready-assets.zip,jam-ready-assets/kenney-board-game-info/icons/Vector/Space/players_4_5.svg,4287310af97881a5605579ebb4fe3eaabc5661e8d6dcf6ee9585b5cdd35bc441,No explicit SVG canvas/viewBox; verify importer bounds. One gameCharacter.svg has a corrected override.
work/full-audit/downloads/mega-assets-v1/jam-ready-assets.zip,jam-ready-assets/kenney-board-game-info/icons/Vector/Space/duration_60_90.svg,a3010ca86e2405848de74b5be8d202a9f396ff511e29aeb07a57cf45f0b5a75b,No explicit SVG canvas/viewBox; verify importer bounds. One gameCharacter.svg has a corrected override.
work/full-audit/downloads/mega-assets-v1/jam-ready-assets.zip,jam-ready-assets/kenney-board-game-info/icons/Vector/Space/players_4_8.svg,5a38306034b647cacb0813c7ce505fb65bab62a5aad01058b0f818a80a80c38f,No explicit SVG canvas/viewBox; verify importer bounds. One gameCharacter.svg has a corrected override.
work/full-audit/downloads/mega-assets-v1/jam-ready-assets.zip,jam-ready-assets/kenney-board-game-info/icons/Vector/Space/players_1_6.svg,00a2009668c4cd0d1868e486e00c1200f279b1432c887d1f1d73d8c8dd007786,No explicit SVG canvas/viewBox; verify importer bounds. One gameCharacter.svg has a corrected override.
work/full-audit/downloads/mega-assets-v1/jam-ready-assets.zip,jam-ready-assets/kenney-board-game-info/icons/Vector/Space/medium.svg,45bf893bb0495d31ad6f77a5e131fb16e782db5c281d319e3dbc2dff786ddd96,No explicit SVG canvas/viewBox; verify importer bounds. One gameCharacter.svg has a corrected override.
work/full-audit/downloads/mega-assets-v1/jam-ready-assets.zip,jam-ready-assets/kenney-board-game-info/icons/Vector/Space/players_1_5.svg,8cb9fb71d0521ba94d3bdb743a27ba512a8dac81d8aeed3ceab1d755c662022d,No explicit SVG canvas/viewBox; verify importer bounds. One gameCharacter.svg has a corrected override.
work/full-audit/downloads/mega-assets-v1/jam-ready-assets.zip,jam-ready-assets/kenney-board-game-info/icons/Vector/Space/players_1_2.svg,d9f4e8bab499666168ac3dc0e619872cab6b89e4592b9a5141a337f877fd942f,No explicit SVG canvas/viewBox; verify importer bounds. One gameCharacter.svg has a corrected override.
work/full-audit/downloads/mega-assets-v1/jam-ready-assets.zip,jam-ready-assets/kenney-board-game-info/icons/Vector/Space/tiles.svg,96ef7b45f2ed6afc589ce3f612ff85c740fd771f3542b32bf905217093f863f4,No explicit SVG canvas/viewBox; verify importer bounds. One gameCharacter.svg has a corrected override.
work/full-audit/downloads/mega-assets-v1/jam-ready-assets.zip,jam-ready-assets/kenney-board-game-info/icons/Vector/Space/puzzle.svg,9a4e53bfa666f7d84712868c3b057ae68d6589220b68f63a0356f22efbd297b5,No explicit SVG canvas/viewBox; verify importer bounds. One gameCharacter.svg has a corrected override.
work/full-audit/downloads/mega-assets-v1/jam-ready-assets.zip,jam-ready-assets/kenney-board-game-info/icons/Vector/Space/choking_hazard.svg,dc68011a19f6e3f4af40ae9dc8a4565bb5f37986f857fdd79ba4ac3282c370d6,No explicit SVG canvas/viewBox; verify importer bounds. One gameCharacter.svg has a corrected override.
work/full-audit/downloads/mega-assets-v1/jam-ready-assets.zip,jam-ready-assets/kenney-board-game-info/icons/Vector/Space/stopwatch.svg,1a5478d8b070f1fb515fa926387d82b9b21ae51532dd48c32bb02e31e3b0bd3e,No explicit SVG canvas/viewBox; verify importer bounds. One gameCharacter.svg has a corrected override.
work/full-audit/downloads/mega-assets-v1/jam-ready-assets.zip,jam-ready-assets/kenney-board-game-info/icons/Vector/Space/medium_heavy_text.svg,a9b2cd7397432f9144c8ad79e0fecce79685bea1b6811f50d4fe2a124fad8d08,No explicit SVG canvas/viewBox; verify importer bounds. One gameCharacter.svg has a corrected override.
work/full-audit/downloads/mega-assets-v1/jam-ready-assets.zip,jam-ready-assets/kenney-board-game-info/icons/Vector/Space/tablet.svg,cd874a73c72eb6ef356e1b9ea9272b56a286ef345bd5840e6610d600eab10ce1,No explicit SVG canvas/viewBox; verify importer bounds. One gameCharacter.svg has a corrected override.
work/full-audit/downloads/mega-assets-v1/jam-ready-assets.zip,jam-ready-assets/kenney-board-game-info/icons/Vector/Space/players_2_5.svg,641867a1779a7798033e90d8455659e2e24b8b00a90ddd84a5bfcc49f55a645c,No explicit SVG canvas/viewBox; verify importer bounds. One gameCharacter.svg has a corrected override.
work/full-audit/downloads/mega-assets-v1/jam-ready-assets.zip,jam-ready-assets/kenney-board-game-info/icons/Vector/Space/heavy_text.svg,70995be62aa619fc863d48f271cb47ff2f6608b26036fc5ee964cb526d399ea5,No explicit SVG canvas/viewBox; verify importer bounds. One gameCharacter.svg has a corrected override.
work/full-audit/downloads/mega-assets-v1/jam-ready-assets.zip,jam-ready-assets/kenney-board-game-info/icons/Vector/Space/choking_hazard_age.svg,0eaaa19dfd4ac485570ba7c7be398e2e5181516e10c5bf802d568cd93cdff5a6,No explicit SVG canvas/viewBox; verify importer bounds. One gameCharacter.svg has a corrected override.
work/full-audit/downloads/mega-assets-v1/jam-ready-assets.zip,jam-ready-assets/kenney-board-game-info/icons/Vector/Space/medium_text.svg,2ef75e329ca5ef102f4db2811a26510717d41e262535a5db1000a1f4d2112610,No explicit SVG canvas/viewBox; verify importer bounds. One gameCharacter.svg has a corrected override.
work/full-audit/downloads/mega-assets-v1/jam-ready-assets.zip,jam-ready-assets/kenney-board-game-info/icons/Vector/Space/tablet_text.svg,fea5c274453d46f5b6a73259746dd66f7c2ff839554390e855113d6f4d8d81c5,No explicit SVG canvas/viewBox; verify importer bounds. One gameCharacter.svg has a corrected override.
work/full-audit/downloads/mega-assets-v1/jam-ready-assets.zip,jam-ready-assets/kenney-board-game-info/icons/Vector/Space/players_4_9.svg,e8f0334ad712817360473f79663e2507b05dbd15a1c99b4fa3cd855ec86cc0ee,No explicit SVG canvas/viewBox; verify importer bounds. One gameCharacter.svg has a corrected override.
work/full-audit/downloads/mega-assets-v1/jam-ready-assets.zip,jam-ready-assets/kenney-board-game-info/icons/Vector/Space/players_alternative.svg,74f5541769f5e69e0c4369609b98604f428a6be35bf4b746a54dada2f58ca34c,No explicit SVG canvas/viewBox; verify importer bounds. One gameCharacter.svg has a corrected override.
work/full-audit/downloads/mega-assets-v1/jam-ready-assets.zip,jam-ready-assets/kenney-board-game-info/icons/Vector/Space/light_text.svg,740f31f39769db002426c892436abd16ba92a9bb306edb73a3d253fbc30e73e2,No explicit SVG canvas/viewBox; verify importer bounds. One gameCharacter.svg has a corrected override.
work/full-audit/downloads/mega-assets-v1/jam-ready-assets.zip,jam-ready-assets/kenney-board-game-info/icons/Vector/Space/players_table.svg,751f9fb15466611708ddefdb643a72c5c8c7b9197828ad693b167354f7b7b0bf,No explicit SVG canvas/viewBox; verify importer bounds. One gameCharacter.svg has a corrected override.
work/full-audit/downloads/mega-assets-v1/jam-ready-assets.zip,jam-ready-assets/kenney-board-game-info/icons/Vector/Space/players_2_10.svg,24423e8822adbdbbc6f9a938bf88b882dddfadbb15d89ffd9660b81db10d64c4,No explicit SVG canvas/viewBox; verify importer bounds. One gameCharacter.svg has a corrected override.
work/full-audit/downloads/mega-assets-v1/jam-ready-assets.zip,jam-ready-assets/kenney-board-game-info/icons/Vector/Space/knowledge.svg,123b88a5e59f49f3b63ae6232044037fa95d127688d27aff281c66ef28cd0ab1,No explicit SVG canvas/viewBox; verify importer bounds. One gameCharacter.svg has a corrected override.
work/full-audit/downloads/mega-assets-v1/jam-ready-assets.zip,jam-ready-assets/kenney-board-game-info/icons/Vector/Space/cards_text.svg,a5e074b82cc94a86f8f43c1358c0c5ddbe04ad48bd53dafb27cf508d64517417,No explicit SVG canvas/viewBox; verify importer bounds. One gameCharacter.svg has a corrected override.
work/full-audit/downloads/mega-assets-v1/jam-ready-assets.zip,jam-ready-assets/kenney-board-game-info/icons/Vector/Space/choking_hazard_text.svg,a79ae2f804169b1238ba977483dec8f43d84a0b0f2d729c257452f99de0f694e,No explicit SVG canvas/viewBox; verify importer bounds. One gameCharacter.svg has a corrected override.
work/full-audit/downloads/mega-assets-v1/jam-ready-assets.zip,jam-ready-assets/kenney-board-game-info/icons/Vector/Space/strong_language_text.svg,b63f934714dc35bb867e5b0141fb7087704b41c875617c2749676050e041b648,No explicit SVG canvas/viewBox; verify importer bounds. One gameCharacter.svg has a corrected override.
work/full-audit/downloads/mega-assets-v1/jam-ready-assets.zip,jam-ready-assets/kenney-board-game-info/icons/Vector/Space/duration_15_30.svg,092af0e33ac739c74a3e73d5d7ca13997d7055d1bfcfa95821421120701f9187,No explicit SVG canvas/viewBox; verify importer bounds. One gameCharacter.svg has a corrected override.
work/full-audit/downloads/mega-assets-v1/jam-ready-assets.zip,jam-ready-assets/kenney-board-game-info/icons/Vector/Space/players_2.svg,6418f146ad98cbc65984286539a9ad0b5720304726bf3205d6517f4de94c0664,No explicit SVG canvas/viewBox; verify importer bounds. One gameCharacter.svg has a corrected override.
work/full-audit/downloads/mega-assets-v1/jam-ready-assets.zip,jam-ready-assets/kenney-board-game-info/icons/Vector/Space/players_3_4.svg,442f0eac204f615a7afe4e17e9368969b5e9f54b77a8507b11da75037fdf83b4,No explicit SVG canvas/viewBox; verify importer bounds. One gameCharacter.svg has a corrected override.
work/full-audit/downloads/mega-assets-v1/jam-ready-assets.zip,jam-ready-assets/kenney-board-game-info/icons/Vector/Space/duration_45_60.svg,6b7f615291c68f00784d876fa63bdccba3b1b5ca91420fd9331d84b1d00cca8a,No explicit SVG canvas/viewBox; verify importer bounds. One gameCharacter.svg has a corrected override.
work/full-audit/downloads/mega-assets-v1/jam-ready-assets.zip,jam-ready-assets/kenney-board-game-info/icons/Vector/Space/players_4.svg,3eca2e06ce67ba42a7982857ab859e760dd15014f5d93910279fe4091230d4f0,No explicit SVG canvas/viewBox; verify importer bounds. One gameCharacter.svg has a corrected override.
work/full-audit/downloads/mega-assets-v1/jam-ready-assets.zip,jam-ready-assets/kenney-board-game-info/icons/Vector/Space/ages.svg,038cd97ece947956a69babb90486c7d2ce2aabb0982febb0fd7d3a312402f4f8,No explicit SVG canvas/viewBox; verify importer bounds. One gameCharacter.svg has a corrected override.
work/full-audit/downloads/mega-assets-v1/jam-ready-assets.zip,jam-ready-assets/kenney-board-game-info/icons/Vector/Space/players_4_7.svg,292554ad290259c9a05b9380fee279bda5b2b90e1cf6ab048e4ee0db9b4be919,No explicit SVG canvas/viewBox; verify importer bounds. One gameCharacter.svg has a corrected override.
work/full-audit/downloads/mega-assets-v1/jam-ready-assets.zip,jam-ready-assets/kenney-board-game-info/icons/Vector/Space/players_4_10.svg,5dd349aef16b427dd05982af6bb317a40f4ac74d6ab6a0459abff896c64d13d8,No explicit SVG canvas/viewBox; verify importer bounds. One gameCharacter.svg has a corrected override.
work/full-audit/downloads/mega-assets-v1/jam-ready-assets.zip,jam-ready-assets/kenney-board-game-info/icons/Vector/Space/ages_7.svg,922a77194d6fb8653003a8701251446a506ec3a5a5a3187415830f2d6beb24d9,No explicit SVG canvas/viewBox; verify importer bounds. One gameCharacter.svg has a corrected override.
work/full-audit/downloads/mega-assets-v1/jam-ready-assets.zip,jam-ready-assets/kenney-board-game-info/icons/Vector/Space/players_2_9.svg,0e94e227ae21b8bff1d83e6cec97987c4c7ef9b619211c229588d381ab6838a7,No explicit SVG canvas/viewBox; verify importer bounds. One gameCharacter.svg has a corrected override.
work/full-audit/downloads/mega-assets-v1/jam-ready-assets.zip,jam-ready-assets/kenney-board-game-info/icons/Vector/Space/players_1_9.svg,eecde60575165e2a8ebf9443591e3544a7d66d6e8c1595f9cd00fdf46008a674,No explicit SVG canvas/viewBox; verify importer bounds. One gameCharacter.svg has a corrected override.
work/full-audit/downloads/mega-assets-v1/jam-ready-assets.zip,jam-ready-assets/kenney-board-game-info/icons/Vector/Space/players_1.svg,2bf421966d60d11c1a7a0e275afb777852e0b0cc62bd3f395fc6a868b115688e,No explicit SVG canvas/viewBox; verify importer bounds. One gameCharacter.svg has a corrected override.
work/full-audit/downloads/mega-assets-v1/jam-ready-assets.zip,jam-ready-assets/kenney-board-game-info/icons/Vector/Space/blank.svg,4c746aec9fb5d74c3c82ed3c2b996eb3cadd16a6126d291f5efc707f086c140f,No explicit SVG canvas/viewBox; verify importer bounds. One gameCharacter.svg has a corrected override.
work/full-audit/downloads/mega-assets-v1/jam-ready-assets.zip,jam-ready-assets/kenney-board-game-info/icons/Vector/Space/duration_30.svg,21267456c059a30d2e7219578cc315e676247abb2f803ef8d2c36277e517b54c,No explicit SVG canvas/viewBox; verify importer bounds. One gameCharacter.svg has a corrected override.
work/full-audit/downloads/mega-assets-v1/jam-ready-assets.zip,jam-ready-assets/kenney-board-game-info/icons/Vector/Space/ages_10.svg,dc21de645369c6ea681a2aaa8193ec7c3048d89b3d6ad77028e327308b576fe5,No explicit SVG canvas/viewBox; verify importer bounds. One gameCharacter.svg has a corrected override.
work/full-audit/downloads/mega-assets-v1/jam-ready-assets.zip,jam-ready-assets/kenney-board-game-info/icons/Vector/Space/interaction.svg,bb20b7506ed5c5fa692e9e54720f6dccdc1b24d3caf52bfdaf6571d88481a633,No explicit SVG canvas/viewBox; verify importer bounds. One gameCharacter.svg has a corrected override.
work/full-audit/downloads/mega-assets-v1/jam-ready-assets.zip,jam-ready-assets/kenney-board-game-info/icons/Vector/Space/players_3_5.svg,b13b408545eb9448827d3b45b44b1deb938415030d34748f3d2bf023989deda5,No explicit SVG canvas/viewBox; verify importer bounds. One gameCharacter.svg has a corrected override.
work/full-audit/downloads/mega-assets-v1/jam-ready-assets.zip,jam-ready-assets/kenney-board-game-info/icons/Vector/Space/players_4_6.svg,792c4f6d579e517d77a3fe22ccd2ead11a913767b8dd6592eed99a2308dff611,No explicit SVG canvas/viewBox; verify importer bounds. One gameCharacter.svg has a corrected override.
work/full-audit/downloads/mega-assets-v1/jam-ready-assets.zip,jam-ready-assets/kenney-board-game-info/icons/Vector/Space/players_2_6.svg,5334e35556371c7018b4503fc9f37f1d9a5f78a0afeb73697fc084f993ecd757,No explicit SVG canvas/viewBox; verify importer bounds. One gameCharacter.svg has a corrected override.
work/full-audit/downloads/mega-assets-v1/jam-ready-assets.zip,jam-ready-assets/kenney-board-game-info/icons/Vector/Space/players_2_3.svg,a6b7f4a82382e0bd4771abada241b273d126711b46dd329f0882c3b85a18a3d5,No explicit SVG canvas/viewBox; verify importer bounds. One gameCharacter.svg has a corrected override.
work/full-audit/downloads/mega-assets-v1/jam-ready-assets.zip,jam-ready-assets/kenney-board-game-info/icons/Vector/Space/players_1_3.svg,d426bc0fdf2a508cd33c5b1bfa156aa947256e435873eebab057621fc9cb1638,No explicit SVG canvas/viewBox; verify importer bounds. One gameCharacter.svg has a corrected override.
work/full-audit/downloads/mega-assets-v1/jam-ready-assets.zip,jam-ready-assets/kenney-board-game-info/icons/Vector/Space/medium_heavy.svg,11dd5b28b7b9a0fe2f9389f3180fa066745d1c0d5fde5afccb56ad87ac03cf7f,No explicit SVG canvas/viewBox; verify importer bounds. One gameCharacter.svg has a corrected override.
work/full-audit/downloads/mega-assets-v1/jam-ready-assets.zip,jam-ready-assets/kenney-board-game-info/icons/Vector/Space/miniatures.svg,8447d74e806f46773197c8d5ed05c26c962d659c1321cd53c99ccb6d1fe936ae,No explicit SVG canvas/viewBox; verify importer bounds. One gameCharacter.svg has a corrected override.
work/full-audit/downloads/mega-assets-v1/jam-ready-assets.zip,jam-ready-assets/kenney-board-game-info/icons/Vector/Space/duration_15.svg,0473c25f33991ac83aaf8684fe2fa924a0d0a563ecb364c5ef980611688ec066,No explicit SVG canvas/viewBox; verify importer bounds. One gameCharacter.svg has a corrected override.
work/full-audit/downloads/mega-assets-v1/jam-ready-assets.zip,jam-ready-assets/kenney-board-game-info/icons/Vector/Space/players_3_10.svg,770a679d503c7adf4fe7045196e1972154b2d286b3219c52b4f515c20c91b511,No explicit SVG canvas/viewBox; verify importer bounds. One gameCharacter.svg has a corrected override.
work/full-audit/downloads/mega-assets-v1/jam-ready-assets.zip,jam-ready-assets/kenney-board-game-info/icons/Vector/Space/teams_text.svg,fb88acf96f0a25a9b09e96ba08dbfde414c4a840ddefa6378d0571cbca97f5fc,No explicit SVG canvas/viewBox; verify importer bounds. One gameCharacter.svg has a corrected override.
work/full-audit/downloads/mega-assets-v1/jam-ready-assets.zip,jam-ready-assets/kenney-board-game-info/icons/Vector/Space/hourglass.svg,58aa0cb67b3a5ad67d57d7c3c8ca82f605e8106687c1c08139870e16a16232b9,No explicit SVG canvas/viewBox; verify importer bounds. One gameCharacter.svg has a corrected override.
work/full-audit/downloads/mega-assets-v1/jam-ready-assets.zip,jam-ready-assets/kenney-board-game-info/icons/Vector/Space/players_3_7.svg,89b78dc608e7c34ca0cd748e9ef5fa1aeb669daff888e5c8f1b26a11baf41e62,No explicit SVG canvas/viewBox; verify importer bounds. One gameCharacter.svg has a corrected override.
work/full-audit/downloads/mega-assets-v1/jam-ready-assets.zip,jam-ready-assets/kenney-board-game-info/icons/Vector/Space/players_1_7.svg,2a2de53268222b3b511760813ad9d798611ee44ef3fc0e40539a775d8be62426,No explicit SVG canvas/viewBox; verify importer bounds. One gameCharacter.svg has a corrected override.
work/full-audit/downloads/mega-assets-v1/jam-ready-assets.zip,jam-ready-assets/kenney-board-game-info/icons/Vector/Space/medium_light_text.svg,0d87a89fc4cf5ee64edf624bbe0d049b9594bb443b7f89604d9ba492b23b0ccb,No explicit SVG canvas/viewBox; verify importer bounds. One gameCharacter.svg has a corrected override.
work/full-audit/downloads/mega-assets-v1/jam-ready-assets.zip,jam-ready-assets/kenney-board-game-info/icons/Vector/Space/luck.svg,2804f79dc263f26a7bf176532aa18bfcc59d9023153704f8c59f6930de60ba46,No explicit SVG canvas/viewBox; verify importer bounds. One gameCharacter.svg has a corrected override.
work/full-audit/downloads/mega-assets-v1/jam-ready-assets.zip,jam-ready-assets/kenney-board-game-info/icons/Vector/Space/heavy.svg,3b752b1331c55e77e1574b4dec5f3220325a218c5b481b93089fa03cb8be8d9d,No explicit SVG canvas/viewBox; verify importer bounds. One gameCharacter.svg has a corrected override.
work/full-audit/downloads/mega-assets-v1/jam-ready-assets.zip,jam-ready-assets/kenney-board-game-info/icons/Vector/Space/pen_paper_text.svg,98a27fecd37162cf46e935d5d1578467380bbaf606e34e56c3325458699a1b81,No explicit SVG canvas/viewBox; verify importer bounds. One gameCharacter.svg has a corrected override.
work/full-audit/downloads/mega-assets-v1/jam-ready-assets.zip,jam-ready-assets/kenney-board-game-info/icons/Vector/Space/blank_panel.svg,33491b4c18a4bebe09af8c86e50f86dc85f7c57394f352e08a592b1dc8386f1c,No explicit SVG canvas/viewBox; verify importer bounds. One gameCharacter.svg has a corrected override.
work/full-audit/downloads/mega-assets-v1/jam-ready-assets.zip,jam-ready-assets/kenney-board-game-info/icons/Vector/Space/ages_18.svg,5c3c44275755c67c5effa6fb42ef1121242298e952c2d720459308ffd3b36149,No explicit SVG canvas/viewBox; verify importer bounds. One gameCharacter.svg has a corrected override.
work/full-audit/downloads/mega-assets-v1/jam-ready-assets.zip,jam-ready-assets/kenney-board-game-info/icons/Vector/Space/cards.svg,ea71939755d1fe368eceb46e5b9fd04f7a0ad1513f164d8d27960beb90e861d2,No explicit SVG canvas/viewBox; verify importer bounds. One gameCharacter.svg has a corrected override.
work/full-audit/downloads/mega-assets-v1/jam-ready-assets.zip,jam-ready-assets/kenney-board-game-info/icons/Vector/Space/duration_60.svg,864c24fcd4ef9144c304c8e455d374b401c04f4e869958bdf816fab6588627e5,No explicit SVG canvas/viewBox; verify importer bounds. One gameCharacter.svg has a corrected override.
work/full-audit/downloads/mega-assets-v1/jam-ready-assets.zip,jam-ready-assets/kenney-board-game-info/icons/Vector/Space/players.svg,e524b98874943e9fc966b188a0649172baf02084073088f87bbc9901a3020b77,No explicit SVG canvas/viewBox; verify importer bounds. One gameCharacter.svg has a corrected override.
work/full-audit/downloads/mega-assets-v1/jam-ready-assets.zip,jam-ready-assets/kenney-board-game-info/icons/Vector/Space/duration_120.svg,de09c70e3724db6a8706d23c5137f9fd70d1043a88222b5cd18f5123a82e83b9,No explicit SVG canvas/viewBox; verify importer bounds. One gameCharacter.svg has a corrected override.
work/full-audit/downloads/mega-assets-v1/jam-ready-assets.zip,jam-ready-assets/kenney-board-game-info/icons/Vector/Space/tiles_text.svg,a25721e6157bc70c00f9527dc99b8ca0a9aa0aaf6d85c8913c248b1698afff4f,No explicit SVG canvas/viewBox; verify importer bounds. One gameCharacter.svg has a corrected override.
work/full-audit/downloads/mega-assets-v1/jam-ready-assets.zip,jam-ready-assets/kenney-board-game-info/icons/Vector/Space/players_1_10.svg,40c4104bf2124643e8bc22588aaf6a17eed88dcd7a4b2039baf420e2dfbe15fe,No explicit SVG canvas/viewBox; verify importer bounds. One gameCharacter.svg has a corrected override.
work/full-audit/downloads/mega-assets-v1/jam-ready-assets.zip,jam-ready-assets/kenney-board-game-info/icons/Vector/Space/luck_text.svg,90848acc8085b0c13a0e085a66dcf97ac45b5ee076f7fc08f859400c148b16b6,No explicit SVG canvas/viewBox; verify importer bounds. One gameCharacter.svg has a corrected override.
work/full-audit/downloads/mega-assets-v1/jam-ready-assets.zip,jam-ready-assets/kenney-board-game-info/icons/Vector/Space/duration_90.svg,3b8a7ca0ba68e2253542e889c16f7fe1530f6cd27c72b8f27ae2b72bf8ec886f,No explicit SVG canvas/viewBox; verify importer bounds. One gameCharacter.svg has a corrected override.
work/full-audit/downloads/mega-assets-v1/jam-ready-assets.zip,jam-ready-assets/kenney-board-game-info/icons/Vector/Space/duration_45.svg,43cb6b3611018151c990664c09de80317b582e5dca46b2634b7d2cec24c06e41,No explicit SVG canvas/viewBox; verify importer bounds. One gameCharacter.svg has a corrected override.
work/full-audit/downloads/mega-assets-v1/jam-ready-assets.zip,jam-ready-assets/kenney-board-game-info/icons/Vector/Space/miniatures_text.svg,288a623c53a78ce0a0ab5dac8a5bf537dae5a66c9f798b64de5749cbcd84225a,No explicit SVG canvas/viewBox; verify importer bounds. One gameCharacter.svg has a corrected override.
work/full-audit/downloads/mega-assets-v1/jam-ready-assets.zip,jam-ready-assets/kenney-board-game-info/icons/Vector/Space/players_2_4.svg,a2c2a795d7f98151d22c772f6da7ea53ab5cbe49bcaf76a5fd8150198b7b4038,No explicit SVG canvas/viewBox; verify importer bounds. One gameCharacter.svg has a corrected override.
work/full-audit/downloads/mega-assets-v1/jam-ready-assets.zip,jam-ready-assets/kenney-board-game-info/icons/Vector/Space/light.svg,d8e7028ea6132a9ccfb0a361a3747b1d98c6afd6867230ea2308b5c92dd189f8,No explicit SVG canvas/viewBox; verify importer bounds. One gameCharacter.svg has a corrected override.
work/full-audit/downloads/mega-assets-v1/jam-ready-assets.zip,jam-ready-assets/kenney-board-game-info/icons/Vector/Space/players_3_6.svg,38992eec4750e7191d94160c34d425ab2a5b60f283a27999b9db528aae89b122,No explicit SVG canvas/viewBox; verify importer bounds. One gameCharacter.svg has a corrected override.
work/full-audit/downloads/mega-assets-v1/jam-ready-assets.zip,jam-ready-assets/kenney-board-game-info/icons/Vector/Space/duration_20.svg,b0bd6cde62584fdc6c0c4ed45da4f881db36d697d89906bc7bbf9eb292f4eee0,No explicit SVG canvas/viewBox; verify importer bounds. One gameCharacter.svg has a corrected override.
work/full-audit/downloads/mega-assets-v1/jam-ready-assets.zip,jam-ready-assets/kenney-board-game-info/icons/Vector/Space/ages_3.svg,733c77651ca68f2dac408c0188ded2a8f96ed9046ce8401c7cdcceb2b86f0661,No explicit SVG canvas/viewBox; verify importer bounds. One gameCharacter.svg has a corrected override.
work/full-audit/downloads/mega-assets-v1/jam-ready-assets.zip,jam-ready-assets/kenney-board-game-info/icons/Vector/Space/knowledge_text.svg,84cb5df529e13cfaf49bef94d1c6a5049484a4985d8681831e6d6a3315e82f54,No explicit SVG canvas/viewBox; verify importer bounds. One gameCharacter.svg has a corrected override.
work/full-audit/downloads/mega-assets-v1/jam-ready-assets.zip,jam-ready-assets/kenney-board-game-info/icons/Vector/Space/players_1_8.svg,822cb611592368e6578d34982aeb106ee2a65547b4f322a31ce860caa14e2fcb,No explicit SVG canvas/viewBox; verify importer bounds. One gameCharacter.svg has a corrected override.
work/full-audit/downloads/mega-assets-v1/jam-ready-assets.zip,jam-ready-assets/kenney-board-game-info/icons/Vector/Space/players_3_9.svg,f0fa323f27e19f046de9831ba81a6f9bd2a0de14eda6d734af52cd99611c511b,No explicit SVG canvas/viewBox; verify importer bounds. One gameCharacter.svg has a corrected override.
work/full-audit/downloads/mega-assets-v1/jam-ready-assets.zip,jam-ready-assets/kenney-board-game-info/icons/Vector/Space/players_2_7.svg,2532b8ecd8402010cc04ab2010155061f7818fdf29bf9adcc2ab0417c99afc22,No explicit SVG canvas/viewBox; verify importer bounds. One gameCharacter.svg has a corrected override.
work/full-audit/downloads/mega-assets-v1/jam-ready-assets.zip,jam-ready-assets/kenney-board-game-info/icons/Vector/Default/players_1_4.svg,edbdc0d471e3cb43ac3fca4933a60b9c3c0a73509ee557d5ae8eb7d8bbc6b166,No explicit SVG canvas/viewBox; verify importer bounds. One gameCharacter.svg has a corrected override.
work/full-audit/downloads/mega-assets-v1/jam-ready-assets.zip,jam-ready-assets/kenney-board-game-info/icons/Vector/Default/ages_17.svg,66d668eb7fc88b2d13c1f041f2919918d5e455fa7cfbbd494b52ce29fcbbf92f,No explicit SVG canvas/viewBox; verify importer bounds. One gameCharacter.svg has a corrected override.
work/full-audit/downloads/mega-assets-v1/jam-ready-assets.zip,jam-ready-assets/kenney-board-game-info/icons/Vector/Default/puzzle_text.svg,407d6d228484a9ac60f79ffa7c09f11e96da8b062a0d9ab407d7efe5f36d6a4b,No explicit SVG canvas/viewBox; verify importer bounds. One gameCharacter.svg has a corrected override.
work/full-audit/downloads/mega-assets-v1/jam-ready-assets.zip,jam-ready-assets/kenney-board-game-info/icons/Vector/Default/players_3_8.svg,8fed18c1b8a3824580e7fa56cc24d091c5f9f3e08f34c6aa2141b9e95cd41a68,No explicit SVG canvas/viewBox; verify importer bounds. One gameCharacter.svg has a corrected override.
work/full-audit/downloads/mega-assets-v1/jam-ready-assets.zip,jam-ready-assets/kenney-board-game-info/icons/Vector/Default/ages_13.svg,854d7c24a14019244987709c4d86e1a6415b126fbb19acc58c133a65f819d301,No explicit SVG canvas/viewBox; verify importer bounds. One gameCharacter.svg has a corrected override.
work/full-audit/downloads/mega-assets-v1/jam-ready-assets.zip,jam-ready-assets/kenney-board-game-info/icons/Vector/Default/players_2_8.svg,cecabfb93cabc28c6a886a002fdba248cb4d2b86df1961133705f3e5ff3306cb,No explicit SVG canvas/viewBox; verify importer bounds. One gameCharacter.svg has a corrected override.
work/full-audit/downloads/mega-assets-v1/jam-ready-assets.zip,jam-ready-assets/kenney-board-game-info/icons/Vector/Default/medium_light.svg,67b54019797d31dc83011b781b4096b13af8a7aeed69a79061489b5c1ef326f1,No explicit SVG canvas/viewBox; verify importer bounds. One gameCharacter.svg has a corrected override.
work/full-audit/downloads/mega-assets-v1/jam-ready-assets.zip,jam-ready-assets/kenney-board-game-info/icons/Vector/Default/interaction_text.svg,668a80c5cca3a0d7cad84ad427a5f4bc494280fa40618959400912666d88c088,No explicit SVG canvas/viewBox; verify importer bounds. One gameCharacter.svg has a corrected override.
work/full-audit/downloads/mega-assets-v1/jam-ready-assets.zip,jam-ready-assets/kenney-board-game-info/icons/Vector/Default/players_3.svg,75207ea5bbe084ed424a484e8fda79d608b81e4bb2f9a4c780003418bc39e79d,No explicit SVG canvas/viewBox; verify importer bounds. One gameCharacter.svg has a corrected override.
work/full-audit/downloads/mega-assets-v1/jam-ready-assets.zip,jam-ready-assets/kenney-board-game-info/icons/Vector/Default/pen_paper.svg,dc8939ebcbb24f3fed0672d01905f15fb1c5e315e87f68ec07579d5405b11cef,No explicit SVG canvas/viewBox; verify importer bounds. One gameCharacter.svg has a corrected override.
work/full-audit/downloads/mega-assets-v1/jam-ready-assets.zip,jam-ready-assets/kenney-board-game-info/icons/Vector/Default/duration.svg,299fdbe9c671bf8a8108c3697754173bb1d8927075e411ef22ddbcbca08455e8,No explicit SVG canvas/viewBox; verify importer bounds. One gameCharacter.svg has a corrected override.
work/full-audit/downloads/mega-assets-v1/jam-ready-assets.zip,jam-ready-assets/kenney-board-game-info/icons/Vector/Default/choking_hazard_age_text.svg,8d9653fd4d0d71311832975dbf261dfd01010f88644cdd5a0bce748437676b63,No explicit SVG canvas/viewBox; verify importer bounds. One gameCharacter.svg has a corrected override.
work/full-audit/downloads/mega-assets-v1/jam-ready-assets.zip,jam-ready-assets/kenney-board-game-info/icons/Vector/Default/duration_10.svg,8c0384b6df12214e2bb85028d11d3d4d896a9bbadb079fa50ad6b536350cde5a,No explicit SVG canvas/viewBox; verify importer bounds. One gameCharacter.svg has a corrected override.
work/full-audit/downloads/mega-assets-v1/jam-ready-assets.zip,jam-ready-assets/kenney-board-game-info/icons/Vector/Default/strong_language.svg,bde5582e98eb1b2f18c053c66a081a38611f74f4707b9b2774506ef38abdab50,No explicit SVG canvas/viewBox; verify importer bounds. One gameCharacter.svg has a corrected override.
work/full-audit/downloads/mega-assets-v1/jam-ready-assets.zip,jam-ready-assets/kenney-board-game-info/icons/Vector/Default/ages_all.svg,63866fa7c5cd0ef220e84b6a4c287202393f4ace44e225cc46469dd8c2a385f9,No explicit SVG canvas/viewBox; verify importer bounds. One gameCharacter.svg has a corrected override.
work/full-audit/downloads/mega-assets-v1/jam-ready-assets.zip,jam-ready-assets/kenney-board-game-info/icons/Vector/Default/players_4_5.svg,1ca0f87c0d9d9550e880c0b7c1c395c6f4f777e8f8d7df28a5a99d9a7ea0e67a,No explicit SVG canvas/viewBox; verify importer bounds. One gameCharacter.svg has a corrected override.
work/full-audit/downloads/mega-assets-v1/jam-ready-assets.zip,jam-ready-assets/kenney-board-game-info/icons/Vector/Default/duration_60_90.svg,083ccfaff114676e5a6d93325ef044dc5269b43e517d31d64c0901fca39fec6e,No explicit SVG canvas/viewBox; verify importer bounds. One gameCharacter.svg has a corrected override.
work/full-audit/downloads/mega-assets-v1/jam-ready-assets.zip,jam-ready-assets/kenney-board-game-info/icons/Vector/Default/players_4_8.svg,bc32a1025ca6f3cee37cafa68c78adfadf29d4134b7dd78b027cebb76aa49a6c,No explicit SVG canvas/viewBox; verify importer bounds. One gameCharacter.svg has a corrected override.
work/full-audit/downloads/mega-assets-v1/jam-ready-assets.zip,jam-ready-assets/kenney-board-game-info/icons/Vector/Default/players_1_6.svg,0e553a37f234054228b80fa72c7ba5daf9895af4c4a0a223805b6c490d9454b0,No explicit SVG canvas/viewBox; verify importer bounds. One gameCharacter.svg has a corrected override.
work/full-audit/downloads/mega-assets-v1/jam-ready-assets.zip,jam-ready-assets/kenney-board-game-info/icons/Vector/Default/medium.svg,456b1061cbe7b04a78a78a0a25aaf8134e395c4cad3fe430588fffb9c2db4837,No explicit SVG canvas/viewBox; verify importer bounds. One gameCharacter.svg has a corrected override.
work/full-audit/downloads/mega-assets-v1/jam-ready-assets.zip,jam-ready-assets/kenney-board-game-info/icons/Vector/Default/players_1_5.svg,56a324c20297668438b7b9eda313b957b647b0bd9b472dd86db3598d4096c9a5,No explicit SVG canvas/viewBox; verify importer bounds. One gameCharacter.svg has a corrected override.
work/full-audit/downloads/mega-assets-v1/jam-ready-assets.zip,jam-ready-assets/kenney-board-game-info/icons/Vector/Default/players_1_2.svg,f5fa0f831c70583e6b1898bfa231b70b99d1979889fd0164e17574220325a7f8,No explicit SVG canvas/viewBox; verify importer bounds. One gameCharacter.svg has a corrected override.
work/full-audit/downloads/mega-assets-v1/jam-ready-assets.zip,jam-ready-assets/kenney-board-game-info/icons/Vector/Default/tiles.svg,f35af51a1b9e86a9b68ca02e297d6c3111427da0cbc812938187d9fb669503f7,No explicit SVG canvas/viewBox; verify importer bounds. One gameCharacter.svg has a corrected override.
work/full-audit/downloads/mega-assets-v1/jam-ready-assets.zip,jam-ready-assets/kenney-board-game-info/icons/Vector/Default/puzzle.svg,40e4076e0c3ce7841b2896542f33f22610d684c1875dfd952de5da60f79c63c4,No explicit SVG canvas/viewBox; verify importer bounds. One gameCharacter.svg has a corrected override.
work/full-audit/downloads/mega-assets-v1/jam-ready-assets.zip,jam-ready-assets/kenney-board-game-info/icons/Vector/Default/choking_hazard.svg,3965fe134f214696c4e6cbd8c4ac99a9993ab8f74be5aa086202fa63ffaf5ef4,No explicit SVG canvas/viewBox; verify importer bounds. One gameCharacter.svg has a corrected override.
work/full-audit/downloads/mega-assets-v1/jam-ready-assets.zip,jam-ready-assets/kenney-board-game-info/icons/Vector/Default/stopwatch.svg,a665e1bf5d254b956d42a75d65826a1f604f4a388060c2ab8266bcdb223bd723,No explicit SVG canvas/viewBox; verify importer bounds. One gameCharacter.svg has a corrected override.
work/full-audit/downloads/mega-assets-v1/jam-ready-assets.zip,jam-ready-assets/kenney-board-game-info/icons/Vector/Default/medium_heavy_text.svg,4e26c354be74621dfa7f062795c58f80bb2219d1588ba2e5d74b4d4d11659be4,No explicit SVG canvas/viewBox; verify importer bounds. One gameCharacter.svg has a corrected override.
work/full-audit/downloads/mega-assets-v1/jam-ready-assets.zip,jam-ready-assets/kenney-board-game-info/icons/Vector/Default/tablet.svg,dd204b44e5fe4451becb6520d7ef301766953245b8b50ca9a3283349293bee07,No explicit SVG canvas/viewBox; verify importer bounds. One gameCharacter.svg has a corrected override.
work/full-audit/downloads/mega-assets-v1/jam-ready-assets.zip,jam-ready-assets/kenney-board-game-info/icons/Vector/Default/players_2_5.svg,c4a93ef0d521f3d4caa75d07d729f65e62d33f67c138946632aa1d88e73848ad,No explicit SVG canvas/viewBox; verify importer bounds. One gameCharacter.svg has a corrected override.
work/full-audit/downloads/mega-assets-v1/jam-ready-assets.zip,jam-ready-assets/kenney-board-game-info/icons/Vector/Default/heavy_text.svg,2a07eb2bd713bf1f990f29a4f122b6dfb81ff52739b4a9142e10bc956691a142,No explicit SVG canvas/viewBox; verify importer bounds. One gameCharacter.svg has a corrected override.
work/full-audit/downloads/mega-assets-v1/jam-ready-assets.zip,jam-ready-assets/kenney-board-game-info/icons/Vector/Default/choking_hazard_age.svg,ec53bf09a30ac83eafd060fd88208933bbecbbf92288500f073f16b85bc11b02,No explicit SVG canvas/viewBox; verify importer bounds. One gameCharacter.svg has a corrected override.
work/full-audit/downloads/mega-assets-v1/jam-ready-assets.zip,jam-ready-assets/kenney-board-game-info/icons/Vector/Default/medium_text.svg,983cd3503d0e707c42e9ae8bf1fe2a13e779fc69cbb6ea9a5cb2e93d7a377418,No explicit SVG canvas/viewBox; verify importer bounds. One gameCharacter.svg has a corrected override.
work/full-audit/downloads/mega-assets-v1/jam-ready-assets.zip,jam-ready-assets/kenney-board-game-info/icons/Vector/Default/tablet_text.svg,e312ee959527f50855d1812b7ca901d130d9347b8e32dcf5f94dd3f1c32b9740,No explicit SVG canvas/viewBox; verify importer bounds. One gameCharacter.svg has a corrected override.
work/full-audit/downloads/mega-assets-v1/jam-ready-assets.zip,jam-ready-assets/kenney-board-game-info/icons/Vector/Default/players_4_9.svg,b9d54bf2070be8048fb5391098650c07081b4e2c4eba11b909fe0f8727a5cc17,No explicit SVG canvas/viewBox; verify importer bounds. One gameCharacter.svg has a corrected override.
work/full-audit/downloads/mega-assets-v1/jam-ready-assets.zip,jam-ready-assets/kenney-board-game-info/icons/Vector/Default/players_alternative.svg,310a50872eec40d2f45f1babdd5c713154e799f479ff09de17763afdd538ff31,No explicit SVG canvas/viewBox; verify importer bounds. One gameCharacter.svg has a corrected override.
work/full-audit/downloads/mega-assets-v1/jam-ready-assets.zip,jam-ready-assets/kenney-board-game-info/icons/Vector/Default/light_text.svg,9bc650048ac68214ae7e2a1b514b3b60a7708a563867c309c9a8dd4aa812e331,No explicit SVG canvas/viewBox; verify importer bounds. One gameCharacter.svg has a corrected override.
work/full-audit/downloads/mega-assets-v1/jam-ready-assets.zip,jam-ready-assets/kenney-board-game-info/icons/Vector/Default/players_table.svg,de43543737737da8f21008fe44b7fcfe17debec89cc96f117b74ae7650750c20,No explicit SVG canvas/viewBox; verify importer bounds. One gameCharacter.svg has a corrected override.
work/full-audit/downloads/mega-assets-v1/jam-ready-assets.zip,jam-ready-assets/kenney-board-game-info/icons/Vector/Default/players_2_10.svg,9001381579033defc54a54a9bcc92c1a0edb32dedde2219c424fdb639c2c35dd,No explicit SVG canvas/viewBox; verify importer bounds. One gameCharacter.svg has a corrected override.
work/full-audit/downloads/mega-assets-v1/jam-ready-assets.zip,jam-ready-assets/kenney-board-game-info/icons/Vector/Default/knowledge.svg,006bd50ee05d9e1177fdb5620d528234a79da80dcb25562d4f8c855d0baa23a7,No explicit SVG canvas/viewBox; verify importer bounds. One gameCharacter.svg has a corrected override.
work/full-audit/downloads/mega-assets-v1/jam-ready-assets.zip,jam-ready-assets/kenney-board-game-info/icons/Vector/Default/cards_text.svg,9c7c24cfb58918e090d6e1b52e290b445e0e54fc581b91d9e398fdf4fe6ffe8e,No explicit SVG canvas/viewBox; verify importer bounds. One gameCharacter.svg has a corrected override.
work/full-audit/downloads/mega-assets-v1/jam-ready-assets.zip,jam-ready-assets/kenney-board-game-info/icons/Vector/Default/choking_hazard_text.svg,4c32b586535b54c1f778c60a105f5329786c46c3677ab0fc7d472088a673f32d,No explicit SVG canvas/viewBox; verify importer bounds. One gameCharacter.svg has a corrected override.
work/full-audit/downloads/mega-assets-v1/jam-ready-assets.zip,jam-ready-assets/kenney-board-game-info/icons/Vector/Default/strong_language_text.svg,ec208b721489d506596835e6e748e503a504863c088973de9e7f387bd324d596,No explicit SVG canvas/viewBox; verify importer bounds. One gameCharacter.svg has a corrected override.
work/full-audit/downloads/mega-assets-v1/jam-ready-assets.zip,jam-ready-assets/kenney-board-game-info/icons/Vector/Default/duration_15_30.svg,d27e5b75676e7a7efb2ec9e67947ed9fcec6f68375df87c1c51b0a3e95635487,No explicit SVG canvas/viewBox; verify importer bounds. One gameCharacter.svg has a corrected override.
work/full-audit/downloads/mega-assets-v1/jam-ready-assets.zip,jam-ready-assets/kenney-board-game-info/icons/Vector/Default/players_2.svg,ec3ce76a6888dcde4b8da582c5e53e4a8d931c89e7e1cb1f6c0e03a67d6fbb10,No explicit SVG canvas/viewBox; verify importer bounds. One gameCharacter.svg has a corrected override.
work/full-audit/downloads/mega-assets-v1/jam-ready-assets.zip,jam-ready-assets/kenney-board-game-info/icons/Vector/Default/players_3_4.svg,b8a121d16ba5d61a404ac3aaea21b2f6db77fa1794ea8a7e194942c79df6e65a,No explicit SVG canvas/viewBox; verify importer bounds. One gameCharacter.svg has a corrected override.
work/full-audit/downloads/mega-assets-v1/jam-ready-assets.zip,jam-ready-assets/kenney-board-game-info/icons/Vector/Default/duration_45_60.svg,18807d54f6953aaa24466d1bcca7b306a2729da45b3e48a96e786b96af081a9d,No explicit SVG canvas/viewBox; verify importer bounds. One gameCharacter.svg has a corrected override.
work/full-audit/downloads/mega-assets-v1/jam-ready-assets.zip,jam-ready-assets/kenney-board-game-info/icons/Vector/Default/players_4.svg,134845f6cade13b61b8b0a44edd3526c18336acdd3644d2f1747b51b3631cf31,No explicit SVG canvas/viewBox; verify importer bounds. One gameCharacter.svg has a corrected override.
work/full-audit/downloads/mega-assets-v1/jam-ready-assets.zip,jam-ready-assets/kenney-board-game-info/icons/Vector/Default/ages.svg,37e9111e47f3c523c7cfb1fc391b8e2ca8cf0aeb57551b97094af997b2c0f27c,No explicit SVG canvas/viewBox; verify importer bounds. One gameCharacter.svg has a corrected override.
work/full-audit/downloads/mega-assets-v1/jam-ready-assets.zip,jam-ready-assets/kenney-board-game-info/icons/Vector/Default/players_4_7.svg,c2115607806c05a9c8b3f5c022385b427095bef1d1d07d26306b8daf0920eada,No explicit SVG canvas/viewBox; verify importer bounds. One gameCharacter.svg has a corrected override.
work/full-audit/downloads/mega-assets-v1/jam-ready-assets.zip,jam-ready-assets/kenney-board-game-info/icons/Vector/Default/players_4_10.svg,0ed1dc274500d7c9500633d255e925f6381aa69cd6eabbee76ee1bbb16fa43ed,No explicit SVG canvas/viewBox; verify importer bounds. One gameCharacter.svg has a corrected override.
work/full-audit/downloads/mega-assets-v1/jam-ready-assets.zip,jam-ready-assets/kenney-board-game-info/icons/Vector/Default/ages_7.svg,1236f44dc8fa4150017dfb649276f0e6aef74f197c291353eb42607cdf568f74,No explicit SVG canvas/viewBox; verify importer bounds. One gameCharacter.svg has a corrected override.
work/full-audit/downloads/mega-assets-v1/jam-ready-assets.zip,jam-ready-assets/kenney-board-game-info/icons/Vector/Default/players_2_9.svg,4754a9089f0aaff91c3c53cbcd54384e9046355f449e1728e7d9a53b7cd4270c,No explicit SVG canvas/viewBox; verify importer bounds. One gameCharacter.svg has a corrected override.
work/full-audit/downloads/mega-assets-v1/jam-ready-assets.zip,jam-ready-assets/kenney-board-game-info/icons/Vector/Default/players_1_9.svg,87dc5d5e5ac3cab7f16f56b3583f48d55aa4089e3311e25bddf5681ecadf8274,No explicit SVG canvas/viewBox; verify importer bounds. One gameCharacter.svg has a corrected override.
work/full-audit/downloads/mega-assets-v1/jam-ready-assets.zip,jam-ready-assets/kenney-board-game-info/icons/Vector/Default/players_1.svg,42696598ce46d2a3291183d00df810428c24a45ef8a91fe1d7caa6905eabcd68,No explicit SVG canvas/viewBox; verify importer bounds. One gameCharacter.svg has a corrected override.
work/full-audit/downloads/mega-assets-v1/jam-ready-assets.zip,jam-ready-assets/kenney-board-game-info/icons/Vector/Default/blank.svg,8f8ab06ff76715251dea77cc18e198b9cb9396d9850b3bfd9c88b5e7d1073d99,No explicit SVG canvas/viewBox; verify importer bounds. One gameCharacter.svg has a corrected override.
work/full-audit/downloads/mega-assets-v1/jam-ready-assets.zip,jam-ready-assets/kenney-board-game-info/icons/Vector/Default/duration_30.svg,0e807fd91fb871ab10a315624115f66b7aacb31a27b3360f1dcc6c040c158a73,No explicit SVG canvas/viewBox; verify importer bounds. One gameCharacter.svg has a corrected override.
work/full-audit/downloads/mega-assets-v1/jam-ready-assets.zip,jam-ready-assets/kenney-board-game-info/icons/Vector/Default/ages_10.svg,04601c209207c30e62850050c4f148a02a07fa26f8553ce0e3255dbec4fdf71b,No explicit SVG canvas/viewBox; verify importer bounds. One gameCharacter.svg has a corrected override.
work/full-audit/downloads/mega-assets-v1/jam-ready-assets.zip,jam-ready-assets/kenney-board-game-info/icons/Vector/Default/interaction.svg,e18131245c7ab2bf00aae34dcc42a3a55e1604a42eaac47fc3c2929f3839c4a7,No explicit SVG canvas/viewBox; verify importer bounds. One gameCharacter.svg has a corrected override.
work/full-audit/downloads/mega-assets-v1/jam-ready-assets.zip,jam-ready-assets/kenney-board-game-info/icons/Vector/Default/players_3_5.svg,3de60ca55cfd8a3b79929eadb934af74a2eac9f11b1666945b012af59a737cdc,No explicit SVG canvas/viewBox; verify importer bounds. One gameCharacter.svg has a corrected override.
work/full-audit/downloads/mega-assets-v1/jam-ready-assets.zip,jam-ready-assets/kenney-board-game-info/icons/Vector/Default/players_4_6.svg,806fef191c596ff378ca621e32959c94ecaf6c41706697756356fc363bd051e0,No explicit SVG canvas/viewBox; verify importer bounds. One gameCharacter.svg has a corrected override.
work/full-audit/downloads/mega-assets-v1/jam-ready-assets.zip,jam-ready-assets/kenney-board-game-info/icons/Vector/Default/players_2_6.svg,f6a74a13f236c5753be26423fc8e275fad2bf899f40e785b2a5a462242cb0821,No explicit SVG canvas/viewBox; verify importer bounds. One gameCharacter.svg has a corrected override.
work/full-audit/downloads/mega-assets-v1/jam-ready-assets.zip,jam-ready-assets/kenney-board-game-info/icons/Vector/Default/players_2_3.svg,d05a0ab00720d0becc673e98b5876aa7f7f4dc0263302b3266f9a8db0fbc2b48,No explicit SVG canvas/viewBox; verify importer bounds. One gameCharacter.svg has a corrected override.
work/full-audit/downloads/mega-assets-v1/jam-ready-assets.zip,jam-ready-assets/kenney-board-game-info/icons/Vector/Default/players_1_3.svg,2739255f0676e051f7d5343e89981deff794874d0b77eda5c7fa0b82967f7391,No explicit SVG canvas/viewBox; verify importer bounds. One gameCharacter.svg has a corrected override.
work/full-audit/downloads/mega-assets-v1/jam-ready-assets.zip,jam-ready-assets/kenney-board-game-info/icons/Vector/Default/medium_heavy.svg,39e52d0e054fedf9381c6c64e86c3fe5458ad717ceee56789595c7c5e5ce056a,No explicit SVG canvas/viewBox; verify importer bounds. One gameCharacter.svg has a corrected override.
work/full-audit/downloads/mega-assets-v1/jam-ready-assets.zip,jam-ready-assets/kenney-board-game-info/icons/Vector/Default/miniatures.svg,b43b5115785ec4951033ca15a2d69382abcc1b1f348a204a93dc547b8b76ba66,No explicit SVG canvas/viewBox; verify importer bounds. One gameCharacter.svg has a corrected override.
work/full-audit/downloads/mega-assets-v1/jam-ready-assets.zip,jam-ready-assets/kenney-board-game-info/icons/Vector/Default/duration_15.svg,c2c70c94c70f754182a80e540e1cdf26a1f9216e8805c23b4a691bb41ef00e16,No explicit SVG canvas/viewBox; verify importer bounds. One gameCharacter.svg has a corrected override.
work/full-audit/downloads/mega-assets-v1/jam-ready-assets.zip,jam-ready-assets/kenney-board-game-info/icons/Vector/Default/players_3_10.svg,d95e3ab3cc5ccda7972fcb131dd10af7227a3602e19bcbfa7a72535c48cb7ed8,No explicit SVG canvas/viewBox; verify importer bounds. One gameCharacter.svg has a corrected override.
work/full-audit/downloads/mega-assets-v1/jam-ready-assets.zip,jam-ready-assets/kenney-board-game-info/icons/Vector/Default/teams_text.svg,af3edd0655893b6140b2c277e017275c63e8c250609b9e0071e02296311fe21d,No explicit SVG canvas/viewBox; verify importer bounds. One gameCharacter.svg has a corrected override.
work/full-audit/downloads/mega-assets-v1/jam-ready-assets.zip,jam-ready-assets/kenney-board-game-info/icons/Vector/Default/hourglass.svg,6f53de6a8bcaee8d24f9841ddde938a75a11dfcb02530b083e55bf4473f5d95c,No explicit SVG canvas/viewBox; verify importer bounds. One gameCharacter.svg has a corrected override.
work/full-audit/downloads/mega-assets-v1/jam-ready-assets.zip,jam-ready-assets/kenney-board-game-info/icons/Vector/Default/players_3_7.svg,eb3dc77c02b54a19a60c5890538fe24fb953ec9073926c69de0ee6f6929922b8,No explicit SVG canvas/viewBox; verify importer bounds. One gameCharacter.svg has a corrected override.
work/full-audit/downloads/mega-assets-v1/jam-ready-assets.zip,jam-ready-assets/kenney-board-game-info/icons/Vector/Default/players_1_7.svg,b7ccb936230bbf548a327d7fd222b2bedc6bbc5b3a578d7789d8d6cf1c6dffdf,No explicit SVG canvas/viewBox; verify importer bounds. One gameCharacter.svg has a corrected override.
work/full-audit/downloads/mega-assets-v1/jam-ready-assets.zip,jam-ready-assets/kenney-board-game-info/icons/Vector/Default/medium_light_text.svg,d8efe03fd4e34a1116ad4d7d4b870ec4f2bf7faf6b0ed69a47f47c9c1d6a88ad,No explicit SVG canvas/viewBox; verify importer bounds. One gameCharacter.svg has a corrected override.
work/full-audit/downloads/mega-assets-v1/jam-ready-assets.zip,jam-ready-assets/kenney-board-game-info/icons/Vector/Default/luck.svg,83f15bf4e84edafa853ec642ccf57bb665971295d5a9a0f5d4af4339c9b472af,No explicit SVG canvas/viewBox; verify importer bounds. One gameCharacter.svg has a corrected override.
work/full-audit/downloads/mega-assets-v1/jam-ready-assets.zip,jam-ready-assets/kenney-board-game-info/icons/Vector/Default/heavy.svg,e492e238fc495b14247393f2ac52eb3fe76a713b38a7d9da376860796a0fa74e,No explicit SVG canvas/viewBox; verify importer bounds. One gameCharacter.svg has a corrected override.
work/full-audit/downloads/mega-assets-v1/jam-ready-assets.zip,jam-ready-assets/kenney-board-game-info/icons/Vector/Default/pen_paper_text.svg,948eefd4512dd1ff88610047a770253928507bd97718ee7db487af688fd9947d,No explicit SVG canvas/viewBox; verify importer bounds. One gameCharacter.svg has a corrected override.
work/full-audit/downloads/mega-assets-v1/jam-ready-assets.zip,jam-ready-assets/kenney-board-game-info/icons/Vector/Default/blank_panel.svg,b03b27c5a51c43bfd32103c248017f0a649f9b82378ada153bdac707b9be0a6a,No explicit SVG canvas/viewBox; verify importer bounds. One gameCharacter.svg has a corrected override.
work/full-audit/downloads/mega-assets-v1/jam-ready-assets.zip,jam-ready-assets/kenney-board-game-info/icons/Vector/Default/ages_18.svg,659f001df70c4578bf79f60f24879b4f73f40a7a285acc342d7a7419e093e742,No explicit SVG canvas/viewBox; verify importer bounds. One gameCharacter.svg has a corrected override.
work/full-audit/downloads/mega-assets-v1/jam-ready-assets.zip,jam-ready-assets/kenney-board-game-info/icons/Vector/Default/cards.svg,a4c5c23a3917eab3c22097b839c0be3189d5aa9ea5ed60c2d1216243fda7430e,No explicit SVG canvas/viewBox; verify importer bounds. One gameCharacter.svg has a corrected override.
work/full-audit/downloads/mega-assets-v1/jam-ready-assets.zip,jam-ready-assets/kenney-board-game-info/icons/Vector/Default/duration_60.svg,b1c66b892299fd28efccb6c80e00c91a1fa93f0f57c8fd85c588139ec9d3008d,No explicit SVG canvas/viewBox; verify importer bounds. One gameCharacter.svg has a corrected override.
work/full-audit/downloads/mega-assets-v1/jam-ready-assets.zip,jam-ready-assets/kenney-board-game-info/icons/Vector/Default/players.svg,c76955448681cebd6041b717df4acb76c52c0bce53137e2c6bb2ce12bb9ee637,No explicit SVG canvas/viewBox; verify importer bounds. One gameCharacter.svg has a corrected override.
work/full-audit/downloads/mega-assets-v1/jam-ready-assets.zip,jam-ready-assets/kenney-board-game-info/icons/Vector/Default/duration_120.svg,f533610c57fda3544d9f9a4f9fe42fd229399e9753e91bba7a0940b255fd29d9,No explicit SVG canvas/viewBox; verify importer bounds. One gameCharacter.svg has a corrected override.
work/full-audit/downloads/mega-assets-v1/jam-ready-assets.zip,jam-ready-assets/kenney-board-game-info/icons/Vector/Default/tiles_text.svg,849b9bd3299658f6f298ef1bf74ae80c95568d9fc2474f10ca4c04f33ce1b91b,No explicit SVG canvas/viewBox; verify importer bounds. One gameCharacter.svg has a corrected override.
work/full-audit/downloads/mega-assets-v1/jam-ready-assets.zip,jam-ready-assets/kenney-board-game-info/icons/Vector/Default/players_1_10.svg,b357d6c97ef32122dd150aaf95ede76de457d44c7aaf5f4519baed3bff6d42a7,No explicit SVG canvas/viewBox; verify importer bounds. One gameCharacter.svg has a corrected override.
work/full-audit/downloads/mega-assets-v1/jam-ready-assets.zip,jam-ready-assets/kenney-board-game-info/icons/Vector/Default/luck_text.svg,fb74ab4b121cd7d96fadcf764ffaac10ad6b400ea5ec93280e53ff81b1d53097,No explicit SVG canvas/viewBox; verify importer bounds. One gameCharacter.svg has a corrected override.
work/full-audit/downloads/mega-assets-v1/jam-ready-assets.zip,jam-ready-assets/kenney-board-game-info/icons/Vector/Default/duration_90.svg,0bf97785ffac4107801fae0ffea3611370c97496dd44391aff798e7832d0f51a,No explicit SVG canvas/viewBox; verify importer bounds. One gameCharacter.svg has a corrected override.
work/full-audit/downloads/mega-assets-v1/jam-ready-assets.zip,jam-ready-assets/kenney-board-game-info/icons/Vector/Default/duration_45.svg,974aa5924d06bbab3ea68439e6011dd461ae0f6c0d3febe0d42c4fdbfe92d55c,No explicit SVG canvas/viewBox; verify importer bounds. One gameCharacter.svg has a corrected override.
work/full-audit/downloads/mega-assets-v1/jam-ready-assets.zip,jam-ready-assets/kenney-board-game-info/icons/Vector/Default/miniatures_text.svg,131912aee06f01d0f1d0e8c776b4555db45066bc78ff1ea7ab4c1ed15eaffc26,No explicit SVG canvas/viewBox; verify importer bounds. One gameCharacter.svg has a corrected override.
work/full-audit/downloads/mega-assets-v1/jam-ready-assets.zip,jam-ready-assets/kenney-board-game-info/icons/Vector/Default/players_2_4.svg,3ec13c64305cea4028d4e6dfb45959ded66c74b4eeb36b1c26d7942a56cc11cf,No explicit SVG canvas/viewBox; verify importer bounds. One gameCharacter.svg has a corrected override.
work/full-audit/downloads/mega-assets-v1/jam-ready-assets.zip,jam-ready-assets/kenney-board-game-info/icons/Vector/Default/light.svg,c75ae8e662d4d86e20007b3f08e61e10adbf2a8156a62d04a2758ccf77cd274a,No explicit SVG canvas/viewBox; verify importer bounds. One gameCharacter.svg has a corrected override.
work/full-audit/downloads/mega-assets-v1/jam-ready-assets.zip,jam-ready-assets/kenney-board-game-info/icons/Vector/Default/players_3_6.svg,ca383222b66fc07a9eac938408db4a9177e8ccec4092a0e22bf4152ef98e4e7e,No explicit SVG canvas/viewBox; verify importer bounds. One gameCharacter.svg has a corrected override.
work/full-audit/downloads/mega-assets-v1/jam-ready-assets.zip,jam-ready-assets/kenney-board-game-info/icons/Vector/Default/duration_20.svg,fc5ea2ec70627c1de1855a4ba939cdfeaff340e3eea5ac99378828cf7977e949,No explicit SVG canvas/viewBox; verify importer bounds. One gameCharacter.svg has a corrected override.
work/full-audit/downloads/mega-assets-v1/jam-ready-assets.zip,jam-ready-assets/kenney-board-game-info/icons/Vector/Default/ages_3.svg,51e7b0c927edc1824c9c69889230fc8de4332be3acbea062ba935b71ddbd2cc9,No explicit SVG canvas/viewBox; verify importer bounds. One gameCharacter.svg has a corrected override.
work/full-audit/downloads/mega-assets-v1/jam-ready-assets.zip,jam-ready-assets/kenney-board-game-info/icons/Vector/Default/knowledge_text.svg,01a9e752088014e7d2b1e5cd0a3f67a1bbbd9818f30571f87deae9d872376cee,No explicit SVG canvas/viewBox; verify importer bounds. One gameCharacter.svg has a corrected override.
work/full-audit/downloads/mega-assets-v1/jam-ready-assets.zip,jam-ready-assets/kenney-board-game-info/icons/Vector/Default/players_1_8.svg,53c3e6cfe997ece9d626d107d8de69bb630b0b0090d892eb3ef07161b60383cd,No explicit SVG canvas/viewBox; verify importer bounds. One gameCharacter.svg has a corrected override.
work/full-audit/downloads/mega-assets-v1/jam-ready-assets.zip,jam-ready-assets/kenney-board-game-info/icons/Vector/Default/players_3_9.svg,1ac64204003a7f9507a0af28aa29f17b98c90dd5258d1b8baa90c4cc815efb86,No explicit SVG canvas/viewBox; verify importer bounds. One gameCharacter.svg has a corrected override.
work/full-audit/downloads/mega-assets-v1/jam-ready-assets.zip,jam-ready-assets/kenney-board-game-info/icons/Vector/Default/players_2_7.svg,a3f18f34a9ba58fa30603541afd1d5b8162a4fbf39017b1176fb8c4db48cb23f,No explicit SVG canvas/viewBox; verify importer bounds. One gameCharacter.svg has a corrected override.
work/full-audit/downloads/mega-assets-v1/jam-ready-assets.zip,jam-ready-assets/kenney-platformer-bricks/2D/platformer/Vector/platformerBricks_vector.svg,e5253b407ba8c0dff2b6abbc82f3ca6ebf6ee00b5b47d1418966638bae803887,No explicit SVG canvas/viewBox; verify importer bounds. One gameCharacter.svg has a corrected override.
work/full-audit/downloads/mega-assets-v1/jam-ready-assets.zip,jam-ready-assets/kenney-emote-pack/2D/misc/Vector/emotes_vector.svg,543a65078ca368b77efbae1dd87a2eae28e0f1fa866b96ae142c276fb6d9a74c,No explicit SVG canvas/viewBox; verify importer bounds. One gameCharacter.svg has a corrected override.
work/full-audit/downloads/mega-assets-v1/jam-ready-assets.zip,jam-ready-assets/kenney-crosshair-pack/2D/misc/Vector/crosshairs_vector.svg,0be50fce4fee7b8d0cb03aef0595f287f6a5bfff4b86b9664ed36e3157624d15,No explicit SVG canvas/viewBox; verify importer bounds. One gameCharacter.svg has a corrected override.
work/full-audit/downloads/mega-assets-v1/jam-ready-assets.zip,jam-ready-assets/kenney-hexagon-base-pack/2D/strategy-hex/Vector/hexagonTiles_vector.svg,033074cbb6a9372e247f0bbda2ffbf2eb19945e6a4e90f20bf725aca3ce9598b,No explicit SVG canvas/viewBox; verify importer bounds. One gameCharacter.svg has a corrected override.
work/full-audit/downloads/mega-assets-v1/jam-ready-assets.zip,jam-ready-assets/kenney-ui-pack-sci-fi/ui/Vector/uipackSpace_vector.svg,1791acf3b86c4acb4b0a7692767892f6a346c0e7d0b78dc59d02db94811058a3,No explicit SVG canvas/viewBox; verify importer bounds. One gameCharacter.svg has a corrected override.
work/full-audit/downloads/mega-assets-v1/jam-ready-assets.zip,jam-ready-assets/kenney-platformer-assets-base/2D/platformer/Vector/platformer_enemies_vector.svg,3c27914ef6a5b2cd806247632ce7d7a8a3bbe3cb07e50ff2df0bc9969b493418,No explicit SVG canvas/viewBox; verify importer bounds. One gameCharacter.svg has a corrected override.
work/full-audit/downloads/mega-assets-v1/jam-ready-assets.zip,jam-ready-assets/kenney-platformer-assets-base/2D/platformer/Vector/platformer_tiles_vector.svg,5a3027ed339c138e5a11fee0b4220f7786f2ac3d27804d3f29ac4f6bb6b6e462,No explicit SVG canvas/viewBox; verify importer bounds. One gameCharacter.svg has a corrected override.
work/full-audit/downloads/mega-assets-v1/jam-ready-assets.zip,jam-ready-assets/kenney-platformer-assets-tile-extensions/2D/platformer/Vector/part1.svg,d57142709c2a7fee00edbf55a3e488f95742462bb36c8bb147dad34a095c0ec0,No explicit SVG canvas/viewBox; verify importer bounds. One gameCharacter.svg has a corrected override.
work/full-audit/downloads/mega-assets-v1/jam-ready-assets.zip,jam-ready-assets/kenney-platformer-assets-tile-extensions/2D/platformer/Vector/part2.svg,c4c11a3c1bae7a646644cb0482ba34f2e73cfffdfb99e8984b929da2dc8fe740,No explicit SVG canvas/viewBox; verify importer bounds. One gameCharacter.svg has a corrected override.
work/full-audit/downloads/mega-assets-v1/jam-ready-assets.zip,jam-ready-assets/kenney-block-pack/2D/prototype-blocks/Vector/RPGblocks_vector.svg,482810a2e65df44f69bfcf76b2dad92e9d1d69513f7582093f3d6bf37a99c2d5,No explicit SVG canvas/viewBox; verify importer bounds. One gameCharacter.svg has a corrected override.
work/full-audit/downloads/mega-assets-v1/jam-ready-assets.zip,jam-ready-assets/kenney-ranks-pack/2D/misc/Vector/ranks_black.svg,1f40a724bf87f3003e5aca185e54345b458aeb56e130b9f635b50168c9f87543,No explicit SVG canvas/viewBox; verify importer bounds. One gameCharacter.svg has a corrected override.
work/full-audit/downloads/mega-assets-v1/jam-ready-assets.zip,jam-ready-assets/kenney-ranks-pack/2D/misc/Vector/ranks_gold.svg,0ac852278d4a060ce9b2bab2e4c8e6999253358dcbbb6f72901536552a0b15fd,No explicit SVG canvas/viewBox; verify importer bounds. One gameCharacter.svg has a corrected override.
work/full-audit/downloads/mega-assets-v1/jam-ready-assets.zip,jam-ready-assets/kenney-ranks-pack/2D/misc/Vector/ranks_bronze.svg,737741344792518f804e106ef0b7f9c283643dcc07fce562cfce1f4ddf96875c,No explicit SVG canvas/viewBox; verify importer bounds. One gameCharacter.svg has a corrected override.
work/full-audit/downloads/mega-assets-v1/jam-ready-assets.zip,jam-ready-assets/kenney-ranks-pack/2D/misc/Vector/ranks_silver.svg,44a753c599ea92fa845f481bbf75f01d3788ac27ab1a53c729ddcf45135a976f,No explicit SVG canvas/viewBox; verify importer bounds. One gameCharacter.svg has a corrected override.
work/full-audit/downloads/mega-assets-v1/jam-ready-assets.zip,jam-ready-assets/kenney-scribble-platformer/2D/platformer/Vector/scribblePlatformer_vector.svg,1c9f412b835673ea0fd002a58bcfff942db24b8681fd2fd7bc9dd778c7dc22fe,No explicit SVG canvas/viewBox; verify importer bounds. One gameCharacter.svg has a corrected override.
work/full-audit/downloads/mega-assets-v1/jam-ready-assets.zip,jam-ready-assets/kenney-yellow-paint-pack/2D/prototype-blocks/Vector/paint_arrow_left.svg,c7998cba75c44f5253841b504d6702989ea3560071b13f3768e5a6ae722ce18d,No explicit SVG canvas/viewBox; verify importer bounds. One gameCharacter.svg has a corrected override.
work/full-audit/downloads/mega-assets-v1/jam-ready-assets.zip,jam-ready-assets/kenney-yellow-paint-pack/2D/prototype-blocks/Vector/paint_splat_a.svg,784326a486a7688047b35326719a7dcd38676a4ea03b610b1c0d6217a3e00b7b,No explicit SVG canvas/viewBox; verify importer bounds. One gameCharacter.svg has a corrected override.
work/full-audit/downloads/mega-assets-v1/jam-ready-assets.zip,jam-ready-assets/kenney-yellow-paint-pack/2D/prototype-blocks/Vector/paint_drips_a.svg,eac4d6af0eb0c2802fff7aff8ec4f767b278a7bb14e3ebfc6b1c2e8cb51c4ec3,No explicit SVG canvas/viewBox; verify importer bounds. One gameCharacter.svg has a corrected override.
work/full-audit/downloads/mega-assets-v1/jam-ready-assets.zip,jam-ready-assets/kenney-yellow-paint-pack/2D/prototype-blocks/Vector/paint_splat_b.svg,6b2203f58594b1c7db168aa47c589c0fd534805594f3afc7b106b229a3debe84,No explicit SVG canvas/viewBox; verify importer bounds. One gameCharacter.svg has a corrected override.
work/full-audit/downloads/mega-assets-v1/jam-ready-assets.zip,jam-ready-assets/kenney-yellow-paint-pack/2D/prototype-blocks/Vector/paint_drips_b.svg,81450ba5875fa2a0f7e0a0e7b100e8aaaa6e361762228b44e7d994286eed36cb,No explicit SVG canvas/viewBox; verify importer bounds. One gameCharacter.svg has a corrected override.
work/full-audit/downloads/mega-assets-v1/jam-ready-assets.zip,jam-ready-assets/kenney-yellow-paint-pack/2D/prototype-blocks/Vector/paint_splat_c.svg,16a5daedb43a5bc18813f6b0a35e6aa0cbdad4fad5aa45e4f383e0b0eb4d3cf6,No explicit SVG canvas/viewBox; verify importer bounds. One gameCharacter.svg has a corrected override.
work/full-audit/downloads/mega-assets-v1/jam-ready-assets.zip,jam-ready-assets/kenney-yellow-paint-pack/2D/prototype-blocks/Vector/paint_drips_c.svg,977638a19a15e61b7883b9efc67588a6eacbb4a4fd9f87393bafd17c22d7f954,No explicit SVG canvas/viewBox; verify importer bounds. One gameCharacter.svg has a corrected override.
work/full-audit/downloads/mega-assets-v1/jam-ready-assets.zip,jam-ready-assets/kenney-yellow-paint-pack/2D/prototype-blocks/Vector/paint_arrow_right.svg,24c746e716d92463bb67129e8827afaf72d4b4d60c14f988d7c723a08e492a07,No explicit SVG canvas/viewBox; verify importer bounds. One gameCharacter.svg has a corrected override.
work/full-audit/downloads/mega-assets-v1/jam-ready-assets.zip,jam-ready-assets/kenney-yellow-paint-pack/2D/prototype-blocks/Vector/paint_arrow_down.svg,795fe96f7d7835f634aba46fd96f46beda165af24b6886c3e44ece80e29e3b0a,No explicit SVG canvas/viewBox; verify importer bounds. One gameCharacter.svg has a corrected override.
work/full-audit/downloads/mega-assets-v1/jam-ready-assets.zip,jam-ready-assets/kenney-yellow-paint-pack/2D/prototype-blocks/Vector/paint_splat_d.svg,c0b0f1a3f2d3206a2fa5f8fe8129cef689e2fe1693a4e10be43be84db9613645,No explicit SVG canvas/viewBox; verify importer bounds. One gameCharacter.svg has a corrected override.
work/full-audit/downloads/mega-assets-v1/jam-ready-assets.zip,jam-ready-assets/kenney-yellow-paint-pack/2D/prototype-blocks/Vector/paint_circle_a.svg,c9893686922c09d0272f64895f9696888f6219876cd9fd5693a629e3d688afd7,No explicit SVG canvas/viewBox; verify importer bounds. One gameCharacter.svg has a corrected override.
work/full-audit/downloads/mega-assets-v1/jam-ready-assets.zip,jam-ready-assets/kenney-yellow-paint-pack/2D/prototype-blocks/Vector/paint_circle_b.svg,7dcdf6bb283b034d2543416366de2d912b69d5232dcd23606959b30020bb8801,No explicit SVG canvas/viewBox; verify importer bounds. One gameCharacter.svg has a corrected override.
work/full-audit/downloads/mega-assets-v1/jam-ready-assets.zip,jam-ready-assets/kenney-yellow-paint-pack/2D/prototype-blocks/Vector/paint_arrow_up.svg,146c49c23da1138b7c94488726c3654d7a5a89c99e849be5b51cc1c86297aabd,No explicit SVG canvas/viewBox; verify importer bounds. One gameCharacter.svg has a corrected override.
work/full-audit/downloads/mega-assets-expansion-v1/tiddybub-2d-assets.zip,tiddybub-2d-assets/misc/rolling-ball-assets/Vector/rollingBall_vector.svg,8051a4001db2ca4bcc6d6ae752d8bb294dde3e7fd2a028574d0a44643fd97c66,No explicit SVG canvas/viewBox; verify importer bounds. One gameCharacter.svg has a corrected override.
work/full-audit/downloads/mega-assets-expansion-v1/tiddybub-2d-assets.zip,tiddybub-2d-assets/misc/boardgame-pack/Vector/diceRed.svg,c2fcfe9830dcca47e4b74d531289d546ede1419943c8c72d8a7822938fc49549,No explicit SVG canvas/viewBox; verify importer bounds. One gameCharacter.svg has a corrected override.
work/full-audit/downloads/mega-assets-expansion-v1/tiddybub-2d-assets.zip,tiddybub-2d-assets/misc/boardgame-pack/Vector/piecesGreen.svg,c98d0cee52b11c6a52ab517277ac4eba3c3ab5e6844f96426f743c2aec0e4e14,No explicit SVG canvas/viewBox; verify importer bounds. One gameCharacter.svg has a corrected override.
work/full-audit/downloads/mega-assets-expansion-v1/tiddybub-2d-assets.zip,tiddybub-2d-assets/misc/boardgame-pack/Vector/diceWhite.svg,d7c7a0e2d25a0c46346edf2609b3282eb4bbb91455d3813b66efd15fccfd1d9e,No explicit SVG canvas/viewBox; verify importer bounds. One gameCharacter.svg has a corrected override.
work/full-audit/downloads/mega-assets-expansion-v1/tiddybub-2d-assets.zip,tiddybub-2d-assets/misc/boardgame-pack/Vector/playingCards.svg,37655544fd8915b27ac12900005b397dfd966830fbb50fffe41261945a6691cc,No explicit SVG canvas/viewBox; verify importer bounds. One gameCharacter.svg has a corrected override.
work/full-audit/downloads/mega-assets-expansion-v1/tiddybub-2d-assets.zip,tiddybub-2d-assets/misc/boardgame-pack/Vector/piecesBlack.svg,b287019fd8d193ea1e1ff7117d467ad7f96f8625033ca1b129932a9fa2984cb7,No explicit SVG canvas/viewBox; verify importer bounds. One gameCharacter.svg has a corrected override.
work/full-audit/downloads/mega-assets-expansion-v1/tiddybub-2d-assets.zip,tiddybub-2d-assets/misc/boardgame-pack/Vector/piecesWhite.svg,adbf8c422d181d523f84d95245ce7b47b105166c486cf15f78721bb2f0c80724,No explicit SVG canvas/viewBox; verify importer bounds. One gameCharacter.svg has a corrected override.
work/full-audit/downloads/mega-assets-expansion-v1/tiddybub-2d-assets.zip,tiddybub-2d-assets/misc/boardgame-pack/Vector/piecesRed.svg,827bfdf9af566a034e81f8ffe3f481fa1ac9ddf1840c4c9517b7cbc945661e5d,No explicit SVG canvas/viewBox; verify importer bounds. One gameCharacter.svg has a corrected override.
work/full-audit/downloads/mega-assets-expansion-v1/tiddybub-2d-assets.zip,tiddybub-2d-assets/misc/boardgame-pack/Vector/piecesBlue.svg,504b1823eb3bb1356f36583fe6b8a0215692fc01dc1d29f18a7c6340bca2e223,No explicit SVG canvas/viewBox; verify importer bounds. One gameCharacter.svg has a corrected override.
work/full-audit/downloads/mega-assets-expansion-v1/tiddybub-2d-assets.zip,tiddybub-2d-assets/misc/boardgame-pack/Vector/chips.svg,0e086a9bd8719aa3a9acbc277588da080f5445240bc75db4994dea032612dd23,No explicit SVG canvas/viewBox; verify importer bounds. One gameCharacter.svg has a corrected override.
work/full-audit/downloads/mega-assets-expansion-v1/tiddybub-2d-assets.zip,tiddybub-2d-assets/misc/boardgame-pack/Vector/piecesPurple.svg,2df26935a5baee14ebda359cb83fbd2700f6a84ac7295233140d9efceeeb2998,No explicit SVG canvas/viewBox; verify importer bounds. One gameCharacter.svg has a corrected override.
work/full-audit/downloads/mega-assets-expansion-v1/tiddybub-2d-assets.zip,tiddybub-2d-assets/misc/boardgame-pack/Vector/piecesYellow.svg,729c4d1c7936e979ad8d9f17e39cfe5454f6c5f176337dc93fbd7f0ebdf1637b,No explicit SVG canvas/viewBox; verify importer bounds. One gameCharacter.svg has a corrected override.
work/full-audit/downloads/mega-assets-expansion-v1/tiddybub-2d-assets.zip,tiddybub-2d-assets/misc/boardgame-pack/Vector/playingCards_back.svg,ad005f63e12ec21d42efab30e06abf8df267f5ecb37b5ceb2e15be520ef70d2e,No explicit SVG canvas/viewBox; verify importer bounds. One gameCharacter.svg has a corrected override.
work/full-audit/downloads/mega-assets-expansion-v1/tiddybub-2d-assets.zip,tiddybub-2d-assets/misc/yellow-paint-pack/Vector/paint_arrow_left.svg,c7998cba75c44f5253841b504d6702989ea3560071b13f3768e5a6ae722ce18d,No explicit SVG canvas/viewBox; verify importer bounds. One gameCharacter.svg has a corrected override.
work/full-audit/downloads/mega-assets-expansion-v1/tiddybub-2d-assets.zip,tiddybub-2d-assets/misc/yellow-paint-pack/Vector/paint_splat_a.svg,784326a486a7688047b35326719a7dcd38676a4ea03b610b1c0d6217a3e00b7b,No explicit SVG canvas/viewBox; verify importer bounds. One gameCharacter.svg has a corrected override.
work/full-audit/downloads/mega-assets-expansion-v1/tiddybub-2d-assets.zip,tiddybub-2d-assets/misc/yellow-paint-pack/Vector/paint_drips_a.svg,eac4d6af0eb0c2802fff7aff8ec4f767b278a7bb14e3ebfc6b1c2e8cb51c4ec3,No explicit SVG canvas/viewBox; verify importer bounds. One gameCharacter.svg has a corrected override.
work/full-audit/downloads/mega-assets-expansion-v1/tiddybub-2d-assets.zip,tiddybub-2d-assets/misc/yellow-paint-pack/Vector/paint_splat_b.svg,6b2203f58594b1c7db168aa47c589c0fd534805594f3afc7b106b229a3debe84,No explicit SVG canvas/viewBox; verify importer bounds. One gameCharacter.svg has a corrected override.
work/full-audit/downloads/mega-assets-expansion-v1/tiddybub-2d-assets.zip,tiddybub-2d-assets/misc/yellow-paint-pack/Vector/paint_drips_b.svg,81450ba5875fa2a0f7e0a0e7b100e8aaaa6e361762228b44e7d994286eed36cb,No explicit SVG canvas/viewBox; verify importer bounds. One gameCharacter.svg has a corrected override.
work/full-audit/downloads/mega-assets-expansion-v1/tiddybub-2d-assets.zip,tiddybub-2d-assets/misc/yellow-paint-pack/Vector/paint_splat_c.svg,16a5daedb43a5bc18813f6b0a35e6aa0cbdad4fad5aa45e4f383e0b0eb4d3cf6,No explicit SVG canvas/viewBox; verify importer bounds. One gameCharacter.svg has a corrected override.
work/full-audit/downloads/mega-assets-expansion-v1/tiddybub-2d-assets.zip,tiddybub-2d-assets/misc/yellow-paint-pack/Vector/paint_drips_c.svg,977638a19a15e61b7883b9efc67588a6eacbb4a4fd9f87393bafd17c22d7f954,No explicit SVG canvas/viewBox; verify importer bounds. One gameCharacter.svg has a corrected override.
work/full-audit/downloads/mega-assets-expansion-v1/tiddybub-2d-assets.zip,tiddybub-2d-assets/misc/yellow-paint-pack/Vector/paint_arrow_right.svg,24c746e716d92463bb67129e8827afaf72d4b4d60c14f988d7c723a08e492a07,No explicit SVG canvas/viewBox; verify importer bounds. One gameCharacter.svg has a corrected override.
work/full-audit/downloads/mega-assets-expansion-v1/tiddybub-2d-assets.zip,tiddybub-2d-assets/misc/yellow-paint-pack/Vector/paint_arrow_down.svg,795fe96f7d7835f634aba46fd96f46beda165af24b6886c3e44ece80e29e3b0a,No explicit SVG canvas/viewBox; verify importer bounds. One gameCharacter.svg has a corrected override.
work/full-audit/downloads/mega-assets-expansion-v1/tiddybub-2d-assets.zip,tiddybub-2d-assets/misc/yellow-paint-pack/Vector/paint_splat_d.svg,c0b0f1a3f2d3206a2fa5f8fe8129cef689e2fe1693a4e10be43be84db9613645,No explicit SVG canvas/viewBox; verify importer bounds. One gameCharacter.svg has a corrected override.
work/full-audit/downloads/mega-assets-expansion-v1/tiddybub-2d-assets.zip,tiddybub-2d-assets/misc/yellow-paint-pack/Vector/paint_circle_a.svg,c9893686922c09d0272f64895f9696888f6219876cd9fd5693a629e3d688afd7,No explicit SVG canvas/viewBox; verify importer bounds. One gameCharacter.svg has a corrected override.
work/full-audit/downloads/mega-assets-expansion-v1/tiddybub-2d-assets.zip,tiddybub-2d-assets/misc/yellow-paint-pack/Vector/paint_circle_b.svg,7dcdf6bb283b034d2543416366de2d912b69d5232dcd23606959b30020bb8801,No explicit SVG canvas/viewBox; verify importer bounds. One gameCharacter.svg has a corrected override.
work/full-audit/downloads/mega-assets-expansion-v1/tiddybub-2d-assets.zip,tiddybub-2d-assets/misc/yellow-paint-pack/Vector/paint_arrow_up.svg,146c49c23da1138b7c94488726c3654d7a5a89c99e849be5b51cc1c86297aabd,No explicit SVG canvas/viewBox; verify importer bounds. One gameCharacter.svg has a corrected override.
work/full-audit/downloads/mega-assets-expansion-v1/tiddybub-2d-assets.zip,tiddybub-2d-assets/misc/generic-items/Vector/genericItems_vector_colored.svg,bcc8ca519b57c88f25e2348157161597e61e74637a89d9a9bbd83fa751be67aa,No explicit SVG canvas/viewBox; verify importer bounds. One gameCharacter.svg has a corrected override.
work/full-audit/downloads/mega-assets-expansion-v1/tiddybub-2d-assets.zip,tiddybub-2d-assets/vehicles/tappy-plane/Vector/tappyPlane_vector.svg,f3923241160a982a7876d6806b7bd2632002a15208a7e1cc6cd188b7e2362726,No explicit SVG canvas/viewBox; verify importer bounds. One gameCharacter.svg has a corrected override.
work/full-audit/downloads/mega-assets-expansion-v1/tiddybub-2d-assets.zip,tiddybub-2d-assets/vehicles/racing-pack/Vector/vector_roads.svg,237eb10c9fb9eb56b3645907d6f7346d2abe3ea4062e1b86ca0c167b163a83b5,No explicit SVG canvas/viewBox; verify importer bounds. One gameCharacter.svg has a corrected override.
work/full-audit/downloads/mega-assets-expansion-v1/tiddybub-2d-assets.zip,tiddybub-2d-assets/vehicles/racing-pack/Vector/vector_objects.svg,01feb55fb49746dc8bb9c215a95d3d8b00fd9d3a8c1af8c0bd250138cbd5eea4,No explicit SVG canvas/viewBox; verify importer bounds. One gameCharacter.svg has a corrected override.
work/full-audit/downloads/mega-assets-expansion-v1/tiddybub-2d-assets.zip,tiddybub-2d-assets/vehicles/racing-pack/Vector/vector_land.svg,a04f5be1c6907db61b96212f20ef3415c6e7a547724062d20df06a69660d74da,No explicit SVG canvas/viewBox; verify importer bounds. One gameCharacter.svg has a corrected override.
work/full-audit/downloads/mega-assets-expansion-v1/tiddybub-2d-assets.zip,tiddybub-2d-assets/vehicles/top-down-tanks/Vector/vector_tanks.svg,ea12b510ad13c885b9d3a40037faeea149c76442a328feeffeb308806aa834e4,No explicit SVG canvas/viewBox; verify importer bounds. One gameCharacter.svg has a corrected override.
work/full-audit/downloads/mega-assets-expansion-v1/tiddybub-2d-assets.zip,tiddybub-2d-assets/vehicles/top-down-tanks-remastered/Vector/topdownTanks_vector.svg,ed61b694f4b0623772067261f0205f6e5fcc09a5da854ebacee36ad708ce6cfb,No explicit SVG canvas/viewBox; verify importer bounds. One gameCharacter.svg has a corrected override.
work/full-audit/downloads/mega-assets-expansion-v1/tiddybub-2d-assets.zip,tiddybub-2d-assets/characters/monster-builder-pack/Vector/overview.svg,75a1ff0350b1e0e8aa704380d7f5624770f4ee41d54a83b490c2fabf29878b36,No explicit SVG canvas/viewBox; verify importer bounds. One gameCharacter.svg has a corrected override.
work/full-audit/downloads/mega-assets-expansion-v1/tiddybub-2d-assets.zip,tiddybub-2d-assets/characters/animal-pack/Vector/round.svg,26c9137992623ca9a731614cc5b58ae7c79b7214f8ddd0c40352a9b4660ec676,No explicit SVG canvas/viewBox; verify importer bounds. One gameCharacter.svg has a corrected override.
work/full-audit/downloads/mega-assets-expansion-v1/tiddybub-2d-assets.zip,tiddybub-2d-assets/characters/animal-pack/Vector/round_nodetails_outline.svg,698eb5db144e995f4775a0ca26c345d369c329ff66386c78dfa5b767871f6407,No explicit SVG canvas/viewBox; verify importer bounds. One gameCharacter.svg has a corrected override.
work/full-audit/downloads/mega-assets-expansion-v1/tiddybub-2d-assets.zip,tiddybub-2d-assets/characters/animal-pack/Vector/square_outline.svg,d73c7ce49c3a28ca8aeb5328b1078eb909c715b72b05422af50875eb6f1a4758,No explicit SVG canvas/viewBox; verify importer bounds. One gameCharacter.svg has a corrected override.
work/full-audit/downloads/mega-assets-expansion-v1/tiddybub-2d-assets.zip,tiddybub-2d-assets/characters/animal-pack/Vector/round_nodetails.svg,d74db1ef81df175589d0b0d2eb6194049b2e712477883b9a98c02c648a57bc30,No explicit SVG canvas/viewBox; verify importer bounds. One gameCharacter.svg has a corrected override.
work/full-audit/downloads/mega-assets-expansion-v1/tiddybub-2d-assets.zip,tiddybub-2d-assets/characters/animal-pack/Vector/square_nodetails.svg,6236eb8e9c08f23a714bf9f88c0948767503c909d0366a646b4af4fd2834360e,No explicit SVG canvas/viewBox; verify importer bounds. One gameCharacter.svg has a corrected override.
work/full-audit/downloads/mega-assets-expansion-v1/tiddybub-2d-assets.zip,tiddybub-2d-assets/characters/animal-pack/Vector/square_nodetails_outline.svg,3b513dfd709747d7b28581e4e33c89e25754c26e836f24233b2c2f84675949bd,No explicit SVG canvas/viewBox; verify importer bounds. One gameCharacter.svg has a corrected override.
work/full-audit/downloads/mega-assets-expansion-v1/tiddybub-2d-assets.zip,tiddybub-2d-assets/characters/animal-pack/Vector/square.svg,1798241202d2f85bdce66bd488e509299011294a18edb9dcf1f33a0690962528,No explicit SVG canvas/viewBox; verify importer bounds. One gameCharacter.svg has a corrected override.
work/full-audit/downloads/mega-assets-expansion-v1/tiddybub-2d-assets.zip,tiddybub-2d-assets/characters/animal-pack/Vector/round_outline.svg,d22aa2d12eba6be0f9224df9ea1ca0040e0e1973114a7cd9633588d1adc05ba0,No explicit SVG canvas/viewBox; verify importer bounds. One gameCharacter.svg has a corrected override.
work/full-audit/downloads/mega-assets-expansion-v1/tiddybub-2d-assets.zip,tiddybub-2d-assets/characters/oga-game-character/char_source_2.0_unpacked/Vector/gameCharacter.svg,a5b3897d414d1707b368952cd5a60e3a3435bb31b2dfcfb402308f730418adaf,No explicit SVG canvas/viewBox; verify importer bounds. One gameCharacter.svg has a corrected override.
work/full-audit/downloads/mega-assets-expansion-v1/tiddybub-2d-assets.zip,tiddybub-2d-assets/characters/modular-characters/Vector/vector_pants.svg,c687f64805fc968e5f10c24aef7f60de4e9dd52d7a079fc1d13c1314640a0a1d,No explicit SVG canvas/viewBox; verify importer bounds. One gameCharacter.svg has a corrected override.
work/full-audit/downloads/mega-assets-expansion-v1/tiddybub-2d-assets.zip,tiddybub-2d-assets/characters/modular-characters/Vector/vector_hair.svg,4138f485fc3db40e2534afe4a16e8c6f79f87077aff45ad076ae9ae1bf3068ed,No explicit SVG canvas/viewBox; verify importer bounds. One gameCharacter.svg has a corrected override.
work/full-audit/downloads/mega-assets-expansion-v1/tiddybub-2d-assets.zip,tiddybub-2d-assets/characters/modular-characters/Vector/vector_shoes.svg,03bcabbd5814246f933d9f91a5042f9bbacb36e20b58c95b48b56bccc482a63b,No explicit SVG canvas/viewBox; verify importer bounds. One gameCharacter.svg has a corrected override.
work/full-audit/downloads/mega-assets-expansion-v1/tiddybub-2d-assets.zip,tiddybub-2d-assets/characters/modular-characters/Vector/vector_face.svg,589788607f5cb5ee7de94b09821f105e9ae2ef74bfa5a758ab8e70216997354e,No explicit SVG canvas/viewBox; verify importer bounds. One gameCharacter.svg has a corrected override.
work/full-audit/downloads/mega-assets-expansion-v1/tiddybub-2d-assets.zip,tiddybub-2d-assets/characters/modular-characters/Vector/vector_shirts.svg,4c6a03de52da3146a22b4177f8351cff151a8ae746ff30614a1779ff579a5368,No explicit SVG canvas/viewBox; verify importer bounds. One gameCharacter.svg has a corrected override.
work/full-audit/downloads/mega-assets-expansion-v1/tiddybub-2d-assets.zip,tiddybub-2d-assets/characters/modular-characters/Vector/vector_skin.svg,0179a0a144d3f9576bbcbf66f1eae3b9dc7a45b9393633e74850a13e5e77aa98,No explicit SVG canvas/viewBox; verify importer bounds. One gameCharacter.svg has a corrected override.
work/full-audit/downloads/mega-assets-expansion-v1/tiddybub-2d-assets.zip,tiddybub-2d-assets/characters/animal-pack-remastered/Vector/roundOutline.svg,61bcbbd7196c9e6cf6df2bd1b9aa678c8ba2de043c40080070b6b794adfdd0de,No explicit SVG canvas/viewBox; verify importer bounds. One gameCharacter.svg has a corrected override.
work/full-audit/downloads/mega-assets-expansion-v1/tiddybub-2d-assets.zip,tiddybub-2d-assets/characters/animal-pack-remastered/Vector/round.svg,23b35fd808a5196343625863409b6d2fa117a33e545c8c94718fe5e70963805f,No explicit SVG canvas/viewBox; verify importer bounds. One gameCharacter.svg has a corrected override.
work/full-audit/downloads/mega-assets-expansion-v1/tiddybub-2d-assets.zip,tiddybub-2d-assets/characters/animal-pack-remastered/Vector/round_nodetailsOutline.svg,b803c2e74efd2b41e0bf5753b3960660dc7e99e9a5449371303ab941bdded014,No explicit SVG canvas/viewBox; verify importer bounds. One gameCharacter.svg has a corrected override.
work/full-audit/downloads/mega-assets-expansion-v1/tiddybub-2d-assets.zip,tiddybub-2d-assets/characters/animal-pack-remastered/Vector/square_nodetailsOutline.svg,851bf4eb8fac338a9ac0ebae8d72dbbc0322e70fd6d375a419d47e5c1a5cb0a8,No explicit SVG canvas/viewBox; verify importer bounds. One gameCharacter.svg has a corrected override.
work/full-audit/downloads/mega-assets-expansion-v1/tiddybub-2d-assets.zip,tiddybub-2d-assets/characters/animal-pack-remastered/Vector/round_nodetails.svg,47871133ebf79fbfc9f1be6d29e3be9f4365b2e508ef3ac92e6cb00c3ee4de24,No explicit SVG canvas/viewBox; verify importer bounds. One gameCharacter.svg has a corrected override.
work/full-audit/downloads/mega-assets-expansion-v1/tiddybub-2d-assets.zip,tiddybub-2d-assets/characters/animal-pack-remastered/Vector/square_nodetails.svg,f7e080622286a264627c3e6a88d1022e53de925c476600d54adf1612c175c10c,No explicit SVG canvas/viewBox; verify importer bounds. One gameCharacter.svg has a corrected override.
work/full-audit/downloads/mega-assets-expansion-v1/tiddybub-2d-assets.zip,tiddybub-2d-assets/characters/animal-pack-remastered/Vector/square.svg,8854d35e08c07ea55cfbf2ca4afd404cc5bbab661b59e7cb89c088c4c86a48dc,No explicit SVG canvas/viewBox; verify importer bounds. One gameCharacter.svg has a corrected override.
work/full-audit/downloads/mega-assets-expansion-v1/tiddybub-2d-assets.zip,tiddybub-2d-assets/characters/animal-pack-remastered/Vector/squareOutline.svg,12b17b978f1c5dc51513db90fdf7a180031e167587acbb431275e4fe96131498,No explicit SVG canvas/viewBox; verify importer bounds. One gameCharacter.svg has a corrected override.
work/full-audit/downloads/mega-assets-expansion-v1/tiddybub-2d-assets.zip,tiddybub-2d-assets/characters/voxel-pack/Vector/vector_other.svg,32ca4538798f5301b917e675927809f797a40fd39209101fabab8323a1923635,No explicit SVG canvas/viewBox; verify importer bounds. One gameCharacter.svg has a corrected override.
work/full-audit/downloads/mega-assets-expansion-v1/tiddybub-2d-assets.zip,tiddybub-2d-assets/characters/voxel-pack/Vector/vector_characters.svg,c507b39c5160e2b0e5579519e01b90d85bec8225d0886db2158fbcb560476a5d,No explicit SVG canvas/viewBox; verify importer bounds. One gameCharacter.svg has a corrected override.
work/full-audit/downloads/mega-assets-expansion-v1/tiddybub-2d-assets.zip,tiddybub-2d-assets/characters/voxel-pack/Vector/vector_tiles_items.svg,e124ba598b861c44775a1f6f49fb60a434b5c9bed6869fc6f6ee10cbd19b72e9,No explicit SVG canvas/viewBox; verify importer bounds. One gameCharacter.svg has a corrected override.
work/full-audit/downloads/mega-assets-expansion-v1/tiddybub-2d-assets.zip,tiddybub-2d-assets/characters/platformer-pack-remastered/Vector/vector_enemies.svg,d08294ebc14efc577e2149f064b48a8d4596266493bf697ff52aa890701271bf,No explicit SVG canvas/viewBox; verify importer bounds. One gameCharacter.svg has a corrected override.
work/full-audit/downloads/mega-assets-expansion-v1/tiddybub-2d-assets.zip,tiddybub-2d-assets/characters/platformer-art-extended-enemies/Vector/enemies.svg,eb75bc67a248990ec6b669a2f1d2378c832ebff4bb8d2bd2c8f9999c65a77c58,No explicit SVG canvas/viewBox; verify importer bounds. One gameCharacter.svg has a corrected override.
work/full-audit/downloads/mega-assets-expansion-v1/tiddybub-2d-assets.zip,tiddybub-2d-assets/characters/platformer-art-extended-enemies/Vector/aliens.svg,ad724fd1a6db35e09260aa77ab81e2277fff993e0fb2d24425f9dda5031cdfa6,No explicit SVG canvas/viewBox; verify importer bounds. One gameCharacter.svg has a corrected override.
work/full-audit/downloads/mega-assets-expansion-v1/tiddybub-2d-assets.zip,tiddybub-2d-assets/ui/crosshair-pack/Vector/crosshairs_vector.svg,0be50fce4fee7b8d0cb03aef0595f287f6a5bfff4b86b9664ed36e3157624d15,No explicit SVG canvas/viewBox; verify importer bounds. One gameCharacter.svg has a corrected override.
work/full-audit/downloads/mega-assets-expansion-v1/tiddybub-2d-assets.zip,tiddybub-2d-assets/ui/board-game-icons/Vector/overview.svg,99e94f09ccc44427bd4870adfea5a982530b512ccaa5ddd53df53c559d85b92b,No explicit SVG canvas/viewBox; verify importer bounds. One gameCharacter.svg has a corrected override.
work/full-audit/downloads/mega-assets-expansion-v1/tiddybub-2d-assets.zip,tiddybub-2d-assets/ui/board-game-icons/Vector/Icons/pawn.svg,37ef84528850c62cac3bdaeaa67f7676664bd8a15f828f4b2300ccc2fde8dd6f,No explicit SVG canvas/viewBox; verify importer bounds. One gameCharacter.svg has a corrected override.
work/full-audit/downloads/mega-assets-expansion-v1/tiddybub-2d-assets.zip,tiddybub-2d-assets/ui/board-game-icons/Vector/Icons/spinner_segment.svg,c7ff327d401860ee529ccf28ba9243c8aed57351abfbcfd0b072c0e291621a68,No explicit SVG canvas/viewBox; verify importer bounds. One gameCharacter.svg has a corrected override.
work/full-audit/downloads/mega-assets-expansion-v1/tiddybub-2d-assets.zip,tiddybub-2d-assets/ui/board-game-icons/Vector/Icons/cards_collection_outline.svg,c49500e05c164e3b56727da471e2847de470927c88e5121adfa74e776c03ec10,No explicit SVG canvas/viewBox; verify importer bounds. One gameCharacter.svg has a corrected override.
work/full-audit/downloads/mega-assets-expansion-v1/tiddybub-2d-assets.zip,tiddybub-2d-assets/ui/board-game-icons/Vector/Icons/hexagon_switch.svg,ef2cd18c2988fb563be3c47017d1f588ee8cf233870800a6217e58fdfcabb7a2,No explicit SVG canvas/viewBox; verify importer bounds. One gameCharacter.svg has a corrected override.
work/full-audit/downloads/mega-assets-expansion-v1/tiddybub-2d-assets.zip,tiddybub-2d-assets/ui/board-game-icons/Vector/Icons/d4.svg,4b7be896ab9e965f8baa5e93cd8262d334d5f411126d5b244d74a22b0a3ddce4,No explicit SVG canvas/viewBox; verify importer bounds. One gameCharacter.svg has a corrected override.
work/full-audit/downloads/mega-assets-expansion-v1/tiddybub-2d-assets.zip,tiddybub-2d-assets/ui/board-game-icons/Vector/Icons/timer_100.svg,e0449203117a6642bdaf9c1c5ed083eacab6d626f53a2085d4c8e6f502551853,No explicit SVG canvas/viewBox; verify importer bounds. One gameCharacter.svg has a corrected override.
work/full-audit/downloads/mega-assets-expansion-v1/tiddybub-2d-assets.zip,tiddybub-2d-assets/ui/board-game-icons/Vector/Icons/d10_number.svg,89d660aec183e45a742fe8b1ee218f7d3ba70a3b1fd38927b98382b63ad197f5,No explicit SVG canvas/viewBox; verify importer bounds. One gameCharacter.svg has a corrected override.
work/full-audit/downloads/mega-assets-expansion-v1/tiddybub-2d-assets.zip,tiddybub-2d-assets/ui/board-game-icons/Vector/Icons/cards_seek.svg,504b8917b139e91238c7b6502931f1ec42a9b672234ec5ff7067e61be1958ee3,No explicit SVG canvas/viewBox; verify importer bounds. One gameCharacter.svg has a corrected override.
work/full-audit/downloads/mega-assets-expansion-v1/tiddybub-2d-assets.zip,tiddybub-2d-assets/ui/board-game-icons/Vector/Icons/card_flipdouble.svg,4a5cd2c673550b27a15ee881096b10ee5e2b96aec6859a11db5ef307a911d528,No explicit SVG canvas/viewBox; verify importer bounds. One gameCharacter.svg has a corrected override.
work/full-audit/downloads/mega-assets-expansion-v1/tiddybub-2d-assets.zip,tiddybub-2d-assets/ui/board-game-icons/Vector/Icons/card.svg,3c35826a1d11ceb373301ba60a862bf13b4a26a73c7ce33569d35e4e966e76f5,No explicit SVG canvas/viewBox; verify importer bounds. One gameCharacter.svg has a corrected override.
work/full-audit/downloads/mega-assets-expansion-v1/tiddybub-2d-assets.zip,tiddybub-2d-assets/ui/board-game-icons/Vector/Icons/tag_d6_6.svg,7d6dd46040f2177ef18cd090d8888ee864e0267b17d60d6bbb7c826900493496,No explicit SVG canvas/viewBox; verify importer bounds. One gameCharacter.svg has a corrected override.
work/full-audit/downloads/mega-assets-expansion-v1/tiddybub-2d-assets.zip,tiddybub-2d-assets/ui/board-game-icons/Vector/Icons/d6_outline_number.svg,84f056574ed771cec6a0e1a6ba2fc2b34ad5464002e4db21310c39474386041d,No explicit SVG canvas/viewBox; verify importer bounds. One gameCharacter.svg has a corrected override.
work/full-audit/downloads/mega-assets-expansion-v1/tiddybub-2d-assets.zip,tiddybub-2d-assets/ui/board-game-icons/Vector/Icons/hexagon.svg,f4fd13be6773e69ba345125b9832e53e614542b99127313820b0b294df599f60,No explicit SVG canvas/viewBox; verify importer bounds. One gameCharacter.svg has a corrected override.
work/full-audit/downloads/mega-assets-expansion-v1/tiddybub-2d-assets.zip,tiddybub-2d-assets/ui/board-game-icons/Vector/Icons/d12_number.svg,768989502f33666e5cd650c301a42e9f78bdd861c70ce750c609dd6c66345cbf,No explicit SVG canvas/viewBox; verify importer bounds. One gameCharacter.svg has a corrected override.
work/full-audit/downloads/mega-assets-expansion-v1/tiddybub-2d-assets.zip,tiddybub-2d-assets/ui/board-game-icons/Vector/Icons/character_lift.svg,dcacb9ca5266e09f7ea6821d75938ba5227e0a95e2e45d6547f210f805bd84a6,No explicit SVG canvas/viewBox; verify importer bounds. One gameCharacter.svg has a corrected override.
work/full-audit/downloads/mega-assets-expansion-v1/tiddybub-2d-assets.zip,tiddybub-2d-assets/ui/board-game-icons/Vector/Icons/timer_CW_25.svg,5395a9fc524914fcbdb841da304a157d1e2b0149c196c50cb21a7731ee7ea201,No explicit SVG canvas/viewBox; verify importer bounds. One gameCharacter.svg has a corrected override.
work/full-audit/downloads/mega-assets-expansion-v1/tiddybub-2d-assets.zip,tiddybub-2d-assets/ui/board-game-icons/Vector/Icons/cards_under.svg,50dc29e1317117395fef84cfd9bb536d0d0d41ad8cb5b3798ec4b9248da43988,No explicit SVG canvas/viewBox; verify importer bounds. One gameCharacter.svg has a corrected override.
work/full-audit/downloads/mega-assets-expansion-v1/tiddybub-2d-assets.zip,tiddybub-2d-assets/ui/board-game-icons/Vector/Icons/cards_shuffle.svg,0ca173fb39e35dbaacd4562c7a4fa1fad1f0f0deecf64c72650639fdb4f370d2,No explicit SVG canvas/viewBox; verify importer bounds. One gameCharacter.svg has a corrected override.
work/full-audit/downloads/mega-assets-expansion-v1/tiddybub-2d-assets.zip,tiddybub-2d-assets/ui/board-game-icons/Vector/Icons/arrow_horizontal.svg,e4714adc58ebe93b3888fe45c798ae412bc17d58ea094730995880ad46407de9,No explicit SVG canvas/viewBox; verify importer bounds. One gameCharacter.svg has a corrected override.
work/full-audit/downloads/mega-assets-expansion-v1/tiddybub-2d-assets.zip,tiddybub-2d-assets/ui/board-game-icons/Vector/Icons/tag_shield.svg,1674a6edbd1d73c4f54e99dcf9204d6f8af9a5666174870ddbb28299be9b17f7,No explicit SVG canvas/viewBox; verify importer bounds. One gameCharacter.svg has a corrected override.
work/full-audit/downloads/mega-assets-expansion-v1/tiddybub-2d-assets.zip,tiddybub-2d-assets/ui/board-game-icons/Vector/Icons/arrow_right_curve.svg,bf5d988deceb6e67ae46673652cee8830b7ca4cb67854acf06254b6b9baf96ef,No explicit SVG canvas/viewBox; verify importer bounds. One gameCharacter.svg has a corrected override.
work/full-audit/downloads/mega-assets-expansion-v1/tiddybub-2d-assets.zip,tiddybub-2d-assets/ui/board-game-icons/Vector/Icons/tag_d6_4.svg,747d73bb4efc8d5adc8c13f5a2990df22422689bdfd798a31ddeeae0c24242a7,No explicit SVG canvas/viewBox; verify importer bounds. One gameCharacter.svg has a corrected override.
work/full-audit/downloads/mega-assets-expansion-v1/tiddybub-2d-assets.zip,tiddybub-2d-assets/ui/board-game-icons/Vector/Icons/arrow_reserve.svg,99c6a5f08bfa22983fd5fa156c8d2265c28f779cba83087ead50921e209fe5d7,No explicit SVG canvas/viewBox; verify importer bounds. One gameCharacter.svg has a corrected override.
work/full-audit/downloads/mega-assets-expansion-v1/tiddybub-2d-assets.zip,tiddybub-2d-assets/ui/board-game-icons/Vector/Icons/tag_shield_3.svg,a6ccab09a820c5dc06991e25a4ae23025cf97f7817bfdfe7ca27b8f138223164,No explicit SVG canvas/viewBox; verify importer bounds. One gameCharacter.svg has a corrected override.
work/full-audit/downloads/mega-assets-expansion-v1/tiddybub-2d-assets.zip,tiddybub-2d-assets/ui/board-game-icons/Vector/Icons/d4_outline_number.svg,614cbc228a840a7ba9790574d85f66035f420e3ec553859d90d2b5c5b6e0edb9,No explicit SVG canvas/viewBox; verify importer bounds. One gameCharacter.svg has a corrected override.
work/full-audit/downloads/mega-assets-expansion-v1/tiddybub-2d-assets.zip,tiddybub-2d-assets/ui/board-game-icons/Vector/Icons/d20_outline.svg,1cbe5daa66c51bfb75be313f5af9a8ed941ea7acbbe05668627fe7ad97b8b58d,No explicit SVG canvas/viewBox; verify importer bounds. One gameCharacter.svg has a corrected override.
work/full-audit/downloads/mega-assets-expansion-v1/tiddybub-2d-assets.zip,tiddybub-2d-assets/ui/board-game-icons/Vector/Icons/token.svg,26cc57281358a30a605f4a4c0a264361dbbfb73f36c4692d97c253d8cff10489,No explicit SVG canvas/viewBox; verify importer bounds. One gameCharacter.svg has a corrected override.
work/full-audit/downloads/mega-assets-expansion-v1/tiddybub-2d-assets.zip,tiddybub-2d-assets/ui/board-game-icons/Vector/Icons/dice_2.svg,375ce3988f4b1e4d658fb3a752569e99704a332fc316b6f3b1ba0ebfe24d2f87,No explicit SVG canvas/viewBox; verify importer bounds. One gameCharacter.svg has a corrected override.
work/full-audit/downloads/mega-assets-expansion-v1/tiddybub-2d-assets.zip,tiddybub-2d-assets/ui/board-game-icons/Vector/Icons/cards_diagonal.svg,fbcdef9d0a45f6eceea5bc79718cabbc821cb768c7a9a2f25c3b8635b0591704,No explicit SVG canvas/viewBox; verify importer bounds. One gameCharacter.svg has a corrected override.
work/full-audit/downloads/mega-assets-expansion-v1/tiddybub-2d-assets.zip,tiddybub-2d-assets/ui/board-game-icons/Vector/Icons/dice_3D.svg,661a3a971f4b9ce3e26cdc21d6037c7e88d3c473b7cfc4b8f358c264d46af7f8,No explicit SVG canvas/viewBox; verify importer bounds. One gameCharacter.svg has a corrected override.
work/full-audit/downloads/mega-assets-expansion-v1/tiddybub-2d-assets.zip,tiddybub-2d-assets/ui/board-game-icons/Vector/Icons/award.svg,17b4124c1228cf9524b56757c9b446b20a03273049aae0f6690c7263590772a6,No explicit SVG canvas/viewBox; verify importer bounds. One gameCharacter.svg has a corrected override.
work/full-audit/downloads/mega-assets-expansion-v1/tiddybub-2d-assets.zip,tiddybub-2d-assets/ui/board-game-icons/Vector/Icons/tag_10.svg,dd526a2980dcd888790c49cca3a923961fbc6a922bc14bfe108f00a16719c695,No explicit SVG canvas/viewBox; verify importer bounds. One gameCharacter.svg has a corrected override.
work/full-audit/downloads/mega-assets-expansion-v1/tiddybub-2d-assets.zip,tiddybub-2d-assets/ui/board-game-icons/Vector/Icons/dice.svg,1e1ab0c29c979d86de63fca8144711a5c21d9b35b8b413f1b0918c0f571ecfdb,No explicit SVG canvas/viewBox; verify importer bounds. One gameCharacter.svg has a corrected override.
work/full-audit/downloads/mega-assets-expansion-v1/tiddybub-2d-assets.zip,tiddybub-2d-assets/ui/board-game-icons/Vector/Icons/d2_outline.svg,1f2bb87bfcb6b943ea367c272130ca0f0167816653549b69b0e1e126f8e14a0f,No explicit SVG canvas/viewBox; verify importer bounds. One gameCharacter.svg has a corrected override.
work/full-audit/downloads/mega-assets-expansion-v1/tiddybub-2d-assets.zip,tiddybub-2d-assets/ui/board-game-icons/Vector/Icons/flip_full.svg,a7323bd1b8fd1a1252d001a971a1f8006c52a0671b2047d4f2acf749412c9a2a,No explicit SVG canvas/viewBox; verify importer bounds. One gameCharacter.svg has a corrected override.
work/full-audit/downloads/mega-assets-expansion-v1/tiddybub-2d-assets.zip,tiddybub-2d-assets/ui/board-game-icons/Vector/Icons/structure_wall.svg,028ab03417114f11dec4f710deac8b56f21bbb9cc7462abb6748613f42949715,No explicit SVG canvas/viewBox; verify importer bounds. One gameCharacter.svg has a corrected override.
work/full-audit/downloads/mega-assets-expansion-v1/tiddybub-2d-assets.zip,tiddybub-2d-assets/ui/board-game-icons/Vector/Icons/pawn_counterclockwise.svg,fb157264f2fb0a54035aba39dd6cfac97fbe0e469d3fdc6f80c54aec8cafb1a3,No explicit SVG canvas/viewBox; verify importer bounds. One gameCharacter.svg has a corrected override.
work/full-audit/downloads/mega-assets-expansion-v1/tiddybub-2d-assets.zip,tiddybub-2d-assets/ui/board-game-icons/Vector/Icons/d12.svg,c85f9b1592e607636e5b843e87005b49e7352077b990bef0bef2d87f73ce01aa,No explicit SVG canvas/viewBox; verify importer bounds. One gameCharacter.svg has a corrected override.
work/full-audit/downloads/mega-assets-expansion-v1/tiddybub-2d-assets.zip,tiddybub-2d-assets/ui/board-game-icons/Vector/Icons/dice_4.svg,ef9c9c47c3691f0db6151b2a4e1844f1a18b3ad24f435c176e66058e5e32e5e4,No explicit SVG canvas/viewBox; verify importer bounds. One gameCharacter.svg has a corrected override.
work/full-audit/downloads/mega-assets-expansion-v1/tiddybub-2d-assets.zip,tiddybub-2d-assets/ui/board-game-icons/Vector/Icons/resource_iron.svg,90afaee73fa8b64f0fe63eb2f62e84de2c410b0d385da1900c985bc4617f2bd1,No explicit SVG canvas/viewBox; verify importer bounds. One gameCharacter.svg has a corrected override.
work/full-audit/downloads/mega-assets-expansion-v1/tiddybub-2d-assets.zip,tiddybub-2d-assets/ui/board-game-icons/Vector/Icons/tag_shield_10.svg,827f311165da7a554ed335b6ee81d68478511215f9bca61946ec5940e5c18f52,No explicit SVG canvas/viewBox; verify importer bounds. One gameCharacter.svg has a corrected override.
work/full-audit/downloads/mega-assets-expansion-v1/tiddybub-2d-assets.zip,tiddybub-2d-assets/ui/board-game-icons/Vector/Icons/d10_outline_number.svg,263d5c0b7fd82ceb71654ee8107516d5a1696d548e0c1c7edfd95f783eb31052,No explicit SVG canvas/viewBox; verify importer bounds. One gameCharacter.svg has a corrected override.
work/full-audit/downloads/mega-assets-expansion-v1/tiddybub-2d-assets.zip,tiddybub-2d-assets/ui/board-game-icons/Vector/Icons/structure_watchtower.svg,26b04aa0a7daae57e838acb71d42ccc6a09bf71103f343e740e8b72705ed828e,No explicit SVG canvas/viewBox; verify importer bounds. One gameCharacter.svg has a corrected override.
work/full-audit/downloads/mega-assets-expansion-v1/tiddybub-2d-assets.zip,tiddybub-2d-assets/ui/board-game-icons/Vector/Icons/tag_shield_4.svg,6ec09704d2aceb8aceae3ed957c69c6bba761099eea623c32c198163ab9f74e3,No explicit SVG canvas/viewBox; verify importer bounds. One gameCharacter.svg has a corrected override.
work/full-audit/downloads/mega-assets-expansion-v1/tiddybub-2d-assets.zip,tiddybub-2d-assets/ui/board-game-icons/Vector/Icons/pawn_clockwise.svg,898abbe517d00dbd4b6b6354c3934802f041a830a7e4fb1eacce8906b08a1c32,No explicit SVG canvas/viewBox; verify importer bounds. One gameCharacter.svg has a corrected override.
work/full-audit/downloads/mega-assets-expansion-v1/tiddybub-2d-assets.zip,tiddybub-2d-assets/ui/board-game-icons/Vector/Icons/card_down.svg,8c06daa26fabb08728a9d4e40d855715d6430baa422a983267f300981760e5fe,No explicit SVG canvas/viewBox; verify importer bounds. One gameCharacter.svg has a corrected override.
work/full-audit/downloads/mega-assets-expansion-v1/tiddybub-2d-assets.zip,tiddybub-2d-assets/ui/board-game-icons/Vector/Icons/pawn_left.svg,f2d607a6f28569fc3d143a8ef376213bc3d34cf0e0880a46112ee31374fe9992,No explicit SVG canvas/viewBox; verify importer bounds. One gameCharacter.svg has a corrected override.
work/full-audit/downloads/mega-assets-expansion-v1/tiddybub-2d-assets.zip,tiddybub-2d-assets/ui/board-game-icons/Vector/Icons/d10.svg,9c8c9dd68f579a3c4ae5159d5b0ca1fedf5010476068972c2040f5cd0d41d4de,No explicit SVG canvas/viewBox; verify importer bounds. One gameCharacter.svg has a corrected override.
work/full-audit/downloads/mega-assets-expansion-v1/tiddybub-2d-assets.zip,tiddybub-2d-assets/ui/board-game-icons/Vector/Icons/fire.svg,37e80e1b5497722b311284e6a26a7d25a9b112347eaa3b879f64acfaf2f9f272,No explicit SVG canvas/viewBox; verify importer bounds. One gameCharacter.svg has a corrected override.
work/full-audit/downloads/mega-assets-expansion-v1/tiddybub-2d-assets.zip,tiddybub-2d-assets/ui/board-game-icons/Vector/Icons/crown_b.svg,7ace6944bbd554422bb101a9422370a1ca782b4558e96b13e71c68778571644d,No explicit SVG canvas/viewBox; verify importer bounds. One gameCharacter.svg has a corrected override.
work/full-audit/downloads/mega-assets-expansion-v1/tiddybub-2d-assets.zip,tiddybub-2d-assets/ui/board-game-icons/Vector/Icons/lock_closed.svg,2c40259d27f07df973b8420df6e952fe635edb6c532bc3ac8b4f3393f71af2e6,No explicit SVG canvas/viewBox; verify importer bounds. One gameCharacter.svg has a corrected override.
work/full-audit/downloads/mega-assets-expansion-v1/tiddybub-2d-assets.zip,tiddybub-2d-assets/ui/board-game-icons/Vector/Icons/timer_CW_50.svg,8d1ffe69921c85e1c8afe3e2f34f430a9bfab11597b93c07a8f79d6f5ef4c143,No explicit SVG canvas/viewBox; verify importer bounds. One gameCharacter.svg has a corrected override.
work/full-audit/downloads/mega-assets-expansion-v1/tiddybub-2d-assets.zip,tiddybub-2d-assets/ui/board-game-icons/Vector/Icons/lock_open.svg,05257797df3c2f4bab8a325ba7a604f8a606dc80cd930c06ca15d93005618f52,No explicit SVG canvas/viewBox; verify importer bounds. One gameCharacter.svg has a corrected override.
work/full-audit/downloads/mega-assets-expansion-v1/tiddybub-2d-assets.zip,tiddybub-2d-assets/ui/board-game-icons/Vector/Icons/structure_house.svg,f5ae7a4f9502af95af04c2c2d597aab6a932c99597eecddcfa1e652e25612c1b,No explicit SVG canvas/viewBox; verify importer bounds. One gameCharacter.svg has a corrected override.
work/full-audit/downloads/mega-assets-expansion-v1/tiddybub-2d-assets.zip,tiddybub-2d-assets/ui/board-game-icons/Vector/Icons/token_in.svg,3562006ca787d07ddf19878e9eed271477499ade6b5a5c60b3f879da8f8c5adb,No explicit SVG canvas/viewBox; verify importer bounds. One gameCharacter.svg has a corrected override.
work/full-audit/downloads/mega-assets-expansion-v1/tiddybub-2d-assets.zip,tiddybub-2d-assets/ui/board-game-icons/Vector/Icons/rhombus_question.svg,ac9ba945938e396ab585d1de4fa06cb8da819aeedfb9668c0eeac6bca3761e90,No explicit SVG canvas/viewBox; verify importer bounds. One gameCharacter.svg has a corrected override.
work/full-audit/downloads/mega-assets-expansion-v1/tiddybub-2d-assets.zip,tiddybub-2d-assets/ui/board-game-icons/Vector/Icons/tag_7.svg,c60f0601e6e6946a7d5d35aee6b83e873a67dd95ac4557ecf753c38047bf6be7,No explicit SVG canvas/viewBox; verify importer bounds. One gameCharacter.svg has a corrected override.
work/full-audit/downloads/mega-assets-expansion-v1/tiddybub-2d-assets.zip,tiddybub-2d-assets/ui/board-game-icons/Vector/Icons/hand_card.svg,75c0b1c786856e498618e81daf4c2b47acdb8c123396b7e8c80757ed9f926195,No explicit SVG canvas/viewBox; verify importer bounds. One gameCharacter.svg has a corrected override.
work/full-audit/downloads/mega-assets-expansion-v1/tiddybub-2d-assets.zip,tiddybub-2d-assets/ui/board-game-icons/Vector/Icons/flip_head.svg,538f061979f585b1afa21441957062aa5d029bb7fc5a3401b15a8320357fc801,No explicit SVG canvas/viewBox; verify importer bounds. One gameCharacter.svg has a corrected override.
work/full-audit/downloads/mega-assets-expansion-v1/tiddybub-2d-assets.zip,tiddybub-2d-assets/ui/board-game-icons/Vector/Icons/skull.svg,8d142ced6b7023ad181289ffe3967e441fc1a6b5054b39acde720ee159a67338,No explicit SVG canvas/viewBox; verify importer bounds. One gameCharacter.svg has a corrected override.
work/full-audit/downloads/mega-assets-expansion-v1/tiddybub-2d-assets.zip,tiddybub-2d-assets/ui/board-game-icons/Vector/Icons/card_tap.svg,258c1741fcf7911d3b61a154a9b2d45881becc8cc3f6892162dda34c49183968,No explicit SVG canvas/viewBox; verify importer bounds. One gameCharacter.svg has a corrected override.
work/full-audit/downloads/mega-assets-expansion-v1/tiddybub-2d-assets.zip,tiddybub-2d-assets/ui/board-game-icons/Vector/Icons/tag_4.svg,db7950c686a2b640362dbe632935ced029dd7df1f4990266e3b377611c938478,No explicit SVG canvas/viewBox; verify importer bounds. One gameCharacter.svg has a corrected override.
work/full-audit/downloads/mega-assets-expansion-v1/tiddybub-2d-assets.zip,tiddybub-2d-assets/ui/board-game-icons/Vector/Icons/book_closed.svg,81b68c81cd5aec71eac92658553d6162879b172d7711621bf11891a5f69843fa,No explicit SVG canvas/viewBox; verify importer bounds. One gameCharacter.svg has a corrected override.
work/full-audit/downloads/mega-assets-expansion-v1/tiddybub-2d-assets.zip,tiddybub-2d-assets/ui/board-game-icons/Vector/Icons/notepad.svg,a97fb9a966c4fd01147992f9240c1e624d1763b4d7a75b7c0431f5f5547e82fd,No explicit SVG canvas/viewBox; verify importer bounds. One gameCharacter.svg has a corrected override.
work/full-audit/downloads/mega-assets-expansion-v1/tiddybub-2d-assets.zip,tiddybub-2d-assets/ui/board-game-icons/Vector/Icons/d3.svg,91bd81c56068b8abc6af919352055ab0cd14120c80670cbf1e3274c78b0b047f,No explicit SVG canvas/viewBox; verify importer bounds. One gameCharacter.svg has a corrected override.
work/full-audit/downloads/mega-assets-expansion-v1/tiddybub-2d-assets.zip,tiddybub-2d-assets/ui/board-game-icons/Vector/Icons/hand_hexagon.svg,b6237709a699ed5aa0f8d9e068e7710b1ef910ca8daf2fc36360428f46acd437,No explicit SVG canvas/viewBox; verify importer bounds. One gameCharacter.svg has a corrected override.
work/full-audit/downloads/mega-assets-expansion-v1/tiddybub-2d-assets.zip,tiddybub-2d-assets/ui/board-game-icons/Vector/Icons/flask_empty.svg,8dffda7626c6053ab07a70372fecf250ac4a461f676ac16411fe0a3638801df8,No explicit SVG canvas/viewBox; verify importer bounds. One gameCharacter.svg has a corrected override.
work/full-audit/downloads/mega-assets-expansion-v1/tiddybub-2d-assets.zip,tiddybub-2d-assets/ui/board-game-icons/Vector/Icons/flip_tails.svg,01ee73d4702e96df37320296cc49c0befb3982e13e1069c5431e0778c3b51611,No explicit SVG canvas/viewBox; verify importer bounds. One gameCharacter.svg has a corrected override.
work/full-audit/downloads/mega-assets-expansion-v1/tiddybub-2d-assets.zip,tiddybub-2d-assets/ui/board-game-icons/Vector/Icons/dice_3D_detailed.svg,5e33234016b80f5620860524932238a9439f68b758c2d79a53ecd498373315ff,No explicit SVG canvas/viewBox; verify importer bounds. One gameCharacter.svg has a corrected override.
work/full-audit/downloads/mega-assets-expansion-v1/tiddybub-2d-assets.zip,tiddybub-2d-assets/ui/board-game-icons/Vector/Icons/d4_number.svg,5cd75815515e03d81bc3d2ead3ba781c46429bd3984e55c2ab13b640af4f9643,No explicit SVG canvas/viewBox; verify importer bounds. One gameCharacter.svg has a corrected override.
work/full-audit/downloads/mega-assets-expansion-v1/tiddybub-2d-assets.zip,tiddybub-2d-assets/ui/board-game-icons/Vector/Icons/exploding_6.svg,f1792d4374b5505ae1ad162a799f59fc387b0954cbbbdf09efaefe9387d28d94,No explicit SVG canvas/viewBox; verify importer bounds. One gameCharacter.svg has a corrected override.
work/full-audit/downloads/mega-assets-expansion-v1/tiddybub-2d-assets.zip,tiddybub-2d-assets/ui/board-game-icons/Vector/Icons/cards_fan_outline.svg,8f39279348e74dde8882236a17623bed38438699c12795f78e215f1470475cdf,No explicit SVG canvas/viewBox; verify importer bounds. One gameCharacter.svg has a corrected override.
work/full-audit/downloads/mega-assets-expansion-v1/tiddybub-2d-assets.zip,tiddybub-2d-assets/ui/board-game-icons/Vector/Icons/dice_close.svg,fdd1d14b0c2bcb7ef66aba6091ccfcba5fa7fdcc704dca90d4a49e6bbb47b6d7,No explicit SVG canvas/viewBox; verify importer bounds. One gameCharacter.svg has a corrected override.
work/full-audit/downloads/mega-assets-expansion-v1/tiddybub-2d-assets.zip,tiddybub-2d-assets/ui/board-game-icons/Vector/Icons/hand.svg,3bc359445facff4b2d582addc1580597a9c9459a98c5487e73b426c52e9905f1,No explicit SVG canvas/viewBox; verify importer bounds. One gameCharacter.svg has a corrected override.
work/full-audit/downloads/mega-assets-expansion-v1/tiddybub-2d-assets.zip,tiddybub-2d-assets/ui/board-game-icons/Vector/Icons/puzzle.svg,29d3e9c14baee00558aaac8b84b9f5a8fae2944e276ac153c3f4a2829664dd3d,No explicit SVG canvas/viewBox; verify importer bounds. One gameCharacter.svg has a corrected override.
work/full-audit/downloads/mega-assets-expansion-v1/tiddybub-2d-assets.zip,tiddybub-2d-assets/ui/board-game-icons/Vector/Icons/timer_CW_75.svg,1484012a3ffe292973c08c35a38176bc3d3e7f2d52f54a4d0136895da97880ec,No explicit SVG canvas/viewBox; verify importer bounds. One gameCharacter.svg has a corrected override.
work/full-audit/downloads/mega-assets-expansion-v1/tiddybub-2d-assets.zip,tiddybub-2d-assets/ui/board-game-icons/Vector/Icons/token_out.svg,19a13e999a5be6c804f8b470c0552a3fc5dbb242046be195ab98d6be4e735e85,No explicit SVG canvas/viewBox; verify importer bounds. One gameCharacter.svg has a corrected override.
work/full-audit/downloads/mega-assets-expansion-v1/tiddybub-2d-assets.zip,tiddybub-2d-assets/ui/board-game-icons/Vector/Icons/card_tap_outline_down.svg,482cb93b82e629d1bfb2727de1f9faee39a0ada777d666ea486cd53ef39b4104,No explicit SVG canvas/viewBox; verify importer bounds. One gameCharacter.svg has a corrected override.
work/full-audit/downloads/mega-assets-expansion-v1/tiddybub-2d-assets.zip,tiddybub-2d-assets/ui/board-game-icons/Vector/Icons/structure_church.svg,bd0d12e389c1a6820434b88371430879ddc21f815206ad08f86e888593ecb8bb,No explicit SVG canvas/viewBox; verify importer bounds. One gameCharacter.svg has a corrected override.
work/full-audit/downloads/mega-assets-expansion-v1/tiddybub-2d-assets.zip,tiddybub-2d-assets/ui/board-game-icons/Vector/Icons/flag_square.svg,5be78d4d9a57de4280743ad35241b3dce95f7495f27f1a0d986f16ba5c409abf,No explicit SVG canvas/viewBox; verify importer bounds. One gameCharacter.svg has a corrected override.
work/full-audit/downloads/mega-assets-expansion-v1/tiddybub-2d-assets.zip,tiddybub-2d-assets/ui/board-game-icons/Vector/Icons/d12_outline.svg,ec236d60c1429881abeacc027194eddf44575c78cff611e8c593c2c6545fcc8a,No explicit SVG canvas/viewBox; verify importer bounds. One gameCharacter.svg has a corrected override.
work/full-audit/downloads/mega-assets-expansion-v1/tiddybub-2d-assets.zip,tiddybub-2d-assets/ui/board-game-icons/Vector/Icons/pentagon.svg,4fcbfe1db0ebe830529be33d3830b2445a4f4a6bca903b8567163271ae0396e9,No explicit SVG canvas/viewBox; verify importer bounds. One gameCharacter.svg has a corrected override.
work/full-audit/downloads/mega-assets-expansion-v1/tiddybub-2d-assets.zip,tiddybub-2d-assets/ui/board-game-icons/Vector/Icons/pawn_right.svg,8dace5d351769353f0e8dee29b91f5da7cf481d5883a1845c5f45a462f961f5d,No explicit SVG canvas/viewBox; verify importer bounds. One gameCharacter.svg has a corrected override.
work/full-audit/downloads/mega-assets-expansion-v1/tiddybub-2d-assets.zip,tiddybub-2d-assets/ui/board-game-icons/Vector/Icons/tag_5.svg,882faef24aaf5cb924a7d07fa1f37fc679d0b150be11622a50e9f27fef813a03,No explicit SVG canvas/viewBox; verify importer bounds. One gameCharacter.svg has a corrected override.
work/full-audit/downloads/mega-assets-expansion-v1/tiddybub-2d-assets.zip,tiddybub-2d-assets/ui/board-game-icons/Vector/Icons/tag_shield_9.svg,20e014cb53baf64be1b29fdbf8e5ea667edecb1a6eb65c4d1af99aaf6b80c68f,No explicit SVG canvas/viewBox; verify importer bounds. One gameCharacter.svg has a corrected override.
work/full-audit/downloads/mega-assets-expansion-v1/tiddybub-2d-assets.zip,tiddybub-2d-assets/ui/board-game-icons/Vector/Icons/card_target.svg,834f7b45a5c7d93bec7c4d442cc68a09ce1aa800d4ea8d1729341ccdb81c7fe6,No explicit SVG canvas/viewBox; verify importer bounds. One gameCharacter.svg has a corrected override.
work/full-audit/downloads/mega-assets-expansion-v1/tiddybub-2d-assets.zip,tiddybub-2d-assets/ui/board-game-icons/Vector/Icons/hand_token.svg,460f223566513e5d190001b7a4076c24695508eb7e78a66ba7af5b1be36b44cd,No explicit SVG canvas/viewBox; verify importer bounds. One gameCharacter.svg has a corrected override.
work/full-audit/downloads/mega-assets-expansion-v1/tiddybub-2d-assets.zip,tiddybub-2d-assets/ui/board-game-icons/Vector/Icons/pawn_flip.svg,57f94c1dfb6444af50e2f6cba841b05cc7d62abe73e585277253f058c41b3e56,No explicit SVG canvas/viewBox; verify importer bounds. One gameCharacter.svg has a corrected override.
work/full-audit/downloads/mega-assets-expansion-v1/tiddybub-2d-assets.zip,tiddybub-2d-assets/ui/board-game-icons/Vector/Icons/tag_2.svg,6f06ccf9fe74cb5fab8cb57cbc0cea9558c61c331145b7ae1a0df923dfa5010e,No explicit SVG canvas/viewBox; verify importer bounds. One gameCharacter.svg has a corrected override.
work/full-audit/downloads/mega-assets-expansion-v1/tiddybub-2d-assets.zip,tiddybub-2d-assets/ui/board-game-icons/Vector/Icons/tag_d6_check.svg,dff43a80bc12a2c5bb9c824f1438b93d5d91fb18746ee0f3019859323b1c05c8,No explicit SVG canvas/viewBox; verify importer bounds. One gameCharacter.svg has a corrected override.
work/full-audit/downloads/mega-assets-expansion-v1/tiddybub-2d-assets.zip,tiddybub-2d-assets/ui/board-game-icons/Vector/Icons/token_subtract.svg,c07051cfd530f9b57d22c7d630a13da9c45ace4a7d4f54cd7d3807a80f2e7a10,No explicit SVG canvas/viewBox; verify importer bounds. One gameCharacter.svg has a corrected override.
work/full-audit/downloads/mega-assets-expansion-v1/tiddybub-2d-assets.zip,tiddybub-2d-assets/ui/board-game-icons/Vector/Icons/dice_6.svg,cb2e627b95e088fa6cd7970288a68adc542054f4797b75376d16a618113ba709,No explicit SVG canvas/viewBox; verify importer bounds. One gameCharacter.svg has a corrected override.
work/full-audit/downloads/mega-assets-expansion-v1/tiddybub-2d-assets.zip,tiddybub-2d-assets/ui/board-game-icons/Vector/Icons/d3_number.svg,89b2dc5dfd3a7b35a2492c621b444670e3ea2ae9fe21844a8f5583f754881b89,No explicit SVG canvas/viewBox; verify importer bounds. One gameCharacter.svg has a corrected override.
work/full-audit/downloads/mega-assets-expansion-v1/tiddybub-2d-assets.zip,tiddybub-2d-assets/ui/board-game-icons/Vector/Icons/hourglass_bottom.svg,bcc4f5dff962ba4823698134e8a12da482e92929dace72a5792498c548958309,No explicit SVG canvas/viewBox; verify importer bounds. One gameCharacter.svg has a corrected override.
work/full-audit/downloads/mega-assets-expansion-v1/tiddybub-2d-assets.zip,tiddybub-2d-assets/ui/board-game-icons/Vector/Icons/pawns.svg,f606aadcc6a8a7348469a6cc127022fdc1efd3e4676d42dfc21d3ab1e1174cb5,No explicit SVG canvas/viewBox; verify importer bounds. One gameCharacter.svg has a corrected override.
work/full-audit/downloads/mega-assets-expansion-v1/tiddybub-2d-assets.zip,tiddybub-2d-assets/ui/board-game-icons/Vector/Icons/tag_8.svg,4251865e525e9dd6096499d9a500f39db0d99e4cf8f1b07147083c0065a9f121,No explicit SVG canvas/viewBox; verify importer bounds. One gameCharacter.svg has a corrected override.
work/full-audit/downloads/mega-assets-expansion-v1/tiddybub-2d-assets.zip,tiddybub-2d-assets/ui/board-game-icons/Vector/Icons/arrow_diagonal_cross.svg,7eb9815a2332786e6b480b780859a8eb0e0790c6d011f8bd7c5ddfb0e045e78f,No explicit SVG canvas/viewBox; verify importer bounds. One gameCharacter.svg has a corrected override.
work/full-audit/downloads/mega-assets-expansion-v1/tiddybub-2d-assets.zip,tiddybub-2d-assets/ui/board-game-icons/Vector/Icons/direction_n.svg,4a5801b33c6a23ff91f4a2ab33cf1fa8aa6ef27c6f564990e1748aeffdc7fa5b,No explicit SVG canvas/viewBox; verify importer bounds. One gameCharacter.svg has a corrected override.
work/full-audit/downloads/mega-assets-expansion-v1/tiddybub-2d-assets.zip,tiddybub-2d-assets/ui/board-game-icons/Vector/Icons/direction_s.svg,4d32ca8391ace94d3a8a766ff4a0f59e5ea8ac9fc7474d13798e0c3b43a58d51,No explicit SVG canvas/viewBox; verify importer bounds. One gameCharacter.svg has a corrected override.
work/full-audit/downloads/mega-assets-expansion-v1/tiddybub-2d-assets.zip,tiddybub-2d-assets/ui/board-game-icons/Vector/Icons/flask_half.svg,1b458396caf399d7b8a098e1f41d9dd1419f85f689ec6a630d9321152e18db23,No explicit SVG canvas/viewBox; verify importer bounds. One gameCharacter.svg has a corrected override.
work/full-audit/downloads/mega-assets-expansion-v1/tiddybub-2d-assets.zip,tiddybub-2d-assets/ui/board-game-icons/Vector/Icons/d6_number.svg,6e749f7170502f23f91dcb137aabff547e1865bb714d3af2fecd92cc7bc3c21e,No explicit SVG canvas/viewBox; verify importer bounds. One gameCharacter.svg has a corrected override.
work/full-audit/downloads/mega-assets-expansion-v1/tiddybub-2d-assets.zip,tiddybub-2d-assets/ui/board-game-icons/Vector/Icons/pentagon_outline.svg,52ce017c2d426483222cae7d3552f7950d841f6f4e513056b97a9a19ccdeee97,No explicit SVG canvas/viewBox; verify importer bounds. One gameCharacter.svg has a corrected override.
work/full-audit/downloads/mega-assets-expansion-v1/tiddybub-2d-assets.zip,tiddybub-2d-assets/ui/board-game-icons/Vector/Icons/campfire.svg,4d67e49f4db668d9be999e75f53ad2e7d153216454214c3241036e477a9b223c,No explicit SVG canvas/viewBox; verify importer bounds. One gameCharacter.svg has a corrected override.
work/full-audit/downloads/mega-assets-expansion-v1/tiddybub-2d-assets.zip,tiddybub-2d-assets/ui/board-game-icons/Vector/Icons/d3_outline.svg,224dce1530ed1c40a1117876f26469ff7674cfe9a65dae5ae0a78d3b0fe4fd3d,No explicit SVG canvas/viewBox; verify importer bounds. One gameCharacter.svg has a corrected override.
work/full-audit/downloads/mega-assets-expansion-v1/tiddybub-2d-assets.zip,tiddybub-2d-assets/ui/board-game-icons/Vector/Icons/d2_number.svg,d484cdf5b6a62326d45b7eb1418811f2c2533b8aecbf6425f73b7a07e03c289b,No explicit SVG canvas/viewBox; verify importer bounds. One gameCharacter.svg has a corrected override.
work/full-audit/downloads/mega-assets-expansion-v1/tiddybub-2d-assets.zip,tiddybub-2d-assets/ui/board-game-icons/Vector/Icons/card_outline_place.svg,b1aa5cc60b1a43b71d18c0616c74d5c2bc089f3ff0ef4db632e73eeafdb26301,No explicit SVG canvas/viewBox; verify importer bounds. One gameCharacter.svg has a corrected override.
work/full-audit/downloads/mega-assets-expansion-v1/tiddybub-2d-assets.zip,tiddybub-2d-assets/ui/board-game-icons/Vector/Icons/pouch_remove.svg,2cc86d24699c3bf02a4cd423ffda91518e09f8f2f8e78a15b087b69631b0c9e8,No explicit SVG canvas/viewBox; verify importer bounds. One gameCharacter.svg has a corrected override.
work/full-audit/downloads/mega-assets-expansion-v1/tiddybub-2d-assets.zip,tiddybub-2d-assets/ui/board-game-icons/Vector/Icons/cards_skull.svg,a3b91021f597d1f35e5ed87b7cb04908f40178db7769f76cfd38fd57f3216b5e,No explicit SVG canvas/viewBox; verify importer bounds. One gameCharacter.svg has a corrected override.
work/full-audit/downloads/mega-assets-expansion-v1/tiddybub-2d-assets.zip,tiddybub-2d-assets/ui/board-game-icons/Vector/Icons/arrow_clockwise.svg,5972b4c59aa26f63329097b4580ccd5d159607fe7ca9653dfe1d89da1be882d3,No explicit SVG canvas/viewBox; verify importer bounds. One gameCharacter.svg has a corrected override.
work/full-audit/downloads/mega-assets-expansion-v1/tiddybub-2d-assets.zip,tiddybub-2d-assets/ui/board-game-icons/Vector/Icons/tokens_stack.svg,68ca730cf94741c2eb26d40259a234e3a5b07c41264b2e1142a175dfb38c7283,No explicit SVG canvas/viewBox; verify importer bounds. One gameCharacter.svg has a corrected override.
work/full-audit/downloads/mega-assets-expansion-v1/tiddybub-2d-assets.zip,tiddybub-2d-assets/ui/board-game-icons/Vector/Icons/arrow_cross_divided.svg,93e8e7b742993fb06cee99cfc5f951ce01b6c868682c26020ca4e6927eec921b,No explicit SVG canvas/viewBox; verify importer bounds. One gameCharacter.svg has a corrected override.
work/full-audit/downloads/mega-assets-expansion-v1/tiddybub-2d-assets.zip,tiddybub-2d-assets/ui/board-game-icons/Vector/Icons/cards_fan.svg,6d84e23ca9c681b87628d40800c9058d5f03a6cf036e23d721cba2224e1dded2,No explicit SVG canvas/viewBox; verify importer bounds. One gameCharacter.svg has a corrected override.
work/full-audit/downloads/mega-assets-expansion-v1/tiddybub-2d-assets.zip,tiddybub-2d-assets/ui/board-game-icons/Vector/Icons/hand_cross.svg,22535086264ff733f242a6ac5976d9798395856467ad7df6d02839efb7510923,No explicit SVG canvas/viewBox; verify importer bounds. One gameCharacter.svg has a corrected override.
work/full-audit/downloads/mega-assets-expansion-v1/tiddybub-2d-assets.zip,tiddybub-2d-assets/ui/board-game-icons/Vector/Icons/tag_shield_5.svg,2dfba3ac9258d4a772bb159d76074c55e9b44b61a5b0ac3f9c57235885f19f96,No explicit SVG canvas/viewBox; verify importer bounds. One gameCharacter.svg has a corrected override.
work/full-audit/downloads/mega-assets-expansion-v1/tiddybub-2d-assets.zip,tiddybub-2d-assets/ui/board-game-icons/Vector/Icons/character_place.svg,ff28a4dca678515004fadfefa66a0db76a55c906d3e6e89a43c097a296a5a134,No explicit SVG canvas/viewBox; verify importer bounds. One gameCharacter.svg has a corrected override.
work/full-audit/downloads/mega-assets-expansion-v1/tiddybub-2d-assets.zip,tiddybub-2d-assets/ui/board-game-icons/Vector/Icons/card_place.svg,2630eb25579180f7eb9cd8b53d6fb92a39c7d7002b14c52e5b6de192508ca5d1,No explicit SVG canvas/viewBox; verify importer bounds. One gameCharacter.svg has a corrected override.
work/full-audit/downloads/mega-assets-expansion-v1/tiddybub-2d-assets.zip,tiddybub-2d-assets/ui/board-game-icons/Vector/Icons/hexagon_outline.svg,9bcbac2799d49be38751ca3bcfa8d159b28497cb4c3c07c4012c85d64ae33120,No explicit SVG canvas/viewBox; verify importer bounds. One gameCharacter.svg has a corrected override.
work/full-audit/downloads/mega-assets-expansion-v1/tiddybub-2d-assets.zip,tiddybub-2d-assets/ui/board-game-icons/Vector/Icons/tag_shield_6.svg,af96156796a7ec9e0b40b96999725fee7328204a7b231d22de4922465c95c5dc,No explicit SVG canvas/viewBox; verify importer bounds. One gameCharacter.svg has a corrected override.
work/full-audit/downloads/mega-assets-expansion-v1/tiddybub-2d-assets.zip,tiddybub-2d-assets/ui/board-game-icons/Vector/Icons/card_outline_lift.svg,8bff134fd70d9fabf7270a7eab8bbbc6801e86780c429ac03be6222951b15b99,No explicit SVG canvas/viewBox; verify importer bounds. One gameCharacter.svg has a corrected override.
work/full-audit/downloads/mega-assets-expansion-v1/tiddybub-2d-assets.zip,tiddybub-2d-assets/ui/board-game-icons/Vector/Icons/d8_outline_number.svg,f38f94ede061a684ae0135c98ae0eac7c6ccf6c3c4adc125e1459f65d7d58e9d,No explicit SVG canvas/viewBox; verify importer bounds. One gameCharacter.svg has a corrected override.
work/full-audit/downloads/mega-assets-expansion-v1/tiddybub-2d-assets.zip,tiddybub-2d-assets/ui/board-game-icons/Vector/Icons/pawn_up.svg,3a4ab0d2ea0e5ee9f49b4814ecd8bb6c3120de6f0c7b1c0064539f6a71bc07f9,No explicit SVG canvas/viewBox; verify importer bounds. One gameCharacter.svg has a corrected override.
work/full-audit/downloads/mega-assets-expansion-v1/tiddybub-2d-assets.zip,tiddybub-2d-assets/ui/board-game-icons/Vector/Icons/dice_5.svg,d6b58542d99d008ce6b0a27b607ac298c9902e2d3fdde3fc264f12966bd2fb57,No explicit SVG canvas/viewBox; verify importer bounds. One gameCharacter.svg has a corrected override.
work/full-audit/downloads/mega-assets-expansion-v1/tiddybub-2d-assets.zip,tiddybub-2d-assets/ui/board-game-icons/Vector/Icons/resource_planks.svg,9e803ff8e54a42a1ca183fc44df017c33b5ed40092faaf84dde905247fdea880,No explicit SVG canvas/viewBox; verify importer bounds. One gameCharacter.svg has a corrected override.
work/full-audit/downloads/mega-assets-expansion-v1/tiddybub-2d-assets.zip,tiddybub-2d-assets/ui/board-game-icons/Vector/Icons/dice_1.svg,d8948a811f1ea4d5c422dd6fdbe4c04fd8edaaf0c5cdbec4ed893906d720d76e,No explicit SVG canvas/viewBox; verify importer bounds. One gameCharacter.svg has a corrected override.
work/full-audit/downloads/mega-assets-expansion-v1/tiddybub-2d-assets.zip,tiddybub-2d-assets/ui/board-game-icons/Vector/Icons/chess_queen.svg,1039ab1b96effec7d44538b977544278c812311d1c8dfe8a9c4e16844a6595d8,No explicit SVG canvas/viewBox; verify importer bounds. One gameCharacter.svg has a corrected override.
work/full-audit/downloads/mega-assets-expansion-v1/tiddybub-2d-assets.zip,tiddybub-2d-assets/ui/board-game-icons/Vector/Icons/tag_shield_1.svg,9e4dab3144cb2d9d8e16aa6c98354b0fe347079e57740feb02a275294ccb9674,No explicit SVG canvas/viewBox; verify importer bounds. One gameCharacter.svg has a corrected override.
work/full-audit/downloads/mega-assets-expansion-v1/tiddybub-2d-assets.zip,tiddybub-2d-assets/ui/board-game-icons/Vector/Icons/cards_stack.svg,cee4aa6f4bd4127bce6ac0b193b08d65216ec9d1657370a2f84e851018887b31,No explicit SVG canvas/viewBox; verify importer bounds. One gameCharacter.svg has a corrected override.
work/full-audit/downloads/mega-assets-expansion-v1/tiddybub-2d-assets.zip,tiddybub-2d-assets/ui/board-game-icons/Vector/Icons/chess_king.svg,fea98a2ad7e5c627215333f93152c223c2be9925f0a1e54567a4a6700ffc06da,No explicit SVG canvas/viewBox; verify importer bounds. One gameCharacter.svg has a corrected override.
work/full-audit/downloads/mega-assets-expansion-v1/tiddybub-2d-assets.zip,tiddybub-2d-assets/ui/board-game-icons/Vector/Icons/direction_w.svg,a2a7af943b1a0375cc685559e28a99e4eb368ff9b89f0696b3a13c1337fa2767,No explicit SVG canvas/viewBox; verify importer bounds. One gameCharacter.svg has a corrected override.
work/full-audit/downloads/mega-assets-expansion-v1/tiddybub-2d-assets.zip,tiddybub-2d-assets/ui/board-game-icons/Vector/Icons/hexagon_tile.svg,a417171976737c1ba894f90a2a725a6446541e4ad1f11fc2f0ae42a859557356,No explicit SVG canvas/viewBox; verify importer bounds. One gameCharacter.svg has a corrected override.
work/full-audit/downloads/mega-assets-expansion-v1/tiddybub-2d-assets.zip,tiddybub-2d-assets/ui/board-game-icons/Vector/Icons/tag_d6_5.svg,a29879f6b2f8441e38429739cfb51f06dd5a27fcd40ffc7b53b33d51bca88fce,No explicit SVG canvas/viewBox; verify importer bounds. One gameCharacter.svg has a corrected override.
work/full-audit/downloads/mega-assets-expansion-v1/tiddybub-2d-assets.zip,tiddybub-2d-assets/ui/board-game-icons/Vector/Icons/card_flip.svg,1834aef2f9e97711d11464fd6aa8a3e05b143d96e23eacc104dd6fd8a9769111,No explicit SVG canvas/viewBox; verify importer bounds. One gameCharacter.svg has a corrected override.
work/full-audit/downloads/mega-assets-expansion-v1/tiddybub-2d-assets.zip,tiddybub-2d-assets/ui/board-game-icons/Vector/Icons/pouch.svg,4167ea0c4c27d5ebb1c4ecb2813c24deb9f205f83c7f74bb4fd1b6809667942b,No explicit SVG canvas/viewBox; verify importer bounds. One gameCharacter.svg has a corrected override.
work/full-audit/downloads/mega-assets-expansion-v1/tiddybub-2d-assets.zip,tiddybub-2d-assets/ui/board-game-icons/Vector/Icons/crown_a.svg,d0bbefc14de1862470764f9a94dbb66e8230139922bcc0592419390a26803010,No explicit SVG canvas/viewBox; verify importer bounds. One gameCharacter.svg has a corrected override.
work/full-audit/downloads/mega-assets-expansion-v1/tiddybub-2d-assets.zip,tiddybub-2d-assets/ui/board-game-icons/Vector/Icons/suit_clubs.svg,a8f7a938bf316d1184c1ea85884fca3ca5428a280274c52c96945e12fee9d6af,No explicit SVG canvas/viewBox; verify importer bounds. One gameCharacter.svg has a corrected override.
work/full-audit/downloads/mega-assets-expansion-v1/tiddybub-2d-assets.zip,tiddybub-2d-assets/ui/board-game-icons/Vector/Icons/chess_knight.svg,782ba5d7ff82892dd9568a6fa8482c142b4ff963003712fa58823fc053885e92,No explicit SVG canvas/viewBox; verify importer bounds. One gameCharacter.svg has a corrected override.
work/full-audit/downloads/mega-assets-expansion-v1/tiddybub-2d-assets.zip,tiddybub-2d-assets/ui/board-game-icons/Vector/Icons/card_lift.svg,b0c7a63f91141933f8add57fc723d7290640d2d92d2b57d4d7b759a36c70c6cf,No explicit SVG canvas/viewBox; verify importer bounds. One gameCharacter.svg has a corrected override.
work/full-audit/downloads/mega-assets-expansion-v1/tiddybub-2d-assets.zip,tiddybub-2d-assets/ui/board-game-icons/Vector/Icons/pentagon_question.svg,3f55ada1ffdef6d838d1fb3389ad403a113f0d7c18bb1ae19530c8a3cb8309ab,No explicit SVG canvas/viewBox; verify importer bounds. One gameCharacter.svg has a corrected override.
work/full-audit/downloads/mega-assets-expansion-v1/tiddybub-2d-assets.zip,tiddybub-2d-assets/ui/board-game-icons/Vector/Icons/cards_flip.svg,067d62180f15f71f9fabda353e9b36753cc5c794f22894f8356de87ad02ea647,No explicit SVG canvas/viewBox; verify importer bounds. One gameCharacter.svg has a corrected override.
work/full-audit/downloads/mega-assets-expansion-v1/tiddybub-2d-assets.zip,tiddybub-2d-assets/ui/board-game-icons/Vector/Icons/tag_d6_1.svg,654d0c8ede6d4833716eee332a49cde8c70483f68d549a61bc29d964f4c21b79,No explicit SVG canvas/viewBox; verify importer bounds. One gameCharacter.svg has a corrected override.
work/full-audit/downloads/mega-assets-expansion-v1/tiddybub-2d-assets.zip,tiddybub-2d-assets/ui/board-game-icons/Vector/Icons/tokens_shadow.svg,87deb0e45466cac0397fbbcfe235de2696ab76e76513f243807ae30018d2ef5b,No explicit SVG canvas/viewBox; verify importer bounds. One gameCharacter.svg has a corrected override.
work/full-audit/downloads/mega-assets-expansion-v1/tiddybub-2d-assets.zip,tiddybub-2d-assets/ui/board-game-icons/Vector/Icons/cards_take.svg,257d7b054eddf2c0ada4cadeba25048fe3b1bf6b3e8232517620816f3ee10bdf,No explicit SVG canvas/viewBox; verify importer bounds. One gameCharacter.svg has a corrected override.
work/full-audit/downloads/mega-assets-expansion-v1/tiddybub-2d-assets.zip,tiddybub-2d-assets/ui/board-game-icons/Vector/Icons/cards_collection.svg,f92cfd2aa81033d0f7dfc3a034e5e273f1920b8574c615c299ee79fe31faf87c,No explicit SVG canvas/viewBox; verify importer bounds. One gameCharacter.svg has a corrected override.
work/full-audit/downloads/mega-assets-expansion-v1/tiddybub-2d-assets.zip,tiddybub-2d-assets/ui/board-game-icons/Vector/Icons/cards_seek_top.svg,8f4edb71ff9433fafe9b244c7187d8cb765c752d5fb716fd8624d64f9b1e35bd,No explicit SVG canvas/viewBox; verify importer bounds. One gameCharacter.svg has a corrected override.
work/full-audit/downloads/mega-assets-expansion-v1/tiddybub-2d-assets.zip,tiddybub-2d-assets/ui/board-game-icons/Vector/Icons/flip_half.svg,d648ba4b311d701a0d9730307d5e835eb76b297e31fac0855ce537d65e6c1c1a,No explicit SVG canvas/viewBox; verify importer bounds. One gameCharacter.svg has a corrected override.
work/full-audit/downloads/mega-assets-expansion-v1/tiddybub-2d-assets.zip,tiddybub-2d-assets/ui/board-game-icons/Vector/Icons/suit_diamonds.svg,e439dd9aa76ed9ff6b853339d09a5eac5b24dbdb9a176473ad12d06bb130369e,No explicit SVG canvas/viewBox; verify importer bounds. One gameCharacter.svg has a corrected override.
work/full-audit/downloads/mega-assets-expansion-v1/tiddybub-2d-assets.zip,tiddybub-2d-assets/ui/board-game-icons/Vector/Icons/arrow_cross.svg,6c4edd62540042fe8342fbd539f1712c819b74c1801ab550c4a60415da9bdbed,No explicit SVG canvas/viewBox; verify importer bounds. One gameCharacter.svg has a corrected override.
work/full-audit/downloads/mega-assets-expansion-v1/tiddybub-2d-assets.zip,tiddybub-2d-assets/ui/board-game-icons/Vector/Icons/shield.svg,377da5c6c7bac6cfdd8cd9702ed53017ff2e25bedffdf689346e4f282766ba1c,No explicit SVG canvas/viewBox; verify importer bounds. One gameCharacter.svg has a corrected override.
work/full-audit/downloads/mega-assets-expansion-v1/tiddybub-2d-assets.zip,tiddybub-2d-assets/ui/board-game-icons/Vector/Icons/card_add.svg,a109be6cf3ec3f3cb426f6ccca7a8ae84c0876d22190f651eff4650b9aaf101b,No explicit SVG canvas/viewBox; verify importer bounds. One gameCharacter.svg has a corrected override.
work/full-audit/downloads/mega-assets-expansion-v1/tiddybub-2d-assets.zip,tiddybub-2d-assets/ui/board-game-icons/Vector/Icons/tag_d6_2.svg,48b6e31fe6e13c82f8ab7d0359b43f4103f5c8c93cda5bc0b2c1e1f3d330379c,No explicit SVG canvas/viewBox; verify importer bounds. One gameCharacter.svg has a corrected override.
work/full-audit/downloads/mega-assets-expansion-v1/tiddybub-2d-assets.zip,tiddybub-2d-assets/ui/board-game-icons/Vector/Icons/hexagon_question.svg,b8dc30e4d8ba80d360747d868c8eafcd7c00ad6610e60b9839151e91a7faafd6,No explicit SVG canvas/viewBox; verify importer bounds. One gameCharacter.svg has a corrected override.
work/full-audit/downloads/mega-assets-expansion-v1/tiddybub-2d-assets.zip,tiddybub-2d-assets/ui/board-game-icons/Vector/Icons/d6_outline.svg,224dce1530ed1c40a1117876f26469ff7674cfe9a65dae5ae0a78d3b0fe4fd3d,No explicit SVG canvas/viewBox; verify importer bounds. One gameCharacter.svg has a corrected override.
work/full-audit/downloads/mega-assets-expansion-v1/tiddybub-2d-assets.zip,tiddybub-2d-assets/ui/board-game-icons/Vector/Icons/card_diagonal.svg,345c450d6032dd0bc9d49981770e75b12faa868427d2e6dcca0ada3ed8391fb2,No explicit SVG canvas/viewBox; verify importer bounds. One gameCharacter.svg has a corrected override.
work/full-audit/downloads/mega-assets-expansion-v1/tiddybub-2d-assets.zip,tiddybub-2d-assets/ui/board-game-icons/Vector/Icons/timer_CCW_75.svg,9b64bba4dfe2d59558438425624a5f07bfed8aba27e507ac06b09a2266a83cd6,No explicit SVG canvas/viewBox; verify importer bounds. One gameCharacter.svg has a corrected override.
work/full-audit/downloads/mega-assets-expansion-v1/tiddybub-2d-assets.zip,tiddybub-2d-assets/ui/board-game-icons/Vector/Icons/tag_d6_infinte.svg,09bb598cac6770ebdf7c08d38ea85cf45e64647438a8ece53c9b818070a67204,No explicit SVG canvas/viewBox; verify importer bounds. One gameCharacter.svg has a corrected override.
work/full-audit/downloads/mega-assets-expansion-v1/tiddybub-2d-assets.zip,tiddybub-2d-assets/ui/board-game-icons/Vector/Icons/token_give.svg,247685d2faa887ab1ede032f61cac7638fc40d7a8430141e0c4dd1dd67a63d06,No explicit SVG canvas/viewBox; verify importer bounds. One gameCharacter.svg has a corrected override.
work/full-audit/downloads/mega-assets-expansion-v1/tiddybub-2d-assets.zip,tiddybub-2d-assets/ui/board-game-icons/Vector/Icons/tag_3.svg,3e85a3dbe00525c9cfe560780e997ddc4c78043fab30cd7bd6dbbedbdbd0bc2e,No explicit SVG canvas/viewBox; verify importer bounds. One gameCharacter.svg has a corrected override.
work/full-audit/downloads/mega-assets-expansion-v1/tiddybub-2d-assets.zip,tiddybub-2d-assets/ui/board-game-icons/Vector/Icons/book_open.svg,b3288e12dc6b67bf42acd7ddc122aeedf2787580a03c9cc17b4a4274c45455b0,No explicit SVG canvas/viewBox; verify importer bounds. One gameCharacter.svg has a corrected override.
work/full-audit/downloads/mega-assets-expansion-v1/tiddybub-2d-assets.zip,tiddybub-2d-assets/ui/board-game-icons/Vector/Icons/d4_outline.svg,5b721e5f49d92ff3d4e41bd497fce2d1bb8fec5b43fec96ff587be8b7ae99a36,No explicit SVG canvas/viewBox; verify importer bounds. One gameCharacter.svg has a corrected override.
work/full-audit/downloads/mega-assets-expansion-v1/tiddybub-2d-assets.zip,tiddybub-2d-assets/ui/board-game-icons/Vector/Icons/dice_skull.svg,17b3d850b1f05c1389ad00aee9f1d591fd4ce3f8f76c68f1a952a02bdf935561,No explicit SVG canvas/viewBox; verify importer bounds. One gameCharacter.svg has a corrected override.
work/full-audit/downloads/mega-assets-expansion-v1/tiddybub-2d-assets.zip,tiddybub-2d-assets/ui/board-game-icons/Vector/Icons/rhombus_outline.svg,9484e269ec3c1b9d196603c72cdb48d8527e070e92288c5623d4259088421001,No explicit SVG canvas/viewBox; verify importer bounds. One gameCharacter.svg has a corrected override.
work/full-audit/downloads/mega-assets-expansion-v1/tiddybub-2d-assets.zip,tiddybub-2d-assets/ui/board-game-icons/Vector/Icons/resource_wheat.svg,98a050c63904409a803fa98f8cd3a54dd04e236ee6a0d5cf0b27c2bbda8641d1,No explicit SVG canvas/viewBox; verify importer bounds. One gameCharacter.svg has a corrected override.
work/full-audit/downloads/mega-assets-expansion-v1/tiddybub-2d-assets.zip,tiddybub-2d-assets/ui/board-game-icons/Vector/Icons/tag_1.svg,3bd794dabcd15dd1f9f3d97ac103f82bd3da8cb802845ccd164b626df020a1a2,No explicit SVG canvas/viewBox; verify importer bounds. One gameCharacter.svg has a corrected override.
work/full-audit/downloads/mega-assets-expansion-v1/tiddybub-2d-assets.zip,tiddybub-2d-assets/ui/board-game-icons/Vector/Icons/token_remove.svg,534351d46c38e56abc9705b94064aae7de6b13b1316dc7abdfc5d8bde32b41a6,No explicit SVG canvas/viewBox; verify importer bounds. One gameCharacter.svg has a corrected override.
work/full-audit/downloads/mega-assets-expansion-v1/tiddybub-2d-assets.zip,tiddybub-2d-assets/ui/board-game-icons/Vector/Icons/d8_outline.svg,6c8d5c26b2faeea4164f2bd2541c03f1b4b5197a021a1fd918042ded8ff22085,No explicit SVG canvas/viewBox; verify importer bounds. One gameCharacter.svg has a corrected override.
work/full-audit/downloads/mega-assets-expansion-v1/tiddybub-2d-assets.zip,tiddybub-2d-assets/ui/board-game-icons/Vector/Icons/dice_detailed.svg,3789c2a8ea89e9e1123dcdacf01cb69a7e25b7838cb61b6859a3f7126fcc95bd,No explicit SVG canvas/viewBox; verify importer bounds. One gameCharacter.svg has a corrected override.
work/full-audit/downloads/mega-assets-expansion-v1/tiddybub-2d-assets.zip,tiddybub-2d-assets/ui/board-game-icons/Vector/Icons/d8_number.svg,4bd0837af4f9844ec90795b37fd8d0f32b8a191685ad786cf4eb1f2dfe4ead86,No explicit SVG canvas/viewBox; verify importer bounds. One gameCharacter.svg has a corrected override.
work/full-audit/downloads/mega-assets-expansion-v1/tiddybub-2d-assets.zip,tiddybub-2d-assets/ui/board-game-icons/Vector/Icons/pawn_skip.svg,0acea08f09d2172e5902a1f7cf958ff58d789d71de045d890dcd9779a712ef8a,No explicit SVG canvas/viewBox; verify importer bounds. One gameCharacter.svg has a corrected override.
work/full-audit/downloads/mega-assets-expansion-v1/tiddybub-2d-assets.zip,tiddybub-2d-assets/ui/board-game-icons/Vector/Icons/card_remove.svg,aae54745dddf11ede405177755b7858ba9741d5913e62a6f8bf517bcaef09984,No explicit SVG canvas/viewBox; verify importer bounds. One gameCharacter.svg has a corrected override.
work/full-audit/downloads/mega-assets-expansion-v1/tiddybub-2d-assets.zip,tiddybub-2d-assets/ui/board-game-icons/Vector/Icons/suit_hearts_broken.svg,b02403bf5ce14e833cb12624bfe0810e27e7e5df288d28573b1efe548ffd3178,No explicit SVG canvas/viewBox; verify importer bounds. One gameCharacter.svg has a corrected override.
work/full-audit/downloads/mega-assets-expansion-v1/tiddybub-2d-assets.zip,tiddybub-2d-assets/ui/board-game-icons/Vector/Icons/arrow_rotate.svg,60eb633ef2ca64e7919bf08392b765f2bb172ae264c606f4cd2cd105cd585153,No explicit SVG canvas/viewBox; verify importer bounds. One gameCharacter.svg has a corrected override.
work/full-audit/downloads/mega-assets-expansion-v1/tiddybub-2d-assets.zip,tiddybub-2d-assets/ui/board-game-icons/Vector/Icons/card_tap_outline_up.svg,37e45db2f01aded18d01b8fb94dcd9c5ca13e969f63e4a4d09d38788efa6ac56,No explicit SVG canvas/viewBox; verify importer bounds. One gameCharacter.svg has a corrected override.
work/full-audit/downloads/mega-assets-expansion-v1/tiddybub-2d-assets.zip,tiddybub-2d-assets/ui/board-game-icons/Vector/Icons/dice_sword.svg,c415c8a0318b70f60b20cbaad05ea84c4e27a9d1ac2fa23641280c4846388ff3,No explicit SVG canvas/viewBox; verify importer bounds. One gameCharacter.svg has a corrected override.
work/full-audit/downloads/mega-assets-expansion-v1/tiddybub-2d-assets.zip,tiddybub-2d-assets/ui/board-game-icons/Vector/Icons/card_subtract.svg,a9a3b1a6cf2339904d61c97dd0739291f17dde3115a5a12cde4350328172c97c,No explicit SVG canvas/viewBox; verify importer bounds. One gameCharacter.svg has a corrected override.
work/full-audit/downloads/mega-assets-expansion-v1/tiddybub-2d-assets.zip,tiddybub-2d-assets/ui/board-game-icons/Vector/Icons/resource_apple.svg,55bfd1e7ce5bf1feed028a7cbbd3a8903f839ca413f2fffe74e63256b9de33db,No explicit SVG canvas/viewBox; verify importer bounds. One gameCharacter.svg has a corrected override.
work/full-audit/downloads/mega-assets-expansion-v1/tiddybub-2d-assets.zip,tiddybub-2d-assets/ui/board-game-icons/Vector/Icons/card_rotate.svg,efbe2b86cdbcb0c25e51f58b7f9412bb0f975c940a5a4e38647fe27a05e75c72,No explicit SVG canvas/viewBox; verify importer bounds. One gameCharacter.svg has a corrected override.
work/full-audit/downloads/mega-assets-expansion-v1/tiddybub-2d-assets.zip,tiddybub-2d-assets/ui/board-game-icons/Vector/Icons/card_outline.svg,3891ee2eb8d530c3f34d387c72e9999ceeb5dbf5401a57993f3e3a9eaff387f9,No explicit SVG canvas/viewBox; verify importer bounds. One gameCharacter.svg has a corrected override.
work/full-audit/downloads/mega-assets-expansion-v1/tiddybub-2d-assets.zip,tiddybub-2d-assets/ui/board-game-icons/Vector/Icons/token_add.svg,32cf99bca560c8cba6e0e37517578feac075b0b0f057b48cb4baabb31123d448,No explicit SVG canvas/viewBox; verify importer bounds. One gameCharacter.svg has a corrected override.
work/full-audit/downloads/mega-assets-expansion-v1/tiddybub-2d-assets.zip,tiddybub-2d-assets/ui/board-game-icons/Vector/Icons/tag_shield_7.svg,6b90062c8f9ba1eba2cb3cd1810dad8ca65f21cb1420dffe7e5d984d8cd86031,No explicit SVG canvas/viewBox; verify importer bounds. One gameCharacter.svg has a corrected override.
work/full-audit/downloads/mega-assets-expansion-v1/tiddybub-2d-assets.zip,tiddybub-2d-assets/ui/board-game-icons/Vector/Icons/cards_stack_cross.svg,aa8bf13d00dc606534b830a66e998f2db607eeee3e76645e9755dff54c676690,No explicit SVG canvas/viewBox; verify importer bounds. One gameCharacter.svg has a corrected override.
work/full-audit/downloads/mega-assets-expansion-v1/tiddybub-2d-assets.zip,tiddybub-2d-assets/ui/board-game-icons/Vector/Icons/tag_d6_cross.svg,8572f29b480b27f03e6d439a122ff4a3dde6ab9740ea3bf2f3c905feadc2a3a6,No explicit SVG canvas/viewBox; verify importer bounds. One gameCharacter.svg has a corrected override.
work/full-audit/downloads/mega-assets-expansion-v1/tiddybub-2d-assets.zip,tiddybub-2d-assets/ui/board-game-icons/Vector/Icons/tag_infinite.svg,09787d0ef2c39f82942d52f295b94e107728f66b713bfa884f6715236b81794c,No explicit SVG canvas/viewBox; verify importer bounds. One gameCharacter.svg has a corrected override.
work/full-audit/downloads/mega-assets-expansion-v1/tiddybub-2d-assets.zip,tiddybub-2d-assets/ui/board-game-icons/Vector/Icons/hexagon_in.svg,a7dd45947ac0b8faf88919e7cb3a4f9c0bc08324c69925527f1c190471646832,No explicit SVG canvas/viewBox; verify importer bounds. One gameCharacter.svg has a corrected override.
work/full-audit/downloads/mega-assets-expansion-v1/tiddybub-2d-assets.zip,tiddybub-2d-assets/ui/board-game-icons/Vector/Icons/card_tap_up.svg,91676e9983f846ccf89b1ed421bc5cd4b29b7021cd1a4d5131581d4112614a5a,No explicit SVG canvas/viewBox; verify importer bounds. One gameCharacter.svg has a corrected override.
work/full-audit/downloads/mega-assets-expansion-v1/tiddybub-2d-assets.zip,tiddybub-2d-assets/ui/board-game-icons/Vector/Icons/card_tap_down.svg,411f962ddb609a7441c8c4000526e51b19ef3d24dfd3d30a22b59c51aa319e79,No explicit SVG canvas/viewBox; verify importer bounds. One gameCharacter.svg has a corrected override.
work/full-audit/downloads/mega-assets-expansion-v1/tiddybub-2d-assets.zip,tiddybub-2d-assets/ui/board-game-icons/Vector/Icons/card_outline_remove.svg,d4a75205d2b2e2d7ee8cfdd87dc60ec30d7a035ed1db3a14f61f7c71749c2c2e,No explicit SVG canvas/viewBox; verify importer bounds. One gameCharacter.svg has a corrected override.
work/full-audit/downloads/mega-assets-expansion-v1/tiddybub-2d-assets.zip,tiddybub-2d-assets/ui/board-game-icons/Vector/Icons/tag_d6.svg,c31c45419093d5760a7e97230e9559832237848f328d6bda322b4568e6981253,No explicit SVG canvas/viewBox; verify importer bounds. One gameCharacter.svg has a corrected override.
work/full-audit/downloads/mega-assets-expansion-v1/tiddybub-2d-assets.zip,tiddybub-2d-assets/ui/board-game-icons/Vector/Icons/tag_shield_8.svg,00822ba5faa57c1858028633de2f1abfec3afbc952a1ba907f8597b379d5e747,No explicit SVG canvas/viewBox; verify importer bounds. One gameCharacter.svg has a corrected override.
work/full-audit/downloads/mega-assets-expansion-v1/tiddybub-2d-assets.zip,tiddybub-2d-assets/ui/board-game-icons/Vector/Icons/d2.svg,a7323bd1b8fd1a1252d001a971a1f8006c52a0671b2047d4f2acf749412c9a2a,No explicit SVG canvas/viewBox; verify importer bounds. One gameCharacter.svg has a corrected override.
work/full-audit/downloads/mega-assets-expansion-v1/tiddybub-2d-assets.zip,tiddybub-2d-assets/ui/board-game-icons/Vector/Icons/hexagon_out.svg,c1772ca4c352418fe80579005866c7aca961686e280d370a3fb0efdd76226ac8,No explicit SVG canvas/viewBox; verify importer bounds. One gameCharacter.svg has a corrected override.
work/full-audit/downloads/mega-assets-expansion-v1/tiddybub-2d-assets.zip,tiddybub-2d-assets/ui/board-game-icons/Vector/Icons/dice_empty.svg,7ca79f032a68b225a293dab925b09a94194ce7e0b032efaf2ed5acf2821cfe6c,No explicit SVG canvas/viewBox; verify importer bounds. One gameCharacter.svg has a corrected override.
work/full-audit/downloads/mega-assets-expansion-v1/tiddybub-2d-assets.zip,tiddybub-2d-assets/ui/board-game-icons/Vector/Icons/cards_order.svg,b526cff8c81f8ad08bf0b92013fdb61fe41e837b4b5cc628dab1c2786d38042e,No explicit SVG canvas/viewBox; verify importer bounds. One gameCharacter.svg has a corrected override.
work/full-audit/downloads/mega-assets-expansion-v1/tiddybub-2d-assets.zip,tiddybub-2d-assets/ui/board-game-icons/Vector/Icons/d3_outline_number.svg,3223c8edbc72147cd3fee931a79600ab5b0eb68b473a6d58ab2d57a1801f91ac,No explicit SVG canvas/viewBox; verify importer bounds. One gameCharacter.svg has a corrected override.
work/full-audit/downloads/mega-assets-expansion-v1/tiddybub-2d-assets.zip,tiddybub-2d-assets/ui/board-game-icons/Vector/Icons/hourglass.svg,5abed8d1c98b26dccc1c6159a3cb5df0a2be52815c55e15897a9b463aa2374f8,No explicit SVG canvas/viewBox; verify importer bounds. One gameCharacter.svg has a corrected override.
work/full-audit/downloads/mega-assets-expansion-v1/tiddybub-2d-assets.zip,tiddybub-2d-assets/ui/board-game-icons/Vector/Icons/card_tap_outline.svg,d5a741840b2b0135249bae7b270ee35ecb5469b66570a9dbd53124418de2433a,No explicit SVG canvas/viewBox; verify importer bounds. One gameCharacter.svg has a corrected override.
work/full-audit/downloads/mega-assets-expansion-v1/tiddybub-2d-assets.zip,tiddybub-2d-assets/ui/board-game-icons/Vector/Icons/rhombus.svg,4ba2570619ad7a006bd20f4e1460a8bf8fad04e8d6b72304669699d2a18f781b,No explicit SVG canvas/viewBox; verify importer bounds. One gameCharacter.svg has a corrected override.
work/full-audit/downloads/mega-assets-expansion-v1/tiddybub-2d-assets.zip,tiddybub-2d-assets/ui/board-game-icons/Vector/Icons/chess_bishop.svg,0dc947e9b0fc4cb7fca03e87fde763c3532323bc1d3da5ec4384681691ba7d15,No explicit SVG canvas/viewBox; verify importer bounds. One gameCharacter.svg has a corrected override.
work/full-audit/downloads/mega-assets-expansion-v1/tiddybub-2d-assets.zip,tiddybub-2d-assets/ui/board-game-icons/Vector/Icons/card_down_outline.svg,777552379c71ae4698898b651e37636fe4630c61e9717075f2e75548a8e96bb6,No explicit SVG canvas/viewBox; verify importer bounds. One gameCharacter.svg has a corrected override.
work/full-audit/downloads/mega-assets-expansion-v1/tiddybub-2d-assets.zip,tiddybub-2d-assets/ui/board-game-icons/Vector/Icons/flask_full.svg,7ddb1e52bf26c19e2a6c29c14a860786ffd48b62366494a741559e1bf7802913,No explicit SVG canvas/viewBox; verify importer bounds. One gameCharacter.svg has a corrected override.
work/full-audit/downloads/mega-assets-expansion-v1/tiddybub-2d-assets.zip,tiddybub-2d-assets/ui/board-game-icons/Vector/Icons/tag_d6_3.svg,8eb47b0351c7ccff40c5a4bed65992cabd2580ca3012743d2effae3fb26a07dd,No explicit SVG canvas/viewBox; verify importer bounds. One gameCharacter.svg has a corrected override.
work/full-audit/downloads/mega-assets-expansion-v1/tiddybub-2d-assets.zip,tiddybub-2d-assets/ui/board-game-icons/Vector/Icons/resource_lumber.svg,f39b9e1b93ec24dc21ba2aae904324f6ac2069a294f75302f09dac20a58483f6,No explicit SVG canvas/viewBox; verify importer bounds. One gameCharacter.svg has a corrected override.
work/full-audit/downloads/mega-assets-expansion-v1/tiddybub-2d-assets.zip,tiddybub-2d-assets/ui/board-game-icons/Vector/Icons/d20_number.svg,fa18b4ca65e39635d8f79eeed973620dc78f33e080a6536b0c4d27c510936195,No explicit SVG canvas/viewBox; verify importer bounds. One gameCharacter.svg has a corrected override.
work/full-audit/downloads/mega-assets-expansion-v1/tiddybub-2d-assets.zip,tiddybub-2d-assets/ui/board-game-icons/Vector/Icons/resource_wood.svg,caaacd6126105eebb0538ebac64827a6da4b678428fbfbc668f683988b0d9cfb,No explicit SVG canvas/viewBox; verify importer bounds. One gameCharacter.svg has a corrected override.
work/full-audit/downloads/mega-assets-expansion-v1/tiddybub-2d-assets.zip,tiddybub-2d-assets/ui/board-game-icons/Vector/Icons/structure_tower.svg,b7d9538a06eb7e16b64d7c29076176b23a707a111dbb15ea1eae1e979b23e1e4,No explicit SVG canvas/viewBox; verify importer bounds. One gameCharacter.svg has a corrected override.
work/full-audit/downloads/mega-assets-expansion-v1/tiddybub-2d-assets.zip,tiddybub-2d-assets/ui/board-game-icons/Vector/Icons/d2_outline_number.svg,b46b149106110a72ba360242593fcbfc8dfa8d54cda29842acde9f3f32a9d680,No explicit SVG canvas/viewBox; verify importer bounds. One gameCharacter.svg has a corrected override.
work/full-audit/downloads/mega-assets-expansion-v1/tiddybub-2d-assets.zip,tiddybub-2d-assets/ui/board-game-icons/Vector/Icons/d20_outline_number.svg,e69dfedb1cec9d1417cbf64c07aa9d5563628a60bfea697da72e6d88c06b3204,No explicit SVG canvas/viewBox; verify importer bounds. One gameCharacter.svg has a corrected override.
work/full-audit/downloads/mega-assets-expansion-v1/tiddybub-2d-assets.zip,tiddybub-2d-assets/ui/board-game-icons/Vector/Icons/timer_CCW_25.svg,248af8f382c925a19a29e903a24ed25feca37292abd5d299ef22cf190c336c1d,No explicit SVG canvas/viewBox; verify importer bounds. One gameCharacter.svg has a corrected override.
work/full-audit/downloads/mega-assets-expansion-v1/tiddybub-2d-assets.zip,tiddybub-2d-assets/ui/board-game-icons/Vector/Icons/sword.svg,65c51c8d87d04ee3cd157c836f711f503e930ac5ec544fd0b726a3a0d12e6cca,No explicit SVG canvas/viewBox; verify importer bounds. One gameCharacter.svg has a corrected override.
work/full-audit/downloads/mega-assets-expansion-v1/tiddybub-2d-assets.zip,tiddybub-2d-assets/ui/board-game-icons/Vector/Icons/character_remove.svg,40339ad48dcad59f51659e5ec55940f707b52f17ecadd90dd78f1bb171c3b2d4,No explicit SVG canvas/viewBox; verify importer bounds. One gameCharacter.svg has a corrected override.
work/full-audit/downloads/mega-assets-expansion-v1/tiddybub-2d-assets.zip,tiddybub-2d-assets/ui/board-game-icons/Vector/Icons/pouch_add.svg,333ed1b61032a7f859870cde00c8586e8854e9a55551bb61a8f12f50ab54f07d,No explicit SVG canvas/viewBox; verify importer bounds. One gameCharacter.svg has a corrected override.
work/full-audit/downloads/mega-assets-expansion-v1/tiddybub-2d-assets.zip,tiddybub-2d-assets/ui/board-game-icons/Vector/Icons/arrow_diagonal_cross_divided.svg,c9d491c11c908ddc893e742248ea5671232004ea8cd85d71b2985435393492da,No explicit SVG canvas/viewBox; verify importer bounds. One gameCharacter.svg has a corrected override.
work/full-audit/downloads/mega-assets-expansion-v1/tiddybub-2d-assets.zip,tiddybub-2d-assets/ui/board-game-icons/Vector/Icons/dollar.svg,680e19fa2486301805c399e1f2c35629e857ea5c8a01f27d37751a47824cc094,No explicit SVG canvas/viewBox; verify importer bounds. One gameCharacter.svg has a corrected override.
work/full-audit/downloads/mega-assets-expansion-v1/tiddybub-2d-assets.zip,tiddybub-2d-assets/ui/board-game-icons/Vector/Icons/chess_rook.svg,ec49236f46cbc590800d1c3d96435c1a88d65047e62e07732c1e13df1c0acd15,No explicit SVG canvas/viewBox; verify importer bounds. One gameCharacter.svg has a corrected override.
work/full-audit/downloads/mega-assets-expansion-v1/tiddybub-2d-assets.zip,tiddybub-2d-assets/ui/board-game-icons/Vector/Icons/hourglass_top.svg,6bb3d2ea375970994d7c4def4314c0f7a40d5f6911988be5a70c63b4c138f6db,No explicit SVG canvas/viewBox; verify importer bounds. One gameCharacter.svg has a corrected override.
work/full-audit/downloads/mega-assets-expansion-v1/tiddybub-2d-assets.zip,tiddybub-2d-assets/ui/board-game-icons/Vector/Icons/arrow_diagonal.svg,4df94ad39a31d3d27656b94654fdaabde2d74220bd2f33f13dee1218c1f86c09,No explicit SVG canvas/viewBox; verify importer bounds. One gameCharacter.svg has a corrected override.
work/full-audit/downloads/mega-assets-expansion-v1/tiddybub-2d-assets.zip,tiddybub-2d-assets/ui/board-game-icons/Vector/Icons/exploding.svg,ceee57b34ceffec9f187a8e40115f23a5f69ac89e53bbe7b90e1e403b1512209,No explicit SVG canvas/viewBox; verify importer bounds. One gameCharacter.svg has a corrected override.
work/full-audit/downloads/mega-assets-expansion-v1/tiddybub-2d-assets.zip,tiddybub-2d-assets/ui/board-game-icons/Vector/Icons/arrow_counterclockwise.svg,7d11d0a4c3539787e751ff40c629d8e615e7f42eaee881e4f785374ac13f8ce5,No explicit SVG canvas/viewBox; verify importer bounds. One gameCharacter.svg has a corrected override.
work/full-audit/downloads/mega-assets-expansion-v1/tiddybub-2d-assets.zip,tiddybub-2d-assets/ui/board-game-icons/Vector/Icons/suit_hearts.svg,c0be83d60cccca3a385a41b6afcbdd35850b9d3dfcb2e8599a150240388ab1cd,No explicit SVG canvas/viewBox; verify importer bounds. One gameCharacter.svg has a corrected override.
work/full-audit/downloads/mega-assets-expansion-v1/tiddybub-2d-assets.zip,tiddybub-2d-assets/ui/board-game-icons/Vector/Icons/pawn_reverse.svg,05b3adebb72d2ae0978cd80a2bdc85c038cb5048c1e8ccad06e3223a94f1593b,No explicit SVG canvas/viewBox; verify importer bounds. One gameCharacter.svg has a corrected override.
work/full-audit/downloads/mega-assets-expansion-v1/tiddybub-2d-assets.zip,tiddybub-2d-assets/ui/board-game-icons/Vector/Icons/cards_stack_high.svg,17a660c34395ceb4d6834771cfd3b5008e3a9d71478c19626a2f0c554fc09ab7,No explicit SVG canvas/viewBox; verify importer bounds. One gameCharacter.svg has a corrected override.
work/full-audit/downloads/mega-assets-expansion-v1/tiddybub-2d-assets.zip,tiddybub-2d-assets/ui/board-game-icons/Vector/Icons/direction_e.svg,fdc3e4912203bcbc36c83f375e04f36a3b2a7597636601d5ab170047de5b1e9c,No explicit SVG canvas/viewBox; verify importer bounds. One gameCharacter.svg has a corrected override.
work/full-audit/downloads/mega-assets-expansion-v1/tiddybub-2d-assets.zip,tiddybub-2d-assets/ui/board-game-icons/Vector/Icons/d10_outline.svg,698401d8ff70486b90b020628a090354f93c023d9e44823ae8a139f2a9693c1b,No explicit SVG canvas/viewBox; verify importer bounds. One gameCharacter.svg has a corrected override.
work/full-audit/downloads/mega-assets-expansion-v1/tiddybub-2d-assets.zip,tiddybub-2d-assets/ui/board-game-icons/Vector/Icons/structure_gate.svg,6e9a33c19a628342a09a8afe88d935ac5405e19c585f8cf64afaf46e29dae42e,No explicit SVG canvas/viewBox; verify importer bounds. One gameCharacter.svg has a corrected override.
work/full-audit/downloads/mega-assets-expansion-v1/tiddybub-2d-assets.zip,tiddybub-2d-assets/ui/board-game-icons/Vector/Icons/cards_shift.svg,c41704f653756a10f4ff1116493a7e619bbed1fe8b49042ec359f5c8d9ef8283,No explicit SVG canvas/viewBox; verify importer bounds. One gameCharacter.svg has a corrected override.
work/full-audit/downloads/mega-assets-expansion-v1/tiddybub-2d-assets.zip,tiddybub-2d-assets/ui/board-game-icons/Vector/Icons/timer_CCW_50.svg,b46dd9c011c268077b7604967d26945e13910e799b8f3fb71aa02d7a3ab92de3,No explicit SVG canvas/viewBox; verify importer bounds. One gameCharacter.svg has a corrected override.
work/full-audit/downloads/mega-assets-expansion-v1/tiddybub-2d-assets.zip,tiddybub-2d-assets/ui/board-game-icons/Vector/Icons/dice_question.svg,a842c623b5e90eae24f1df6e699f0e0cac5c9ff972b7d1a42fb1f4fb24c0b8b3,No explicit SVG canvas/viewBox; verify importer bounds. One gameCharacter.svg has a corrected override.
work/full-audit/downloads/mega-assets-expansion-v1/tiddybub-2d-assets.zip,tiddybub-2d-assets/ui/board-game-icons/Vector/Icons/cards_return.svg,ba96fa05bb4d1675a6760b8e1379735ccce92f0f883698fd4d10aae7cb0fa233,No explicit SVG canvas/viewBox; verify importer bounds. One gameCharacter.svg has a corrected override.
work/full-audit/downloads/mega-assets-expansion-v1/tiddybub-2d-assets.zip,tiddybub-2d-assets/ui/board-game-icons/Vector/Icons/timer_0.svg,6690764c7be00afeedd577c932db1a47824395e49869fd4b41028d6812e9108d,No explicit SVG canvas/viewBox; verify importer bounds. One gameCharacter.svg has a corrected override.
work/full-audit/downloads/mega-assets-expansion-v1/tiddybub-2d-assets.zip,tiddybub-2d-assets/ui/board-game-icons/Vector/Icons/notepad_write.svg,388e3f1ccff501b5e570dc7bfe2cab56ee081d0ff310e20a11475629f4cbe101,No explicit SVG canvas/viewBox; verify importer bounds. One gameCharacter.svg has a corrected override.
work/full-audit/downloads/mega-assets-expansion-v1/tiddybub-2d-assets.zip,tiddybub-2d-assets/ui/board-game-icons/Vector/Icons/hand_cube.svg,97cc5bb91756b6d98e9e6d98a746a872ee8497f044249dec86851436bdfba2b6,No explicit SVG canvas/viewBox; verify importer bounds. One gameCharacter.svg has a corrected override.
work/full-audit/downloads/mega-assets-expansion-v1/tiddybub-2d-assets.zip,tiddybub-2d-assets/ui/board-game-icons/Vector/Icons/d8.svg,77265d10f96db131d9ed03747fbbb4a14f33527f8e37c076e03c682f055f2819,No explicit SVG canvas/viewBox; verify importer bounds. One gameCharacter.svg has a corrected override.
work/full-audit/downloads/mega-assets-expansion-v1/tiddybub-2d-assets.zip,tiddybub-2d-assets/ui/board-game-icons/Vector/Icons/dice_shield.svg,e52558140031cbd4755a80d3d8e158a54f8e91a89e17e2c195e8eb174f3e17a4,No explicit SVG canvas/viewBox; verify importer bounds. One gameCharacter.svg has a corrected override.
work/full-audit/downloads/mega-assets-expansion-v1/tiddybub-2d-assets.zip,tiddybub-2d-assets/ui/board-game-icons/Vector/Icons/d20.svg,b5e36eb939799a2002752ad406a21df41087836222c025ecaa4d90de13ed54a5,No explicit SVG canvas/viewBox; verify importer bounds. One gameCharacter.svg has a corrected override.
work/full-audit/downloads/mega-assets-expansion-v1/tiddybub-2d-assets.zip,tiddybub-2d-assets/ui/board-game-icons/Vector/Icons/tag_empty.svg,65b52efd37d92d4cc7637e85aa1aa8b1e2c1cf9757ed704eb13e499a9314675d,No explicit SVG canvas/viewBox; verify importer bounds. One gameCharacter.svg has a corrected override.
work/full-audit/downloads/mega-assets-expansion-v1/tiddybub-2d-assets.zip,tiddybub-2d-assets/ui/board-game-icons/Vector/Icons/flip_empty.svg,51439a51bcbaa172747d73ec442195ed02a79ab64a1ac282612d9ecea61c31b3,No explicit SVG canvas/viewBox; verify importer bounds. One gameCharacter.svg has a corrected override.
work/full-audit/downloads/mega-assets-expansion-v1/tiddybub-2d-assets.zip,tiddybub-2d-assets/ui/board-game-icons/Vector/Icons/flag_triangle.svg,876590c8f5e5589e72b28ecc692da79477aa0f75c0fc9e39e1cb3e9ee42680b9,No explicit SVG canvas/viewBox; verify importer bounds. One gameCharacter.svg has a corrected override.
work/full-audit/downloads/mega-assets-expansion-v1/tiddybub-2d-assets.zip,tiddybub-2d-assets/ui/board-game-icons/Vector/Icons/character.svg,8ca5a33faead4da33bf5955ae6edfecd59cbc4c1cd569c7e895be4117db7a4e3,No explicit SVG canvas/viewBox; verify importer bounds. One gameCharacter.svg has a corrected override.
work/full-audit/downloads/mega-assets-expansion-v1/tiddybub-2d-assets.zip,tiddybub-2d-assets/ui/board-game-icons/Vector/Icons/tag_9.svg,b3d28d1c09c83740a666376d5377e2ce2308bd7efebdf5d61dc72a9825591678,No explicit SVG canvas/viewBox; verify importer bounds. One gameCharacter.svg has a corrected override.
work/full-audit/downloads/mega-assets-expansion-v1/tiddybub-2d-assets.zip,tiddybub-2d-assets/ui/board-game-icons/Vector/Icons/tag_6.svg,d7893ff0d0c88c386c585b5173c385f89fdfc6a1369af1168eaa74cb30c310fb,No explicit SVG canvas/viewBox; verify importer bounds. One gameCharacter.svg has a corrected override.
work/full-audit/downloads/mega-assets-expansion-v1/tiddybub-2d-assets.zip,tiddybub-2d-assets/ui/board-game-icons/Vector/Icons/pawn_table.svg,ca23c59ca85b8cdc9f67edee04ff9edad1bb19d2dc61e09415d8af76587ab484,No explicit SVG canvas/viewBox; verify importer bounds. One gameCharacter.svg has a corrected override.
work/full-audit/downloads/mega-assets-expansion-v1/tiddybub-2d-assets.zip,tiddybub-2d-assets/ui/board-game-icons/Vector/Icons/arrow_right.svg,8ba07def80ac5e7a639bae70351f7420c32037c80ce8ebf5cd31de54236d1ba1,No explicit SVG canvas/viewBox; verify importer bounds. One gameCharacter.svg has a corrected override.
work/full-audit/downloads/mega-assets-expansion-v1/tiddybub-2d-assets.zip,tiddybub-2d-assets/ui/board-game-icons/Vector/Icons/tag_shield_2.svg,75fe2f2171fefa423388993713d12e5710644ac4f4c00fbb52816b420b21cb08,No explicit SVG canvas/viewBox; verify importer bounds. One gameCharacter.svg has a corrected override.
work/full-audit/downloads/mega-assets-expansion-v1/tiddybub-2d-assets.zip,tiddybub-2d-assets/ui/board-game-icons/Vector/Icons/d12_outline_number.svg,beec28831046e7d1d947d6c7d0f9aa6fbde71c410320f1c143ee7010db415cbb,No explicit SVG canvas/viewBox; verify importer bounds. One gameCharacter.svg has a corrected override.
work/full-audit/downloads/mega-assets-expansion-v1/tiddybub-2d-assets.zip,tiddybub-2d-assets/ui/board-game-icons/Vector/Icons/bow.svg,1571497414aff233de257f921350dd49687986284b277e5c26db094688f785d0,No explicit SVG canvas/viewBox; verify importer bounds. One gameCharacter.svg has a corrected override.
work/full-audit/downloads/mega-assets-expansion-v1/tiddybub-2d-assets.zip,tiddybub-2d-assets/ui/board-game-icons/Vector/Icons/dice_3.svg,42741aba9012626c9ccf5691f73b97defeb13b9eb7c759de783a3413d599f2ea,No explicit SVG canvas/viewBox; verify importer bounds. One gameCharacter.svg has a corrected override.
work/full-audit/downloads/mega-assets-expansion-v1/tiddybub-2d-assets.zip,tiddybub-2d-assets/ui/board-game-icons/Vector/Icons/structure_farm.svg,6169b52c980e98bc664c78cc828032777de61672a0cfff12f7667eb11866714e,No explicit SVG canvas/viewBox; verify importer bounds. One gameCharacter.svg has a corrected override.
work/full-audit/downloads/mega-assets-expansion-v1/tiddybub-2d-assets.zip,tiddybub-2d-assets/ui/board-game-icons/Vector/Icons/suit_spades.svg,dba70e93a6b7c88b6a11d0cdf975499498441265dc371efd059b0418b555b88d,No explicit SVG canvas/viewBox; verify importer bounds. One gameCharacter.svg has a corrected override.
work/full-audit/downloads/mega-assets-expansion-v1/tiddybub-2d-assets.zip,tiddybub-2d-assets/ui/board-game-icons/Vector/Icons/spinner.svg,ff03844b8aa37a8c294bdb457ee6b06cbc0e9ac452564e13948c399352f14cb2,No explicit SVG canvas/viewBox; verify importer bounds. One gameCharacter.svg has a corrected override.
work/full-audit/downloads/mega-assets-expansion-v1/tiddybub-2d-assets.zip,tiddybub-2d-assets/ui/board-game-icons/Vector/Icons/chess_pawn.svg,76898d409c0ea69ba218266d9ca74a45261ee818e92c0dfbc36e67323fd110f2,No explicit SVG canvas/viewBox; verify importer bounds. One gameCharacter.svg has a corrected override.
work/full-audit/downloads/mega-assets-expansion-v1/tiddybub-2d-assets.zip,tiddybub-2d-assets/ui/board-game-icons/Vector/Icons/d6.svg,91bd81c56068b8abc6af919352055ab0cd14120c80670cbf1e3274c78b0b047f,No explicit SVG canvas/viewBox; verify importer bounds. One gameCharacter.svg has a corrected override.
work/full-audit/downloads/mega-assets-expansion-v1/tiddybub-2d-assets.zip,tiddybub-2d-assets/ui/board-game-icons/Vector/Icons/tag_shield_infinite.svg,48d88f211762147ed8ca843e6926452ccb93e6582580bcf3ec337298c9176b73,No explicit SVG canvas/viewBox; verify importer bounds. One gameCharacter.svg has a corrected override.
work/full-audit/downloads/mega-assets-expansion-v1/tiddybub-2d-assets.zip,tiddybub-2d-assets/ui/board-game-icons/Vector/Icons/pawn_down.svg,78a6353a473c872ca25fd05bfc631b12485619f0cec56ff0f4c80dc1d9a0bfb6,No explicit SVG canvas/viewBox; verify importer bounds. One gameCharacter.svg has a corrected override.
work/full-audit/downloads/mega-assets-expansion-v1/tiddybub-2d-assets.zip,tiddybub-2d-assets/ui/board-game-icons/Vector/Icons/tokens.svg,37374b34cee1ac2c797a9019720efb4defeea28261eaa5a2808973f2eab942b7,No explicit SVG canvas/viewBox; verify importer bounds. One gameCharacter.svg has a corrected override.
work/full-audit/downloads/mega-assets-expansion-v1/tiddybub-2d-assets.zip,tiddybub-2d-assets/ui/board-game-icons/Vector/Icons/dice_out.svg,83b6846212aeeba351ef9b5b8105813496d1d3cfef47ad0ff848822333e6cf3a,No explicit SVG canvas/viewBox; verify importer bounds. One gameCharacter.svg has a corrected override.
work/full-audit/downloads/mega-assets-expansion-v1/tiddybub-2d-assets.zip,tiddybub-2d-assets/ui/board-game-icons/Vector/Icons/hand_token_open.svg,274139d9b8a5a5b365ee5ae1c3ad842ec0f3a90393d598555cbd862773175bb7,No explicit SVG canvas/viewBox; verify importer bounds. One gameCharacter.svg has a corrected override.
work/full-audit/downloads/mega-assets-expansion-v1/tiddybub-2d-assets.zip,tiddybub-2d-assets/ui/ui-pack-rpg-expansion/Vector/uipack_rpg_vector.svg,9c705070b19fbaa2f337a6937843aeebfd56ea8c6ae2b888e71ba3949590bf91,No explicit SVG canvas/viewBox; verify importer bounds. One gameCharacter.svg has a corrected override.
work/full-audit/downloads/mega-assets-expansion-v1/tiddybub-2d-assets.zip,tiddybub-2d-assets/ui/medals/Vector/medals_vector.svg,10908cd4b2a6320efdeef431accb1613d3051e742361d3ca3f0c750a974d42ee,No explicit SVG canvas/viewBox; verify importer bounds. One gameCharacter.svg has a corrected override.
work/full-audit/downloads/mega-assets-expansion-v1/tiddybub-2d-assets.zip,tiddybub-2d-assets/ui/ranks-pack/Vector/ranks_black.svg,1f40a724bf87f3003e5aca185e54345b458aeb56e130b9f635b50168c9f87543,No explicit SVG canvas/viewBox; verify importer bounds. One gameCharacter.svg has a corrected override.
work/full-audit/downloads/mega-assets-expansion-v1/tiddybub-2d-assets.zip,tiddybub-2d-assets/ui/ranks-pack/Vector/ranks_gold.svg,0ac852278d4a060ce9b2bab2e4c8e6999253358dcbbb6f72901536552a0b15fd,No explicit SVG canvas/viewBox; verify importer bounds. One gameCharacter.svg has a corrected override.
work/full-audit/downloads/mega-assets-expansion-v1/tiddybub-2d-assets.zip,tiddybub-2d-assets/ui/ranks-pack/Vector/ranks_bronze.svg,737741344792518f804e106ef0b7f9c283643dcc07fce562cfce1f4ddf96875c,No explicit SVG canvas/viewBox; verify importer bounds. One gameCharacter.svg has a corrected override.
work/full-audit/downloads/mega-assets-expansion-v1/tiddybub-2d-assets.zip,tiddybub-2d-assets/ui/ranks-pack/Vector/ranks_silver.svg,44a753c599ea92fa845f481bbf75f01d3788ac27ab1a53c729ddcf45135a976f,No explicit SVG canvas/viewBox; verify importer bounds. One gameCharacter.svg has a corrected override.
work/full-audit/downloads/mega-assets-expansion-v1/tiddybub-2d-assets.zip,tiddybub-2d-assets/ui/emotes-pack/Vector/emotes_vector.svg,543a65078ca368b77efbae1dd87a2eae28e0f1fa866b96ae142c276fb6d9a74c,No explicit SVG canvas/viewBox; verify importer bounds. One gameCharacter.svg has a corrected override.
work/full-audit/downloads/mega-assets-expansion-v1/tiddybub-2d-assets.zip,tiddybub-2d-assets/ui/game-icons/Vector/vector_whiteIcons.svg,6de88df56865d78baa4070e2938fd4d6358cff47b547d5c782b4f03142275441,No explicit SVG canvas/viewBox; verify importer bounds. One gameCharacter.svg has a corrected override.
work/full-audit/downloads/mega-assets-expansion-v1/tiddybub-2d-assets.zip,tiddybub-2d-assets/ui/game-icons/Vector/vector_blackIcons.svg,c4ede5fcff75c4cbe95adea42e0302af517694abc7d619aadb97e7edeb8c8817,No explicit SVG canvas/viewBox; verify importer bounds. One gameCharacter.svg has a corrected override.
work/full-audit/downloads/mega-assets-expansion-v1/tiddybub-2d-assets.zip,tiddybub-2d-assets/ui/cartography-pack/Vector/cartographyPack_vector.svg,b079e9402058d8abade16b0dba91af6a7d11b752908f481d50881f4d89ef37db,No explicit SVG canvas/viewBox; verify importer bounds. One gameCharacter.svg has a corrected override.
work/full-audit/downloads/mega-assets-expansion-v1/tiddybub-2d-assets.zip,tiddybub-2d-assets/ui/game-icons-expansion/Vector/vector_whiteIcons.svg,0a5bf5392be56ae968f1614046e62f6909700cb5e357365e472684af6bbeece2,No explicit SVG canvas/viewBox; verify importer bounds. One gameCharacter.svg has a corrected override.
work/full-audit/downloads/mega-assets-expansion-v1/tiddybub-2d-assets.zip,tiddybub-2d-assets/ui/game-icons-expansion/Vector/vector_blackIcons.svg,d0df60c893fc636ebea8ad0f089ee32f1abc923cabe21fcfcfb0cea9fdd8a1ff,No explicit SVG canvas/viewBox; verify importer bounds. One gameCharacter.svg has a corrected override.
work/full-audit/downloads/mega-assets-expansion-v1/tiddybub-2d-assets.zip,tiddybub-2d-assets/ui/game-icons-expansion/Game icons (base)/Vector/vector_whiteIcons.svg,6de88df56865d78baa4070e2938fd4d6358cff47b547d5c782b4f03142275441,No explicit SVG canvas/viewBox; verify importer bounds. One gameCharacter.svg has a corrected override.
work/full-audit/downloads/mega-assets-expansion-v1/tiddybub-2d-assets.zip,tiddybub-2d-assets/ui/game-icons-expansion/Game icons (base)/Vector/vector_blackIcons.svg,c4ede5fcff75c4cbe95adea42e0302af517694abc7d619aadb97e7edeb8c8817,No explicit SVG canvas/viewBox; verify importer bounds. One gameCharacter.svg has a corrected override.
work/full-audit/downloads/mega-assets-expansion-v1/tiddybub-2d-assets.zip,tiddybub-2d-assets/ui/board-game-info/Vector/Fantasy/players_1_4.svg,ec48bc5a1cb06919d7b5cfc4638cd79a7934d2d91de1f1946d181a0beaf44cf7,No explicit SVG canvas/viewBox; verify importer bounds. One gameCharacter.svg has a corrected override.
work/full-audit/downloads/mega-assets-expansion-v1/tiddybub-2d-assets.zip,tiddybub-2d-assets/ui/board-game-info/Vector/Fantasy/ages_17.svg,90d018bc02563e96932a1077285fdb817a1330e3759858aa2a9cfb9e5aefc883,No explicit SVG canvas/viewBox; verify importer bounds. One gameCharacter.svg has a corrected override.
work/full-audit/downloads/mega-assets-expansion-v1/tiddybub-2d-assets.zip,tiddybub-2d-assets/ui/board-game-info/Vector/Fantasy/puzzle_text.svg,2cf44c28f08b568dfbb432d2d2790eb61e49fb8bb25f6f0cac547a7d2c99ed90,No explicit SVG canvas/viewBox; verify importer bounds. One gameCharacter.svg has a corrected override.
work/full-audit/downloads/mega-assets-expansion-v1/tiddybub-2d-assets.zip,tiddybub-2d-assets/ui/board-game-info/Vector/Fantasy/players_3_8.svg,cfec711ef9341810b7611e0d63ca9a50470fff2ad47d6faaca59dbbf793a743d,No explicit SVG canvas/viewBox; verify importer bounds. One gameCharacter.svg has a corrected override.
work/full-audit/downloads/mega-assets-expansion-v1/tiddybub-2d-assets.zip,tiddybub-2d-assets/ui/board-game-info/Vector/Fantasy/ages_13.svg,e0ebee42b6d4464f144af053fcea14290a9df74dec205374277c93ea0fae850c,No explicit SVG canvas/viewBox; verify importer bounds. One gameCharacter.svg has a corrected override.
work/full-audit/downloads/mega-assets-expansion-v1/tiddybub-2d-assets.zip,tiddybub-2d-assets/ui/board-game-info/Vector/Fantasy/players_2_8.svg,e959e4b0b3cd9731b63df4005335e6b6140d5c15e1fd40bf73dfea3d6e051e05,No explicit SVG canvas/viewBox; verify importer bounds. One gameCharacter.svg has a corrected override.
work/full-audit/downloads/mega-assets-expansion-v1/tiddybub-2d-assets.zip,tiddybub-2d-assets/ui/board-game-info/Vector/Fantasy/medium_light.svg,0e6b7bc65fda2575612e3388ee0c30f67f0e795717ed8a4c9c4f8a6a57665e12,No explicit SVG canvas/viewBox; verify importer bounds. One gameCharacter.svg has a corrected override.
work/full-audit/downloads/mega-assets-expansion-v1/tiddybub-2d-assets.zip,tiddybub-2d-assets/ui/board-game-info/Vector/Fantasy/interaction_text.svg,b30952ef02fa86feb5f89efaf511eef7f66295f797964bf37bafe6be6b5f1fdd,No explicit SVG canvas/viewBox; verify importer bounds. One gameCharacter.svg has a corrected override.
work/full-audit/downloads/mega-assets-expansion-v1/tiddybub-2d-assets.zip,tiddybub-2d-assets/ui/board-game-info/Vector/Fantasy/players_3.svg,bce449bd6f4089cb0bcdb34164c90799aa3c6d6bac4a2213dc0e15915b41d0b2,No explicit SVG canvas/viewBox; verify importer bounds. One gameCharacter.svg has a corrected override.
work/full-audit/downloads/mega-assets-expansion-v1/tiddybub-2d-assets.zip,tiddybub-2d-assets/ui/board-game-info/Vector/Fantasy/pen_paper.svg,13bdeafbcd102bf090b83a7cec8f2897a780d20b2e9bbddba5dd98fe8f7f9874,No explicit SVG canvas/viewBox; verify importer bounds. One gameCharacter.svg has a corrected override.
work/full-audit/downloads/mega-assets-expansion-v1/tiddybub-2d-assets.zip,tiddybub-2d-assets/ui/board-game-info/Vector/Fantasy/duration.svg,eacc8b1b7bcc0ba89f14aa6576b5f12013b5bb0017181e599d69c4af0dd52415,No explicit SVG canvas/viewBox; verify importer bounds. One gameCharacter.svg has a corrected override.
work/full-audit/downloads/mega-assets-expansion-v1/tiddybub-2d-assets.zip,tiddybub-2d-assets/ui/board-game-info/Vector/Fantasy/choking_hazard_age_text.svg,422547a25438ec7710be6b4023c2f6067987f4ba978a76dd1d133790be8f2a8a,No explicit SVG canvas/viewBox; verify importer bounds. One gameCharacter.svg has a corrected override.
work/full-audit/downloads/mega-assets-expansion-v1/tiddybub-2d-assets.zip,tiddybub-2d-assets/ui/board-game-info/Vector/Fantasy/duration_10.svg,88cafe440eaa1b954ad72e23d6cb2ece0fea9788629e8f34397a3165af1a5795,No explicit SVG canvas/viewBox; verify importer bounds. One gameCharacter.svg has a corrected override.
work/full-audit/downloads/mega-assets-expansion-v1/tiddybub-2d-assets.zip,tiddybub-2d-assets/ui/board-game-info/Vector/Fantasy/strong_language.svg,c42912d143e90b895c4fdb846dea64f3415edf405c2bfaf83c2ad3b9c6c478f4,No explicit SVG canvas/viewBox; verify importer bounds. One gameCharacter.svg has a corrected override.
work/full-audit/downloads/mega-assets-expansion-v1/tiddybub-2d-assets.zip,tiddybub-2d-assets/ui/board-game-info/Vector/Fantasy/ages_all.svg,b77d253ad94ce52e273fc5c19dcbe0c67bd1554ddf317430828596084a3bf545,No explicit SVG canvas/viewBox; verify importer bounds. One gameCharacter.svg has a corrected override.
work/full-audit/downloads/mega-assets-expansion-v1/tiddybub-2d-assets.zip,tiddybub-2d-assets/ui/board-game-info/Vector/Fantasy/players_4_5.svg,cda4e8b0c2d2a073568e5f468608920ca69a330ccdb46c057d2f5601de32c6f0,No explicit SVG canvas/viewBox; verify importer bounds. One gameCharacter.svg has a corrected override.
work/full-audit/downloads/mega-assets-expansion-v1/tiddybub-2d-assets.zip,tiddybub-2d-assets/ui/board-game-info/Vector/Fantasy/duration_60_90.svg,ba82318ba43ad19346f91cac7ab4c30c42f51404ca0155ce65205c06179aa66b,No explicit SVG canvas/viewBox; verify importer bounds. One gameCharacter.svg has a corrected override.
work/full-audit/downloads/mega-assets-expansion-v1/tiddybub-2d-assets.zip,tiddybub-2d-assets/ui/board-game-info/Vector/Fantasy/players_4_8.svg,9352f9fd3a8a8e5b2116cfd3cde128688fd5034da2a9b61665ce6d64571a19df,No explicit SVG canvas/viewBox; verify importer bounds. One gameCharacter.svg has a corrected override.
work/full-audit/downloads/mega-assets-expansion-v1/tiddybub-2d-assets.zip,tiddybub-2d-assets/ui/board-game-info/Vector/Fantasy/players_1_6.svg,d431b7d0c29d88a3b08f37f8811c696079e24db3aa85155985ce18bcc3245c2f,No explicit SVG canvas/viewBox; verify importer bounds. One gameCharacter.svg has a corrected override.
work/full-audit/downloads/mega-assets-expansion-v1/tiddybub-2d-assets.zip,tiddybub-2d-assets/ui/board-game-info/Vector/Fantasy/medium.svg,74a4cb28f200a48bc1bf68fcb95cab0151162e067a1107ead1c38d80f24bbad0,No explicit SVG canvas/viewBox; verify importer bounds. One gameCharacter.svg has a corrected override.
work/full-audit/downloads/mega-assets-expansion-v1/tiddybub-2d-assets.zip,tiddybub-2d-assets/ui/board-game-info/Vector/Fantasy/players_1_5.svg,06b44c5e8df6fdfffd56b9c28b5abeda5a4af7c7e3fd87ac5d4f87e8982e372c,No explicit SVG canvas/viewBox; verify importer bounds. One gameCharacter.svg has a corrected override.
work/full-audit/downloads/mega-assets-expansion-v1/tiddybub-2d-assets.zip,tiddybub-2d-assets/ui/board-game-info/Vector/Fantasy/players_1_2.svg,e5f2e91a5b8a27e18bcef753918692aee28aeff6faa08b4ed6f54e67218fc79c,No explicit SVG canvas/viewBox; verify importer bounds. One gameCharacter.svg has a corrected override.
work/full-audit/downloads/mega-assets-expansion-v1/tiddybub-2d-assets.zip,tiddybub-2d-assets/ui/board-game-info/Vector/Fantasy/tiles.svg,a08a97987307715a115bc6e6faa9eacc58df42e50357c7bfce10fd54362b9b24,No explicit SVG canvas/viewBox; verify importer bounds. One gameCharacter.svg has a corrected override.
work/full-audit/downloads/mega-assets-expansion-v1/tiddybub-2d-assets.zip,tiddybub-2d-assets/ui/board-game-info/Vector/Fantasy/puzzle.svg,fafe6037716df92aa2dd514f269d4429784944174276c07ebe2b41bb709055cc,No explicit SVG canvas/viewBox; verify importer bounds. One gameCharacter.svg has a corrected override.
work/full-audit/downloads/mega-assets-expansion-v1/tiddybub-2d-assets.zip,tiddybub-2d-assets/ui/board-game-info/Vector/Fantasy/choking_hazard.svg,ff942a3c6329ff42a06e3266925b84670c0cb72f525bfc1ba6ac07240ddbdc90,No explicit SVG canvas/viewBox; verify importer bounds. One gameCharacter.svg has a corrected override.
work/full-audit/downloads/mega-assets-expansion-v1/tiddybub-2d-assets.zip,tiddybub-2d-assets/ui/board-game-info/Vector/Fantasy/stopwatch.svg,1dedeb7721e2406763643082a6cad0d2a8aa35e62eaaf1a7a441e2d3c361ccc5,No explicit SVG canvas/viewBox; verify importer bounds. One gameCharacter.svg has a corrected override.
work/full-audit/downloads/mega-assets-expansion-v1/tiddybub-2d-assets.zip,tiddybub-2d-assets/ui/board-game-info/Vector/Fantasy/medium_heavy_text.svg,98f52fcbf26f20d46a947ed5196d939d2c64c098a573b4ad604afaabb7c1da44,No explicit SVG canvas/viewBox; verify importer bounds. One gameCharacter.svg has a corrected override.
work/full-audit/downloads/mega-assets-expansion-v1/tiddybub-2d-assets.zip,tiddybub-2d-assets/ui/board-game-info/Vector/Fantasy/tablet.svg,9cfa5c6c054b38a348ee5012afacfe2997e0dedf8eab41efcf6e51ab0365da53,No explicit SVG canvas/viewBox; verify importer bounds. One gameCharacter.svg has a corrected override.
work/full-audit/downloads/mega-assets-expansion-v1/tiddybub-2d-assets.zip,tiddybub-2d-assets/ui/board-game-info/Vector/Fantasy/players_2_5.svg,ff59edf786dc68fa1521f1661d4723cdbecd2b1ab05a02b1e91ce8f496cb8fae,No explicit SVG canvas/viewBox; verify importer bounds. One gameCharacter.svg has a corrected override.
work/full-audit/downloads/mega-assets-expansion-v1/tiddybub-2d-assets.zip,tiddybub-2d-assets/ui/board-game-info/Vector/Fantasy/heavy_text.svg,e8b02bf204e37a52cea2061e39d4b94ba631762a4de4386ed6f0e63217e5276a,No explicit SVG canvas/viewBox; verify importer bounds. One gameCharacter.svg has a corrected override.
work/full-audit/downloads/mega-assets-expansion-v1/tiddybub-2d-assets.zip,tiddybub-2d-assets/ui/board-game-info/Vector/Fantasy/choking_hazard_age.svg,bc8a7ff1ad8b5a213809f33746ade48fa148dfb361f5f150c35c09b83d9bdc81,No explicit SVG canvas/viewBox; verify importer bounds. One gameCharacter.svg has a corrected override.
work/full-audit/downloads/mega-assets-expansion-v1/tiddybub-2d-assets.zip,tiddybub-2d-assets/ui/board-game-info/Vector/Fantasy/medium_text.svg,44c2d5005eaf22c635c1a694daa3f11488d13b2c02221e85c0c3552264d1bc50,No explicit SVG canvas/viewBox; verify importer bounds. One gameCharacter.svg has a corrected override.
work/full-audit/downloads/mega-assets-expansion-v1/tiddybub-2d-assets.zip,tiddybub-2d-assets/ui/board-game-info/Vector/Fantasy/tablet_text.svg,eaa44d36b7f7da10840d5181fdbf6322d600fe50729221883268ef3dbeca607a,No explicit SVG canvas/viewBox; verify importer bounds. One gameCharacter.svg has a corrected override.
work/full-audit/downloads/mega-assets-expansion-v1/tiddybub-2d-assets.zip,tiddybub-2d-assets/ui/board-game-info/Vector/Fantasy/players_4_9.svg,23ecc7c313d4c8467ddb2e7978ba3dd799100392505754bafc058858a248fa0a,No explicit SVG canvas/viewBox; verify importer bounds. One gameCharacter.svg has a corrected override.
work/full-audit/downloads/mega-assets-expansion-v1/tiddybub-2d-assets.zip,tiddybub-2d-assets/ui/board-game-info/Vector/Fantasy/players_alternative.svg,ab255f4ff698808ae92203630eb9f3ead49d20a6853dec017c89ebdb4cae9892,No explicit SVG canvas/viewBox; verify importer bounds. One gameCharacter.svg has a corrected override.
work/full-audit/downloads/mega-assets-expansion-v1/tiddybub-2d-assets.zip,tiddybub-2d-assets/ui/board-game-info/Vector/Fantasy/light_text.svg,3dde1fd3b7885afd80ff80c3e3bdb0548c212dbad62ec2063e025956aa7cc701,No explicit SVG canvas/viewBox; verify importer bounds. One gameCharacter.svg has a corrected override.
work/full-audit/downloads/mega-assets-expansion-v1/tiddybub-2d-assets.zip,tiddybub-2d-assets/ui/board-game-info/Vector/Fantasy/players_table.svg,885273ac5de6100474ef2166528e674f7990751fd87a57d317e64b8d0ce5bb94,No explicit SVG canvas/viewBox; verify importer bounds. One gameCharacter.svg has a corrected override.
work/full-audit/downloads/mega-assets-expansion-v1/tiddybub-2d-assets.zip,tiddybub-2d-assets/ui/board-game-info/Vector/Fantasy/players_2_10.svg,517ba9da76add90f29f61beaa63cca7727f25d49976db0f7c841540357961a14,No explicit SVG canvas/viewBox; verify importer bounds. One gameCharacter.svg has a corrected override.
work/full-audit/downloads/mega-assets-expansion-v1/tiddybub-2d-assets.zip,tiddybub-2d-assets/ui/board-game-info/Vector/Fantasy/knowledge.svg,b7fb467a03b5dbfa62d2beeb896a418e054fd6cb633c2e120dcc7d39769dd940,No explicit SVG canvas/viewBox; verify importer bounds. One gameCharacter.svg has a corrected override.
work/full-audit/downloads/mega-assets-expansion-v1/tiddybub-2d-assets.zip,tiddybub-2d-assets/ui/board-game-info/Vector/Fantasy/cards_text.svg,246be13648ecb96acda13c049519e5e326b6751a74d1aa66d8370c185bca5c0a,No explicit SVG canvas/viewBox; verify importer bounds. One gameCharacter.svg has a corrected override.
work/full-audit/downloads/mega-assets-expansion-v1/tiddybub-2d-assets.zip,tiddybub-2d-assets/ui/board-game-info/Vector/Fantasy/choking_hazard_text.svg,05036d93366a4cbd6f54bf6de904fc784cb8e8f357b7f75dd52a3761dba9fc3a,No explicit SVG canvas/viewBox; verify importer bounds. One gameCharacter.svg has a corrected override.
work/full-audit/downloads/mega-assets-expansion-v1/tiddybub-2d-assets.zip,tiddybub-2d-assets/ui/board-game-info/Vector/Fantasy/strong_language_text.svg,086c7401ccf27320af41da0c12d57817aeb0b9c28b83a999fffed47ffe11c8d8,No explicit SVG canvas/viewBox; verify importer bounds. One gameCharacter.svg has a corrected override.
work/full-audit/downloads/mega-assets-expansion-v1/tiddybub-2d-assets.zip,tiddybub-2d-assets/ui/board-game-info/Vector/Fantasy/duration_15_30.svg,14df702e944bdec133bfaa082d79689f408881bcaa7d03c0cc52582c81b4cab8,No explicit SVG canvas/viewBox; verify importer bounds. One gameCharacter.svg has a corrected override.
work/full-audit/downloads/mega-assets-expansion-v1/tiddybub-2d-assets.zip,tiddybub-2d-assets/ui/board-game-info/Vector/Fantasy/players_2.svg,dc2c0992877e020ff2430095b05da65388dcfc6cab2d74b7c53d940a09b5e535,No explicit SVG canvas/viewBox; verify importer bounds. One gameCharacter.svg has a corrected override.
work/full-audit/downloads/mega-assets-expansion-v1/tiddybub-2d-assets.zip,tiddybub-2d-assets/ui/board-game-info/Vector/Fantasy/players_3_4.svg,eabf567d67950a6afd80e8af0baa5331a488fa34403911badc489c5f5c8bb006,No explicit SVG canvas/viewBox; verify importer bounds. One gameCharacter.svg has a corrected override.
work/full-audit/downloads/mega-assets-expansion-v1/tiddybub-2d-assets.zip,tiddybub-2d-assets/ui/board-game-info/Vector/Fantasy/duration_45_60.svg,3585f0298859dfcc05102b652e160a14058917927b2c5ac89a503dcae4574911,No explicit SVG canvas/viewBox; verify importer bounds. One gameCharacter.svg has a corrected override.
work/full-audit/downloads/mega-assets-expansion-v1/tiddybub-2d-assets.zip,tiddybub-2d-assets/ui/board-game-info/Vector/Fantasy/players_4.svg,8637ba70b1fa4bdbbe7138c5494420e5e1a4b27b35cac62372334298b56f0acd,No explicit SVG canvas/viewBox; verify importer bounds. One gameCharacter.svg has a corrected override.
work/full-audit/downloads/mega-assets-expansion-v1/tiddybub-2d-assets.zip,tiddybub-2d-assets/ui/board-game-info/Vector/Fantasy/ages.svg,261ff818a9c51a8853224a6591b6d96cce60f12b4967b682e3bd5a7a0b565a19,No explicit SVG canvas/viewBox; verify importer bounds. One gameCharacter.svg has a corrected override.
work/full-audit/downloads/mega-assets-expansion-v1/tiddybub-2d-assets.zip,tiddybub-2d-assets/ui/board-game-info/Vector/Fantasy/players_4_7.svg,3d03436c2f9710086bff34a94358b33782dd1cf4c076e23ab83d4609b1be83ba,No explicit SVG canvas/viewBox; verify importer bounds. One gameCharacter.svg has a corrected override.
work/full-audit/downloads/mega-assets-expansion-v1/tiddybub-2d-assets.zip,tiddybub-2d-assets/ui/board-game-info/Vector/Fantasy/players_4_10.svg,4c7af7371cbb62f60798abf7b125941b0dca76f9693abacf223234db7a1a849f,No explicit SVG canvas/viewBox; verify importer bounds. One gameCharacter.svg has a corrected override.
work/full-audit/downloads/mega-assets-expansion-v1/tiddybub-2d-assets.zip,tiddybub-2d-assets/ui/board-game-info/Vector/Fantasy/ages_7.svg,14699b3516e86f6d84eda1b7e66084285435f04fe67669550537b94c87445108,No explicit SVG canvas/viewBox; verify importer bounds. One gameCharacter.svg has a corrected override.
work/full-audit/downloads/mega-assets-expansion-v1/tiddybub-2d-assets.zip,tiddybub-2d-assets/ui/board-game-info/Vector/Fantasy/players_2_9.svg,b76b31e9d7c2fdb5004edff70c21cb5ef00094dd7e5579f5ffd4d2f3987ff4c7,No explicit SVG canvas/viewBox; verify importer bounds. One gameCharacter.svg has a corrected override.
work/full-audit/downloads/mega-assets-expansion-v1/tiddybub-2d-assets.zip,tiddybub-2d-assets/ui/board-game-info/Vector/Fantasy/players_1_9.svg,b0a1ad46284574de4a8fe6f18a20a8bce37cd5299d37f57fe7692100cdd094cb,No explicit SVG canvas/viewBox; verify importer bounds. One gameCharacter.svg has a corrected override.
work/full-audit/downloads/mega-assets-expansion-v1/tiddybub-2d-assets.zip,tiddybub-2d-assets/ui/board-game-info/Vector/Fantasy/players_1.svg,b020130736233c81bf5d9ce644cb88c4c5aed09696821febb74b59dfd8e2025d,No explicit SVG canvas/viewBox; verify importer bounds. One gameCharacter.svg has a corrected override.
work/full-audit/downloads/mega-assets-expansion-v1/tiddybub-2d-assets.zip,tiddybub-2d-assets/ui/board-game-info/Vector/Fantasy/blank.svg,a125ad2fe0fd8abe4ac96ae98f3dabc1858bc4074d635c9fc2a163f369589abd,No explicit SVG canvas/viewBox; verify importer bounds. One gameCharacter.svg has a corrected override.
work/full-audit/downloads/mega-assets-expansion-v1/tiddybub-2d-assets.zip,tiddybub-2d-assets/ui/board-game-info/Vector/Fantasy/duration_30.svg,d2f5c8d7ec0b68f5772f00a96ddcbbd18b41a477ac4447d7aecc2924360d9a9d,No explicit SVG canvas/viewBox; verify importer bounds. One gameCharacter.svg has a corrected override.
work/full-audit/downloads/mega-assets-expansion-v1/tiddybub-2d-assets.zip,tiddybub-2d-assets/ui/board-game-info/Vector/Fantasy/ages_10.svg,c5932c112f55558e2419aa45da05d5f4e22fcded11ef863cc3f6ffcafeac68af,No explicit SVG canvas/viewBox; verify importer bounds. One gameCharacter.svg has a corrected override.
work/full-audit/downloads/mega-assets-expansion-v1/tiddybub-2d-assets.zip,tiddybub-2d-assets/ui/board-game-info/Vector/Fantasy/interaction.svg,5a23d59a6f1804a1d8695b7de2e2a7d31ce92dbb8d6faff66d9123148f2877b6,No explicit SVG canvas/viewBox; verify importer bounds. One gameCharacter.svg has a corrected override.
work/full-audit/downloads/mega-assets-expansion-v1/tiddybub-2d-assets.zip,tiddybub-2d-assets/ui/board-game-info/Vector/Fantasy/players_3_5.svg,5d1e4563c9bda392221fec43eb0b37f614096dadc81625ea9e7f38d2df92baa7,No explicit SVG canvas/viewBox; verify importer bounds. One gameCharacter.svg has a corrected override.
work/full-audit/downloads/mega-assets-expansion-v1/tiddybub-2d-assets.zip,tiddybub-2d-assets/ui/board-game-info/Vector/Fantasy/players_4_6.svg,ab763378b0bd51c48df4c78a47abb4a3c952c2cf82ba06c3c1e079176af27939,No explicit SVG canvas/viewBox; verify importer bounds. One gameCharacter.svg has a corrected override.
work/full-audit/downloads/mega-assets-expansion-v1/tiddybub-2d-assets.zip,tiddybub-2d-assets/ui/board-game-info/Vector/Fantasy/players_2_6.svg,a305e00e4e018be612dbf03256e6cb4fd18c2793cb9170d74f2a2ef51d9b9f92,No explicit SVG canvas/viewBox; verify importer bounds. One gameCharacter.svg has a corrected override.
work/full-audit/downloads/mega-assets-expansion-v1/tiddybub-2d-assets.zip,tiddybub-2d-assets/ui/board-game-info/Vector/Fantasy/players_2_3.svg,58260c594e1bb0e284280a003e95d0513eedbd64799bfe4871fffab34f6c9b51,No explicit SVG canvas/viewBox; verify importer bounds. One gameCharacter.svg has a corrected override.
work/full-audit/downloads/mega-assets-expansion-v1/tiddybub-2d-assets.zip,tiddybub-2d-assets/ui/board-game-info/Vector/Fantasy/players_1_3.svg,12068c338534467cda62091b65824ef11ebdb441fd8634e36734a71ff5bcabc8,No explicit SVG canvas/viewBox; verify importer bounds. One gameCharacter.svg has a corrected override.
work/full-audit/downloads/mega-assets-expansion-v1/tiddybub-2d-assets.zip,tiddybub-2d-assets/ui/board-game-info/Vector/Fantasy/medium_heavy.svg,924946ca74863645aa2fcb47ea1d5fa9b06d9ba8a1debd3c3b5d8ae1c00def8d,No explicit SVG canvas/viewBox; verify importer bounds. One gameCharacter.svg has a corrected override.
work/full-audit/downloads/mega-assets-expansion-v1/tiddybub-2d-assets.zip,tiddybub-2d-assets/ui/board-game-info/Vector/Fantasy/miniatures.svg,2b8121b8d92f4196d332feeddceb20af63fe1b1f25e17ec3b42cb6560f817123,No explicit SVG canvas/viewBox; verify importer bounds. One gameCharacter.svg has a corrected override.
work/full-audit/downloads/mega-assets-expansion-v1/tiddybub-2d-assets.zip,tiddybub-2d-assets/ui/board-game-info/Vector/Fantasy/duration_15.svg,e31438a4da1cf2fe833fdd0c2eebd4b0dad91749402c10bb2102b01e33296950,No explicit SVG canvas/viewBox; verify importer bounds. One gameCharacter.svg has a corrected override.
work/full-audit/downloads/mega-assets-expansion-v1/tiddybub-2d-assets.zip,tiddybub-2d-assets/ui/board-game-info/Vector/Fantasy/players_3_10.svg,d0ea519171a333963b9a51a6e6a85b076f4b3bf5c2c0418c0613d4e2e705735c,No explicit SVG canvas/viewBox; verify importer bounds. One gameCharacter.svg has a corrected override.
work/full-audit/downloads/mega-assets-expansion-v1/tiddybub-2d-assets.zip,tiddybub-2d-assets/ui/board-game-info/Vector/Fantasy/teams_text.svg,abeede61ac750e418396fe61486bcc2cd2b885a96a197d1499fb8167ac99e5c3,No explicit SVG canvas/viewBox; verify importer bounds. One gameCharacter.svg has a corrected override.
work/full-audit/downloads/mega-assets-expansion-v1/tiddybub-2d-assets.zip,tiddybub-2d-assets/ui/board-game-info/Vector/Fantasy/hourglass.svg,d020205606ad351f975a6a5f46867b4604d69672b8c3d0110bceab7e78b08b51,No explicit SVG canvas/viewBox; verify importer bounds. One gameCharacter.svg has a corrected override.
work/full-audit/downloads/mega-assets-expansion-v1/tiddybub-2d-assets.zip,tiddybub-2d-assets/ui/board-game-info/Vector/Fantasy/players_3_7.svg,7dea53c491408cee14b21fb2af443616cec61400f68d41476a52d8f0e1e2ad02,No explicit SVG canvas/viewBox; verify importer bounds. One gameCharacter.svg has a corrected override.
work/full-audit/downloads/mega-assets-expansion-v1/tiddybub-2d-assets.zip,tiddybub-2d-assets/ui/board-game-info/Vector/Fantasy/players_1_7.svg,56ebdfa15905ccc1d4f8e08074265bda77e7e6190d7c006a52e972adb241acaa,No explicit SVG canvas/viewBox; verify importer bounds. One gameCharacter.svg has a corrected override.
work/full-audit/downloads/mega-assets-expansion-v1/tiddybub-2d-assets.zip,tiddybub-2d-assets/ui/board-game-info/Vector/Fantasy/medium_light_text.svg,c791f75760457947bdd2e464744a59df5bed33843b5689fec70e8e793d9028c1,No explicit SVG canvas/viewBox; verify importer bounds. One gameCharacter.svg has a corrected override.
work/full-audit/downloads/mega-assets-expansion-v1/tiddybub-2d-assets.zip,tiddybub-2d-assets/ui/board-game-info/Vector/Fantasy/luck.svg,deb35bbcccfdcaf01730a6d35ef3aeef55fb54b2ef6c8c57ad9dfa5dd3cda96a,No explicit SVG canvas/viewBox; verify importer bounds. One gameCharacter.svg has a corrected override.
work/full-audit/downloads/mega-assets-expansion-v1/tiddybub-2d-assets.zip,tiddybub-2d-assets/ui/board-game-info/Vector/Fantasy/heavy.svg,b75fb8b451d716649a44f4e9422fd34f0f3da810af2524484195d37c3ee89ff7,No explicit SVG canvas/viewBox; verify importer bounds. One gameCharacter.svg has a corrected override.
work/full-audit/downloads/mega-assets-expansion-v1/tiddybub-2d-assets.zip,tiddybub-2d-assets/ui/board-game-info/Vector/Fantasy/pen_paper_text.svg,9743b7b6c3b4c28fb62bd32f8a0d86b416bf40714459bc9bd179a21bfbb9c725,No explicit SVG canvas/viewBox; verify importer bounds. One gameCharacter.svg has a corrected override.
work/full-audit/downloads/mega-assets-expansion-v1/tiddybub-2d-assets.zip,tiddybub-2d-assets/ui/board-game-info/Vector/Fantasy/blank_panel.svg,c9d6548292e89028508779b98ce1e672a494518faaf4e007dd7f7e4a0e6c29b5,No explicit SVG canvas/viewBox; verify importer bounds. One gameCharacter.svg has a corrected override.
work/full-audit/downloads/mega-assets-expansion-v1/tiddybub-2d-assets.zip,tiddybub-2d-assets/ui/board-game-info/Vector/Fantasy/ages_18.svg,f606680b53c393441ec706f347323b311f1c7850874378451ff5480afbd0db2c,No explicit SVG canvas/viewBox; verify importer bounds. One gameCharacter.svg has a corrected override.
work/full-audit/downloads/mega-assets-expansion-v1/tiddybub-2d-assets.zip,tiddybub-2d-assets/ui/board-game-info/Vector/Fantasy/cards.svg,00dc364b058b34b1fdff98ef8c970a1d2698ea2e477e0ca1592d9e9c3b71c2f8,No explicit SVG canvas/viewBox; verify importer bounds. One gameCharacter.svg has a corrected override.
work/full-audit/downloads/mega-assets-expansion-v1/tiddybub-2d-assets.zip,tiddybub-2d-assets/ui/board-game-info/Vector/Fantasy/duration_60.svg,bbc8728a4db80c25fa3a62bc3f69d065085d6f50fad62027c03c5a4bdcb84861,No explicit SVG canvas/viewBox; verify importer bounds. One gameCharacter.svg has a corrected override.
work/full-audit/downloads/mega-assets-expansion-v1/tiddybub-2d-assets.zip,tiddybub-2d-assets/ui/board-game-info/Vector/Fantasy/players.svg,cd32b201e7361f500c046b47c84f397ef4077f5a1859c34724e390ef1e6c7f2a,No explicit SVG canvas/viewBox; verify importer bounds. One gameCharacter.svg has a corrected override.
work/full-audit/downloads/mega-assets-expansion-v1/tiddybub-2d-assets.zip,tiddybub-2d-assets/ui/board-game-info/Vector/Fantasy/duration_120.svg,6389221352d0c5849304e24463a259bf7768234f55b6ae361250977a7944b275,No explicit SVG canvas/viewBox; verify importer bounds. One gameCharacter.svg has a corrected override.
work/full-audit/downloads/mega-assets-expansion-v1/tiddybub-2d-assets.zip,tiddybub-2d-assets/ui/board-game-info/Vector/Fantasy/tiles_text.svg,5ccde9e0d7e3e36ef18b207f8c8771b39ef4ccb1e3b3ec9562c8efeaa41c6865,No explicit SVG canvas/viewBox; verify importer bounds. One gameCharacter.svg has a corrected override.
work/full-audit/downloads/mega-assets-expansion-v1/tiddybub-2d-assets.zip,tiddybub-2d-assets/ui/board-game-info/Vector/Fantasy/players_1_10.svg,77a3138f060f793f2b7d0bbdd0b7c4e5eac9450f1df181e4a24aacda34357789,No explicit SVG canvas/viewBox; verify importer bounds. One gameCharacter.svg has a corrected override.
work/full-audit/downloads/mega-assets-expansion-v1/tiddybub-2d-assets.zip,tiddybub-2d-assets/ui/board-game-info/Vector/Fantasy/luck_text.svg,ab336384e97248ed79874fbdaff3d1e787a1438c43bd62dca1d1f8e47a666d3b,No explicit SVG canvas/viewBox; verify importer bounds. One gameCharacter.svg has a corrected override.
work/full-audit/downloads/mega-assets-expansion-v1/tiddybub-2d-assets.zip,tiddybub-2d-assets/ui/board-game-info/Vector/Fantasy/duration_90.svg,34b777f24e2913a9d4e98713bcf3b359a12a1814489b0c5236c8e5fdd6815ee9,No explicit SVG canvas/viewBox; verify importer bounds. One gameCharacter.svg has a corrected override.
work/full-audit/downloads/mega-assets-expansion-v1/tiddybub-2d-assets.zip,tiddybub-2d-assets/ui/board-game-info/Vector/Fantasy/duration_45.svg,3f365be8d033d96db529f5713aa0dddc573b4504cff783c7e6c58b2022fa5925,No explicit SVG canvas/viewBox; verify importer bounds. One gameCharacter.svg has a corrected override.
work/full-audit/downloads/mega-assets-expansion-v1/tiddybub-2d-assets.zip,tiddybub-2d-assets/ui/board-game-info/Vector/Fantasy/miniatures_text.svg,49b08a1a678943f86b82142663fc851e03e2cb48aaeee151924d4a388c73c755,No explicit SVG canvas/viewBox; verify importer bounds. One gameCharacter.svg has a corrected override.
work/full-audit/downloads/mega-assets-expansion-v1/tiddybub-2d-assets.zip,tiddybub-2d-assets/ui/board-game-info/Vector/Fantasy/players_2_4.svg,e656cb86578adbedd255d1549e7afd69b54d4510c03f1632774c8284f3ad4012,No explicit SVG canvas/viewBox; verify importer bounds. One gameCharacter.svg has a corrected override.
work/full-audit/downloads/mega-assets-expansion-v1/tiddybub-2d-assets.zip,tiddybub-2d-assets/ui/board-game-info/Vector/Fantasy/light.svg,f5e37f945e64697872e465cf1417c91691ec8a28a9ec2d118fbae8a5003ae8c0,No explicit SVG canvas/viewBox; verify importer bounds. One gameCharacter.svg has a corrected override.
work/full-audit/downloads/mega-assets-expansion-v1/tiddybub-2d-assets.zip,tiddybub-2d-assets/ui/board-game-info/Vector/Fantasy/players_3_6.svg,190458cc1ca9bdb1a7d065b57c1b1a22f7c33015d9edf6449929ebf1321ce3e1,No explicit SVG canvas/viewBox; verify importer bounds. One gameCharacter.svg has a corrected override.
work/full-audit/downloads/mega-assets-expansion-v1/tiddybub-2d-assets.zip,tiddybub-2d-assets/ui/board-game-info/Vector/Fantasy/duration_20.svg,68f068400aac95530b3897f50d7eb598797b84fdb98cae1620ad71a31f98f7ce,No explicit SVG canvas/viewBox; verify importer bounds. One gameCharacter.svg has a corrected override.
work/full-audit/downloads/mega-assets-expansion-v1/tiddybub-2d-assets.zip,tiddybub-2d-assets/ui/board-game-info/Vector/Fantasy/ages_3.svg,579c33af8a721ac553a814df5da23090217650c559e2b6463b1321e169b3fe8f,No explicit SVG canvas/viewBox; verify importer bounds. One gameCharacter.svg has a corrected override.
work/full-audit/downloads/mega-assets-expansion-v1/tiddybub-2d-assets.zip,tiddybub-2d-assets/ui/board-game-info/Vector/Fantasy/knowledge_text.svg,9157f0875211b84bfa33cb4fbdf6d0bab2787db3f255dbe92c1633bffbadced0,No explicit SVG canvas/viewBox; verify importer bounds. One gameCharacter.svg has a corrected override.
work/full-audit/downloads/mega-assets-expansion-v1/tiddybub-2d-assets.zip,tiddybub-2d-assets/ui/board-game-info/Vector/Fantasy/players_1_8.svg,1f78526ccdd2152a34ebbe8adfd8e02508a93ca23cddafe4cd165cc8fbfc1cd2,No explicit SVG canvas/viewBox; verify importer bounds. One gameCharacter.svg has a corrected override.
work/full-audit/downloads/mega-assets-expansion-v1/tiddybub-2d-assets.zip,tiddybub-2d-assets/ui/board-game-info/Vector/Fantasy/players_3_9.svg,f2afa48a15c0b797d482ef63d17244c275df9698bb287d85049f0db97f11101c,No explicit SVG canvas/viewBox; verify importer bounds. One gameCharacter.svg has a corrected override.
work/full-audit/downloads/mega-assets-expansion-v1/tiddybub-2d-assets.zip,tiddybub-2d-assets/ui/board-game-info/Vector/Fantasy/players_2_7.svg,b0419209f108ac1eb6fe2745d6345525581316035dae15b3543f100069fc4886,No explicit SVG canvas/viewBox; verify importer bounds. One gameCharacter.svg has a corrected override.
work/full-audit/downloads/mega-assets-expansion-v1/tiddybub-2d-assets.zip,tiddybub-2d-assets/ui/board-game-info/Vector/Space/players_1_4.svg,ccdc31406614e8bd87b4102fba30d5c9e4b597941a13ee6dc1f2aed7a01fa7e9,No explicit SVG canvas/viewBox; verify importer bounds. One gameCharacter.svg has a corrected override.
work/full-audit/downloads/mega-assets-expansion-v1/tiddybub-2d-assets.zip,tiddybub-2d-assets/ui/board-game-info/Vector/Space/ages_17.svg,0b5e9b1b94ba8ecff4692645e5bebf0e355322b9cc8c8f52fcca6736772e7608,No explicit SVG canvas/viewBox; verify importer bounds. One gameCharacter.svg has a corrected override.
work/full-audit/downloads/mega-assets-expansion-v1/tiddybub-2d-assets.zip,tiddybub-2d-assets/ui/board-game-info/Vector/Space/puzzle_text.svg,8e35f015d1f16f0f00780c885a4e7f872099895366da1c3e78cf4784bb651199,No explicit SVG canvas/viewBox; verify importer bounds. One gameCharacter.svg has a corrected override.
work/full-audit/downloads/mega-assets-expansion-v1/tiddybub-2d-assets.zip,tiddybub-2d-assets/ui/board-game-info/Vector/Space/players_3_8.svg,23a50036412f9ad77d393098b6c6ca5827cad4c936f1fb83c51c91c1ce93d497,No explicit SVG canvas/viewBox; verify importer bounds. One gameCharacter.svg has a corrected override.
work/full-audit/downloads/mega-assets-expansion-v1/tiddybub-2d-assets.zip,tiddybub-2d-assets/ui/board-game-info/Vector/Space/ages_13.svg,07bbb51ce1629442a88d7cf19451b6860a4c35225696a1f0c5e9ba134cef361a,No explicit SVG canvas/viewBox; verify importer bounds. One gameCharacter.svg has a corrected override.
work/full-audit/downloads/mega-assets-expansion-v1/tiddybub-2d-assets.zip,tiddybub-2d-assets/ui/board-game-info/Vector/Space/players_2_8.svg,4bb1067837edc64de5e6698bdd6cf04e8afb7ea7d28b24e6824410f539cb9d87,No explicit SVG canvas/viewBox; verify importer bounds. One gameCharacter.svg has a corrected override.
work/full-audit/downloads/mega-assets-expansion-v1/tiddybub-2d-assets.zip,tiddybub-2d-assets/ui/board-game-info/Vector/Space/medium_light.svg,37f570f53efd2451825b0957d26db4d8088f1a0c48a77e7cc558a72c8da77532,No explicit SVG canvas/viewBox; verify importer bounds. One gameCharacter.svg has a corrected override.
work/full-audit/downloads/mega-assets-expansion-v1/tiddybub-2d-assets.zip,tiddybub-2d-assets/ui/board-game-info/Vector/Space/interaction_text.svg,8a1f64d4cfac8bd4e2cf2fa776ca81a40ba2f504d85f4b16faf97b7d29fad1bf,No explicit SVG canvas/viewBox; verify importer bounds. One gameCharacter.svg has a corrected override.
work/full-audit/downloads/mega-assets-expansion-v1/tiddybub-2d-assets.zip,tiddybub-2d-assets/ui/board-game-info/Vector/Space/players_3.svg,d0a911d1f15e92fc930c4e21fe31316c7d1ac204ec6ff9c3919454633be650a9,No explicit SVG canvas/viewBox; verify importer bounds. One gameCharacter.svg has a corrected override.
work/full-audit/downloads/mega-assets-expansion-v1/tiddybub-2d-assets.zip,tiddybub-2d-assets/ui/board-game-info/Vector/Space/pen_paper.svg,a7c94d6c5815868fe35aae81adf14044bf73c628ac64887cf2fc136037fd0fcb,No explicit SVG canvas/viewBox; verify importer bounds. One gameCharacter.svg has a corrected override.
work/full-audit/downloads/mega-assets-expansion-v1/tiddybub-2d-assets.zip,tiddybub-2d-assets/ui/board-game-info/Vector/Space/duration.svg,eb5aa688775abe0f53d0c25613dcda03d2c205138597b265c2f5106a341ccec7,No explicit SVG canvas/viewBox; verify importer bounds. One gameCharacter.svg has a corrected override.
work/full-audit/downloads/mega-assets-expansion-v1/tiddybub-2d-assets.zip,tiddybub-2d-assets/ui/board-game-info/Vector/Space/choking_hazard_age_text.svg,6973490bd3b677d860c7de89a625268b8872f612ccc8f931fe958bd67f7fcf99,No explicit SVG canvas/viewBox; verify importer bounds. One gameCharacter.svg has a corrected override.
work/full-audit/downloads/mega-assets-expansion-v1/tiddybub-2d-assets.zip,tiddybub-2d-assets/ui/board-game-info/Vector/Space/duration_10.svg,b158b0b80fc74cbadab00b07bfd5c68b8b53eaa8255265fde6388b8d7f6d4430,No explicit SVG canvas/viewBox; verify importer bounds. One gameCharacter.svg has a corrected override.
work/full-audit/downloads/mega-assets-expansion-v1/tiddybub-2d-assets.zip,tiddybub-2d-assets/ui/board-game-info/Vector/Space/strong_language.svg,a5ad821377ca48bd4410d01b81197485e0649b3ee53158bb200fec0a294c66fd,No explicit SVG canvas/viewBox; verify importer bounds. One gameCharacter.svg has a corrected override.
work/full-audit/downloads/mega-assets-expansion-v1/tiddybub-2d-assets.zip,tiddybub-2d-assets/ui/board-game-info/Vector/Space/ages_all.svg,6677260e9f1797d2f6fb30f441363c1880a1ed881220a089c2e8c3532c12d4a3,No explicit SVG canvas/viewBox; verify importer bounds. One gameCharacter.svg has a corrected override.
work/full-audit/downloads/mega-assets-expansion-v1/tiddybub-2d-assets.zip,tiddybub-2d-assets/ui/board-game-info/Vector/Space/players_4_5.svg,4287310af97881a5605579ebb4fe3eaabc5661e8d6dcf6ee9585b5cdd35bc441,No explicit SVG canvas/viewBox; verify importer bounds. One gameCharacter.svg has a corrected override.
work/full-audit/downloads/mega-assets-expansion-v1/tiddybub-2d-assets.zip,tiddybub-2d-assets/ui/board-game-info/Vector/Space/duration_60_90.svg,a3010ca86e2405848de74b5be8d202a9f396ff511e29aeb07a57cf45f0b5a75b,No explicit SVG canvas/viewBox; verify importer bounds. One gameCharacter.svg has a corrected override.
work/full-audit/downloads/mega-assets-expansion-v1/tiddybub-2d-assets.zip,tiddybub-2d-assets/ui/board-game-info/Vector/Space/players_4_8.svg,5a38306034b647cacb0813c7ce505fb65bab62a5aad01058b0f818a80a80c38f,No explicit SVG canvas/viewBox; verify importer bounds. One gameCharacter.svg has a corrected override.
work/full-audit/downloads/mega-assets-expansion-v1/tiddybub-2d-assets.zip,tiddybub-2d-assets/ui/board-game-info/Vector/Space/players_1_6.svg,00a2009668c4cd0d1868e486e00c1200f279b1432c887d1f1d73d8c8dd007786,No explicit SVG canvas/viewBox; verify importer bounds. One gameCharacter.svg has a corrected override.
work/full-audit/downloads/mega-assets-expansion-v1/tiddybub-2d-assets.zip,tiddybub-2d-assets/ui/board-game-info/Vector/Space/medium.svg,45bf893bb0495d31ad6f77a5e131fb16e782db5c281d319e3dbc2dff786ddd96,No explicit SVG canvas/viewBox; verify importer bounds. One gameCharacter.svg has a corrected override.
work/full-audit/downloads/mega-assets-expansion-v1/tiddybub-2d-assets.zip,tiddybub-2d-assets/ui/board-game-info/Vector/Space/players_1_5.svg,8cb9fb71d0521ba94d3bdb743a27ba512a8dac81d8aeed3ceab1d755c662022d,No explicit SVG canvas/viewBox; verify importer bounds. One gameCharacter.svg has a corrected override.
work/full-audit/downloads/mega-assets-expansion-v1/tiddybub-2d-assets.zip,tiddybub-2d-assets/ui/board-game-info/Vector/Space/players_1_2.svg,d9f4e8bab499666168ac3dc0e619872cab6b89e4592b9a5141a337f877fd942f,No explicit SVG canvas/viewBox; verify importer bounds. One gameCharacter.svg has a corrected override.
work/full-audit/downloads/mega-assets-expansion-v1/tiddybub-2d-assets.zip,tiddybub-2d-assets/ui/board-game-info/Vector/Space/tiles.svg,96ef7b45f2ed6afc589ce3f612ff85c740fd771f3542b32bf905217093f863f4,No explicit SVG canvas/viewBox; verify importer bounds. One gameCharacter.svg has a corrected override.
work/full-audit/downloads/mega-assets-expansion-v1/tiddybub-2d-assets.zip,tiddybub-2d-assets/ui/board-game-info/Vector/Space/puzzle.svg,9a4e53bfa666f7d84712868c3b057ae68d6589220b68f63a0356f22efbd297b5,No explicit SVG canvas/viewBox; verify importer bounds. One gameCharacter.svg has a corrected override.
work/full-audit/downloads/mega-assets-expansion-v1/tiddybub-2d-assets.zip,tiddybub-2d-assets/ui/board-game-info/Vector/Space/choking_hazard.svg,dc68011a19f6e3f4af40ae9dc8a4565bb5f37986f857fdd79ba4ac3282c370d6,No explicit SVG canvas/viewBox; verify importer bounds. One gameCharacter.svg has a corrected override.
work/full-audit/downloads/mega-assets-expansion-v1/tiddybub-2d-assets.zip,tiddybub-2d-assets/ui/board-game-info/Vector/Space/stopwatch.svg,1a5478d8b070f1fb515fa926387d82b9b21ae51532dd48c32bb02e31e3b0bd3e,No explicit SVG canvas/viewBox; verify importer bounds. One gameCharacter.svg has a corrected override.
work/full-audit/downloads/mega-assets-expansion-v1/tiddybub-2d-assets.zip,tiddybub-2d-assets/ui/board-game-info/Vector/Space/medium_heavy_text.svg,a9b2cd7397432f9144c8ad79e0fecce79685bea1b6811f50d4fe2a124fad8d08,No explicit SVG canvas/viewBox; verify importer bounds. One gameCharacter.svg has a corrected override.
work/full-audit/downloads/mega-assets-expansion-v1/tiddybub-2d-assets.zip,tiddybub-2d-assets/ui/board-game-info/Vector/Space/tablet.svg,cd874a73c72eb6ef356e1b9ea9272b56a286ef345bd5840e6610d600eab10ce1,No explicit SVG canvas/viewBox; verify importer bounds. One gameCharacter.svg has a corrected override.
work/full-audit/downloads/mega-assets-expansion-v1/tiddybub-2d-assets.zip,tiddybub-2d-assets/ui/board-game-info/Vector/Space/players_2_5.svg,641867a1779a7798033e90d8455659e2e24b8b00a90ddd84a5bfcc49f55a645c,No explicit SVG canvas/viewBox; verify importer bounds. One gameCharacter.svg has a corrected override.
work/full-audit/downloads/mega-assets-expansion-v1/tiddybub-2d-assets.zip,tiddybub-2d-assets/ui/board-game-info/Vector/Space/heavy_text.svg,70995be62aa619fc863d48f271cb47ff2f6608b26036fc5ee964cb526d399ea5,No explicit SVG canvas/viewBox; verify importer bounds. One gameCharacter.svg has a corrected override.
work/full-audit/downloads/mega-assets-expansion-v1/tiddybub-2d-assets.zip,tiddybub-2d-assets/ui/board-game-info/Vector/Space/choking_hazard_age.svg,0eaaa19dfd4ac485570ba7c7be398e2e5181516e10c5bf802d568cd93cdff5a6,No explicit SVG canvas/viewBox; verify importer bounds. One gameCharacter.svg has a corrected override.
work/full-audit/downloads/mega-assets-expansion-v1/tiddybub-2d-assets.zip,tiddybub-2d-assets/ui/board-game-info/Vector/Space/medium_text.svg,2ef75e329ca5ef102f4db2811a26510717d41e262535a5db1000a1f4d2112610,No explicit SVG canvas/viewBox; verify importer bounds. One gameCharacter.svg has a corrected override.
work/full-audit/downloads/mega-assets-expansion-v1/tiddybub-2d-assets.zip,tiddybub-2d-assets/ui/board-game-info/Vector/Space/tablet_text.svg,fea5c274453d46f5b6a73259746dd66f7c2ff839554390e855113d6f4d8d81c5,No explicit SVG canvas/viewBox; verify importer bounds. One gameCharacter.svg has a corrected override.
work/full-audit/downloads/mega-assets-expansion-v1/tiddybub-2d-assets.zip,tiddybub-2d-assets/ui/board-game-info/Vector/Space/players_4_9.svg,e8f0334ad712817360473f79663e2507b05dbd15a1c99b4fa3cd855ec86cc0ee,No explicit SVG canvas/viewBox; verify importer bounds. One gameCharacter.svg has a corrected override.
work/full-audit/downloads/mega-assets-expansion-v1/tiddybub-2d-assets.zip,tiddybub-2d-assets/ui/board-game-info/Vector/Space/players_alternative.svg,74f5541769f5e69e0c4369609b98604f428a6be35bf4b746a54dada2f58ca34c,No explicit SVG canvas/viewBox; verify importer bounds. One gameCharacter.svg has a corrected override.
work/full-audit/downloads/mega-assets-expansion-v1/tiddybub-2d-assets.zip,tiddybub-2d-assets/ui/board-game-info/Vector/Space/light_text.svg,740f31f39769db002426c892436abd16ba92a9bb306edb73a3d253fbc30e73e2,No explicit SVG canvas/viewBox; verify importer bounds. One gameCharacter.svg has a corrected override.
work/full-audit/downloads/mega-assets-expansion-v1/tiddybub-2d-assets.zip,tiddybub-2d-assets/ui/board-game-info/Vector/Space/players_table.svg,751f9fb15466611708ddefdb643a72c5c8c7b9197828ad693b167354f7b7b0bf,No explicit SVG canvas/viewBox; verify importer bounds. One gameCharacter.svg has a corrected override.
work/full-audit/downloads/mega-assets-expansion-v1/tiddybub-2d-assets.zip,tiddybub-2d-assets/ui/board-game-info/Vector/Space/players_2_10.svg,24423e8822adbdbbc6f9a938bf88b882dddfadbb15d89ffd9660b81db10d64c4,No explicit SVG canvas/viewBox; verify importer bounds. One gameCharacter.svg has a corrected override.
work/full-audit/downloads/mega-assets-expansion-v1/tiddybub-2d-assets.zip,tiddybub-2d-assets/ui/board-game-info/Vector/Space/knowledge.svg,123b88a5e59f49f3b63ae6232044037fa95d127688d27aff281c66ef28cd0ab1,No explicit SVG canvas/viewBox; verify importer bounds. One gameCharacter.svg has a corrected override.
work/full-audit/downloads/mega-assets-expansion-v1/tiddybub-2d-assets.zip,tiddybub-2d-assets/ui/board-game-info/Vector/Space/cards_text.svg,a5e074b82cc94a86f8f43c1358c0c5ddbe04ad48bd53dafb27cf508d64517417,No explicit SVG canvas/viewBox; verify importer bounds. One gameCharacter.svg has a corrected override.
work/full-audit/downloads/mega-assets-expansion-v1/tiddybub-2d-assets.zip,tiddybub-2d-assets/ui/board-game-info/Vector/Space/choking_hazard_text.svg,a79ae2f804169b1238ba977483dec8f43d84a0b0f2d729c257452f99de0f694e,No explicit SVG canvas/viewBox; verify importer bounds. One gameCharacter.svg has a corrected override.
work/full-audit/downloads/mega-assets-expansion-v1/tiddybub-2d-assets.zip,tiddybub-2d-assets/ui/board-game-info/Vector/Space/strong_language_text.svg,b63f934714dc35bb867e5b0141fb7087704b41c875617c2749676050e041b648,No explicit SVG canvas/viewBox; verify importer bounds. One gameCharacter.svg has a corrected override.
work/full-audit/downloads/mega-assets-expansion-v1/tiddybub-2d-assets.zip,tiddybub-2d-assets/ui/board-game-info/Vector/Space/duration_15_30.svg,092af0e33ac739c74a3e73d5d7ca13997d7055d1bfcfa95821421120701f9187,No explicit SVG canvas/viewBox; verify importer bounds. One gameCharacter.svg has a corrected override.
work/full-audit/downloads/mega-assets-expansion-v1/tiddybub-2d-assets.zip,tiddybub-2d-assets/ui/board-game-info/Vector/Space/players_2.svg,6418f146ad98cbc65984286539a9ad0b5720304726bf3205d6517f4de94c0664,No explicit SVG canvas/viewBox; verify importer bounds. One gameCharacter.svg has a corrected override.
work/full-audit/downloads/mega-assets-expansion-v1/tiddybub-2d-assets.zip,tiddybub-2d-assets/ui/board-game-info/Vector/Space/players_3_4.svg,442f0eac204f615a7afe4e17e9368969b5e9f54b77a8507b11da75037fdf83b4,No explicit SVG canvas/viewBox; verify importer bounds. One gameCharacter.svg has a corrected override.
work/full-audit/downloads/mega-assets-expansion-v1/tiddybub-2d-assets.zip,tiddybub-2d-assets/ui/board-game-info/Vector/Space/duration_45_60.svg,6b7f615291c68f00784d876fa63bdccba3b1b5ca91420fd9331d84b1d00cca8a,No explicit SVG canvas/viewBox; verify importer bounds. One gameCharacter.svg has a corrected override.
work/full-audit/downloads/mega-assets-expansion-v1/tiddybub-2d-assets.zip,tiddybub-2d-assets/ui/board-game-info/Vector/Space/players_4.svg,3eca2e06ce67ba42a7982857ab859e760dd15014f5d93910279fe4091230d4f0,No explicit SVG canvas/viewBox; verify importer bounds. One gameCharacter.svg has a corrected override.
work/full-audit/downloads/mega-assets-expansion-v1/tiddybub-2d-assets.zip,tiddybub-2d-assets/ui/board-game-info/Vector/Space/ages.svg,038cd97ece947956a69babb90486c7d2ce2aabb0982febb0fd7d3a312402f4f8,No explicit SVG canvas/viewBox; verify importer bounds. One gameCharacter.svg has a corrected override.
work/full-audit/downloads/mega-assets-expansion-v1/tiddybub-2d-assets.zip,tiddybub-2d-assets/ui/board-game-info/Vector/Space/players_4_7.svg,292554ad290259c9a05b9380fee279bda5b2b90e1cf6ab048e4ee0db9b4be919,No explicit SVG canvas/viewBox; verify importer bounds. One gameCharacter.svg has a corrected override.
work/full-audit/downloads/mega-assets-expansion-v1/tiddybub-2d-assets.zip,tiddybub-2d-assets/ui/board-game-info/Vector/Space/players_4_10.svg,5dd349aef16b427dd05982af6bb317a40f4ac74d6ab6a0459abff896c64d13d8,No explicit SVG canvas/viewBox; verify importer bounds. One gameCharacter.svg has a corrected override.
work/full-audit/downloads/mega-assets-expansion-v1/tiddybub-2d-assets.zip,tiddybub-2d-assets/ui/board-game-info/Vector/Space/ages_7.svg,922a77194d6fb8653003a8701251446a506ec3a5a5a3187415830f2d6beb24d9,No explicit SVG canvas/viewBox; verify importer bounds. One gameCharacter.svg has a corrected override.
work/full-audit/downloads/mega-assets-expansion-v1/tiddybub-2d-assets.zip,tiddybub-2d-assets/ui/board-game-info/Vector/Space/players_2_9.svg,0e94e227ae21b8bff1d83e6cec97987c4c7ef9b619211c229588d381ab6838a7,No explicit SVG canvas/viewBox; verify importer bounds. One gameCharacter.svg has a corrected override.
work/full-audit/downloads/mega-assets-expansion-v1/tiddybub-2d-assets.zip,tiddybub-2d-assets/ui/board-game-info/Vector/Space/players_1_9.svg,eecde60575165e2a8ebf9443591e3544a7d66d6e8c1595f9cd00fdf46008a674,No explicit SVG canvas/viewBox; verify importer bounds. One gameCharacter.svg has a corrected override.
work/full-audit/downloads/mega-assets-expansion-v1/tiddybub-2d-assets.zip,tiddybub-2d-assets/ui/board-game-info/Vector/Space/players_1.svg,2bf421966d60d11c1a7a0e275afb777852e0b0cc62bd3f395fc6a868b115688e,No explicit SVG canvas/viewBox; verify importer bounds. One gameCharacter.svg has a corrected override.
work/full-audit/downloads/mega-assets-expansion-v1/tiddybub-2d-assets.zip,tiddybub-2d-assets/ui/board-game-info/Vector/Space/blank.svg,4c746aec9fb5d74c3c82ed3c2b996eb3cadd16a6126d291f5efc707f086c140f,No explicit SVG canvas/viewBox; verify importer bounds. One gameCharacter.svg has a corrected override.
work/full-audit/downloads/mega-assets-expansion-v1/tiddybub-2d-assets.zip,tiddybub-2d-assets/ui/board-game-info/Vector/Space/duration_30.svg,21267456c059a30d2e7219578cc315e676247abb2f803ef8d2c36277e517b54c,No explicit SVG canvas/viewBox; verify importer bounds. One gameCharacter.svg has a corrected override.
work/full-audit/downloads/mega-assets-expansion-v1/tiddybub-2d-assets.zip,tiddybub-2d-assets/ui/board-game-info/Vector/Space/ages_10.svg,dc21de645369c6ea681a2aaa8193ec7c3048d89b3d6ad77028e327308b576fe5,No explicit SVG canvas/viewBox; verify importer bounds. One gameCharacter.svg has a corrected override.
work/full-audit/downloads/mega-assets-expansion-v1/tiddybub-2d-assets.zip,tiddybub-2d-assets/ui/board-game-info/Vector/Space/interaction.svg,bb20b7506ed5c5fa692e9e54720f6dccdc1b24d3caf52bfdaf6571d88481a633,No explicit SVG canvas/viewBox; verify importer bounds. One gameCharacter.svg has a corrected override.
work/full-audit/downloads/mega-assets-expansion-v1/tiddybub-2d-assets.zip,tiddybub-2d-assets/ui/board-game-info/Vector/Space/players_3_5.svg,b13b408545eb9448827d3b45b44b1deb938415030d34748f3d2bf023989deda5,No explicit SVG canvas/viewBox; verify importer bounds. One gameCharacter.svg has a corrected override.
work/full-audit/downloads/mega-assets-expansion-v1/tiddybub-2d-assets.zip,tiddybub-2d-assets/ui/board-game-info/Vector/Space/players_4_6.svg,792c4f6d579e517d77a3fe22ccd2ead11a913767b8dd6592eed99a2308dff611,No explicit SVG canvas/viewBox; verify importer bounds. One gameCharacter.svg has a corrected override.
work/full-audit/downloads/mega-assets-expansion-v1/tiddybub-2d-assets.zip,tiddybub-2d-assets/ui/board-game-info/Vector/Space/players_2_6.svg,5334e35556371c7018b4503fc9f37f1d9a5f78a0afeb73697fc084f993ecd757,No explicit SVG canvas/viewBox; verify importer bounds. One gameCharacter.svg has a corrected override.
work/full-audit/downloads/mega-assets-expansion-v1/tiddybub-2d-assets.zip,tiddybub-2d-assets/ui/board-game-info/Vector/Space/players_2_3.svg,a6b7f4a82382e0bd4771abada241b273d126711b46dd329f0882c3b85a18a3d5,No explicit SVG canvas/viewBox; verify importer bounds. One gameCharacter.svg has a corrected override.
work/full-audit/downloads/mega-assets-expansion-v1/tiddybub-2d-assets.zip,tiddybub-2d-assets/ui/board-game-info/Vector/Space/players_1_3.svg,d426bc0fdf2a508cd33c5b1bfa156aa947256e435873eebab057621fc9cb1638,No explicit SVG canvas/viewBox; verify importer bounds. One gameCharacter.svg has a corrected override.
work/full-audit/downloads/mega-assets-expansion-v1/tiddybub-2d-assets.zip,tiddybub-2d-assets/ui/board-game-info/Vector/Space/medium_heavy.svg,11dd5b28b7b9a0fe2f9389f3180fa066745d1c0d5fde5afccb56ad87ac03cf7f,No explicit SVG canvas/viewBox; verify importer bounds. One gameCharacter.svg has a corrected override.
work/full-audit/downloads/mega-assets-expansion-v1/tiddybub-2d-assets.zip,tiddybub-2d-assets/ui/board-game-info/Vector/Space/miniatures.svg,8447d74e806f46773197c8d5ed05c26c962d659c1321cd53c99ccb6d1fe936ae,No explicit SVG canvas/viewBox; verify importer bounds. One gameCharacter.svg has a corrected override.
work/full-audit/downloads/mega-assets-expansion-v1/tiddybub-2d-assets.zip,tiddybub-2d-assets/ui/board-game-info/Vector/Space/duration_15.svg,0473c25f33991ac83aaf8684fe2fa924a0d0a563ecb364c5ef980611688ec066,No explicit SVG canvas/viewBox; verify importer bounds. One gameCharacter.svg has a corrected override.
work/full-audit/downloads/mega-assets-expansion-v1/tiddybub-2d-assets.zip,tiddybub-2d-assets/ui/board-game-info/Vector/Space/players_3_10.svg,770a679d503c7adf4fe7045196e1972154b2d286b3219c52b4f515c20c91b511,No explicit SVG canvas/viewBox; verify importer bounds. One gameCharacter.svg has a corrected override.
work/full-audit/downloads/mega-assets-expansion-v1/tiddybub-2d-assets.zip,tiddybub-2d-assets/ui/board-game-info/Vector/Space/teams_text.svg,fb88acf96f0a25a9b09e96ba08dbfde414c4a840ddefa6378d0571cbca97f5fc,No explicit SVG canvas/viewBox; verify importer bounds. One gameCharacter.svg has a corrected override.
work/full-audit/downloads/mega-assets-expansion-v1/tiddybub-2d-assets.zip,tiddybub-2d-assets/ui/board-game-info/Vector/Space/hourglass.svg,58aa0cb67b3a5ad67d57d7c3c8ca82f605e8106687c1c08139870e16a16232b9,No explicit SVG canvas/viewBox; verify importer bounds. One gameCharacter.svg has a corrected override.
work/full-audit/downloads/mega-assets-expansion-v1/tiddybub-2d-assets.zip,tiddybub-2d-assets/ui/board-game-info/Vector/Space/players_3_7.svg,89b78dc608e7c34ca0cd748e9ef5fa1aeb669daff888e5c8f1b26a11baf41e62,No explicit SVG canvas/viewBox; verify importer bounds. One gameCharacter.svg has a corrected override.
work/full-audit/downloads/mega-assets-expansion-v1/tiddybub-2d-assets.zip,tiddybub-2d-assets/ui/board-game-info/Vector/Space/players_1_7.svg,2a2de53268222b3b511760813ad9d798611ee44ef3fc0e40539a775d8be62426,No explicit SVG canvas/viewBox; verify importer bounds. One gameCharacter.svg has a corrected override.
work/full-audit/downloads/mega-assets-expansion-v1/tiddybub-2d-assets.zip,tiddybub-2d-assets/ui/board-game-info/Vector/Space/medium_light_text.svg,0d87a89fc4cf5ee64edf624bbe0d049b9594bb443b7f89604d9ba492b23b0ccb,No explicit SVG canvas/viewBox; verify importer bounds. One gameCharacter.svg has a corrected override.
work/full-audit/downloads/mega-assets-expansion-v1/tiddybub-2d-assets.zip,tiddybub-2d-assets/ui/board-game-info/Vector/Space/luck.svg,2804f79dc263f26a7bf176532aa18bfcc59d9023153704f8c59f6930de60ba46,No explicit SVG canvas/viewBox; verify importer bounds. One gameCharacter.svg has a corrected override.
work/full-audit/downloads/mega-assets-expansion-v1/tiddybub-2d-assets.zip,tiddybub-2d-assets/ui/board-game-info/Vector/Space/heavy.svg,3b752b1331c55e77e1574b4dec5f3220325a218c5b481b93089fa03cb8be8d9d,No explicit SVG canvas/viewBox; verify importer bounds. One gameCharacter.svg has a corrected override.
work/full-audit/downloads/mega-assets-expansion-v1/tiddybub-2d-assets.zip,tiddybub-2d-assets/ui/board-game-info/Vector/Space/pen_paper_text.svg,98a27fecd37162cf46e935d5d1578467380bbaf606e34e56c3325458699a1b81,No explicit SVG canvas/viewBox; verify importer bounds. One gameCharacter.svg has a corrected override.
work/full-audit/downloads/mega-assets-expansion-v1/tiddybub-2d-assets.zip,tiddybub-2d-assets/ui/board-game-info/Vector/Space/blank_panel.svg,33491b4c18a4bebe09af8c86e50f86dc85f7c57394f352e08a592b1dc8386f1c,No explicit SVG canvas/viewBox; verify importer bounds. One gameCharacter.svg has a corrected override.
work/full-audit/downloads/mega-assets-expansion-v1/tiddybub-2d-assets.zip,tiddybub-2d-assets/ui/board-game-info/Vector/Space/ages_18.svg,5c3c44275755c67c5effa6fb42ef1121242298e952c2d720459308ffd3b36149,No explicit SVG canvas/viewBox; verify importer bounds. One gameCharacter.svg has a corrected override.
work/full-audit/downloads/mega-assets-expansion-v1/tiddybub-2d-assets.zip,tiddybub-2d-assets/ui/board-game-info/Vector/Space/cards.svg,ea71939755d1fe368eceb46e5b9fd04f7a0ad1513f164d8d27960beb90e861d2,No explicit SVG canvas/viewBox; verify importer bounds. One gameCharacter.svg has a corrected override.
work/full-audit/downloads/mega-assets-expansion-v1/tiddybub-2d-assets.zip,tiddybub-2d-assets/ui/board-game-info/Vector/Space/duration_60.svg,864c24fcd4ef9144c304c8e455d374b401c04f4e869958bdf816fab6588627e5,No explicit SVG canvas/viewBox; verify importer bounds. One gameCharacter.svg has a corrected override.
work/full-audit/downloads/mega-assets-expansion-v1/tiddybub-2d-assets.zip,tiddybub-2d-assets/ui/board-game-info/Vector/Space/players.svg,e524b98874943e9fc966b188a0649172baf02084073088f87bbc9901a3020b77,No explicit SVG canvas/viewBox; verify importer bounds. One gameCharacter.svg has a corrected override.
work/full-audit/downloads/mega-assets-expansion-v1/tiddybub-2d-assets.zip,tiddybub-2d-assets/ui/board-game-info/Vector/Space/duration_120.svg,de09c70e3724db6a8706d23c5137f9fd70d1043a88222b5cd18f5123a82e83b9,No explicit SVG canvas/viewBox; verify importer bounds. One gameCharacter.svg has a corrected override.
work/full-audit/downloads/mega-assets-expansion-v1/tiddybub-2d-assets.zip,tiddybub-2d-assets/ui/board-game-info/Vector/Space/tiles_text.svg,a25721e6157bc70c00f9527dc99b8ca0a9aa0aaf6d85c8913c248b1698afff4f,No explicit SVG canvas/viewBox; verify importer bounds. One gameCharacter.svg has a corrected override.
work/full-audit/downloads/mega-assets-expansion-v1/tiddybub-2d-assets.zip,tiddybub-2d-assets/ui/board-game-info/Vector/Space/players_1_10.svg,40c4104bf2124643e8bc22588aaf6a17eed88dcd7a4b2039baf420e2dfbe15fe,No explicit SVG canvas/viewBox; verify importer bounds. One gameCharacter.svg has a corrected override.
work/full-audit/downloads/mega-assets-expansion-v1/tiddybub-2d-assets.zip,tiddybub-2d-assets/ui/board-game-info/Vector/Space/luck_text.svg,90848acc8085b0c13a0e085a66dcf97ac45b5ee076f7fc08f859400c148b16b6,No explicit SVG canvas/viewBox; verify importer bounds. One gameCharacter.svg has a corrected override.
work/full-audit/downloads/mega-assets-expansion-v1/tiddybub-2d-assets.zip,tiddybub-2d-assets/ui/board-game-info/Vector/Space/duration_90.svg,3b8a7ca0ba68e2253542e889c16f7fe1530f6cd27c72b8f27ae2b72bf8ec886f,No explicit SVG canvas/viewBox; verify importer bounds. One gameCharacter.svg has a corrected override.
work/full-audit/downloads/mega-assets-expansion-v1/tiddybub-2d-assets.zip,tiddybub-2d-assets/ui/board-game-info/Vector/Space/duration_45.svg,43cb6b3611018151c990664c09de80317b582e5dca46b2634b7d2cec24c06e41,No explicit SVG canvas/viewBox; verify importer bounds. One gameCharacter.svg has a corrected override.
work/full-audit/downloads/mega-assets-expansion-v1/tiddybub-2d-assets.zip,tiddybub-2d-assets/ui/board-game-info/Vector/Space/miniatures_text.svg,288a623c53a78ce0a0ab5dac8a5bf537dae5a66c9f798b64de5749cbcd84225a,No explicit SVG canvas/viewBox; verify importer bounds. One gameCharacter.svg has a corrected override.
work/full-audit/downloads/mega-assets-expansion-v1/tiddybub-2d-assets.zip,tiddybub-2d-assets/ui/board-game-info/Vector/Space/players_2_4.svg,a2c2a795d7f98151d22c772f6da7ea53ab5cbe49bcaf76a5fd8150198b7b4038,No explicit SVG canvas/viewBox; verify importer bounds. One gameCharacter.svg has a corrected override.
work/full-audit/downloads/mega-assets-expansion-v1/tiddybub-2d-assets.zip,tiddybub-2d-assets/ui/board-game-info/Vector/Space/light.svg,d8e7028ea6132a9ccfb0a361a3747b1d98c6afd6867230ea2308b5c92dd189f8,No explicit SVG canvas/viewBox; verify importer bounds. One gameCharacter.svg has a corrected override.
work/full-audit/downloads/mega-assets-expansion-v1/tiddybub-2d-assets.zip,tiddybub-2d-assets/ui/board-game-info/Vector/Space/players_3_6.svg,38992eec4750e7191d94160c34d425ab2a5b60f283a27999b9db528aae89b122,No explicit SVG canvas/viewBox; verify importer bounds. One gameCharacter.svg has a corrected override.
work/full-audit/downloads/mega-assets-expansion-v1/tiddybub-2d-assets.zip,tiddybub-2d-assets/ui/board-game-info/Vector/Space/duration_20.svg,b0bd6cde62584fdc6c0c4ed45da4f881db36d697d89906bc7bbf9eb292f4eee0,No explicit SVG canvas/viewBox; verify importer bounds. One gameCharacter.svg has a corrected override.
work/full-audit/downloads/mega-assets-expansion-v1/tiddybub-2d-assets.zip,tiddybub-2d-assets/ui/board-game-info/Vector/Space/ages_3.svg,733c77651ca68f2dac408c0188ded2a8f96ed9046ce8401c7cdcceb2b86f0661,No explicit SVG canvas/viewBox; verify importer bounds. One gameCharacter.svg has a corrected override.
work/full-audit/downloads/mega-assets-expansion-v1/tiddybub-2d-assets.zip,tiddybub-2d-assets/ui/board-game-info/Vector/Space/knowledge_text.svg,84cb5df529e13cfaf49bef94d1c6a5049484a4985d8681831e6d6a3315e82f54,No explicit SVG canvas/viewBox; verify importer bounds. One gameCharacter.svg has a corrected override.
work/full-audit/downloads/mega-assets-expansion-v1/tiddybub-2d-assets.zip,tiddybub-2d-assets/ui/board-game-info/Vector/Space/players_1_8.svg,822cb611592368e6578d34982aeb106ee2a65547b4f322a31ce860caa14e2fcb,No explicit SVG canvas/viewBox; verify importer bounds. One gameCharacter.svg has a corrected override.
work/full-audit/downloads/mega-assets-expansion-v1/tiddybub-2d-assets.zip,tiddybub-2d-assets/ui/board-game-info/Vector/Space/players_3_9.svg,f0fa323f27e19f046de9831ba81a6f9bd2a0de14eda6d734af52cd99611c511b,No explicit SVG canvas/viewBox; verify importer bounds. One gameCharacter.svg has a corrected override.
work/full-audit/downloads/mega-assets-expansion-v1/tiddybub-2d-assets.zip,tiddybub-2d-assets/ui/board-game-info/Vector/Space/players_2_7.svg,2532b8ecd8402010cc04ab2010155061f7818fdf29bf9adcc2ab0417c99afc22,No explicit SVG canvas/viewBox; verify importer bounds. One gameCharacter.svg has a corrected override.
work/full-audit/downloads/mega-assets-expansion-v1/tiddybub-2d-assets.zip,tiddybub-2d-assets/ui/board-game-info/Vector/Default/players_1_4.svg,edbdc0d471e3cb43ac3fca4933a60b9c3c0a73509ee557d5ae8eb7d8bbc6b166,No explicit SVG canvas/viewBox; verify importer bounds. One gameCharacter.svg has a corrected override.
work/full-audit/downloads/mega-assets-expansion-v1/tiddybub-2d-assets.zip,tiddybub-2d-assets/ui/board-game-info/Vector/Default/ages_17.svg,66d668eb7fc88b2d13c1f041f2919918d5e455fa7cfbbd494b52ce29fcbbf92f,No explicit SVG canvas/viewBox; verify importer bounds. One gameCharacter.svg has a corrected override.
work/full-audit/downloads/mega-assets-expansion-v1/tiddybub-2d-assets.zip,tiddybub-2d-assets/ui/board-game-info/Vector/Default/puzzle_text.svg,407d6d228484a9ac60f79ffa7c09f11e96da8b062a0d9ab407d7efe5f36d6a4b,No explicit SVG canvas/viewBox; verify importer bounds. One gameCharacter.svg has a corrected override.
work/full-audit/downloads/mega-assets-expansion-v1/tiddybub-2d-assets.zip,tiddybub-2d-assets/ui/board-game-info/Vector/Default/players_3_8.svg,8fed18c1b8a3824580e7fa56cc24d091c5f9f3e08f34c6aa2141b9e95cd41a68,No explicit SVG canvas/viewBox; verify importer bounds. One gameCharacter.svg has a corrected override.
work/full-audit/downloads/mega-assets-expansion-v1/tiddybub-2d-assets.zip,tiddybub-2d-assets/ui/board-game-info/Vector/Default/ages_13.svg,854d7c24a14019244987709c4d86e1a6415b126fbb19acc58c133a65f819d301,No explicit SVG canvas/viewBox; verify importer bounds. One gameCharacter.svg has a corrected override.
work/full-audit/downloads/mega-assets-expansion-v1/tiddybub-2d-assets.zip,tiddybub-2d-assets/ui/board-game-info/Vector/Default/players_2_8.svg,cecabfb93cabc28c6a886a002fdba248cb4d2b86df1961133705f3e5ff3306cb,No explicit SVG canvas/viewBox; verify importer bounds. One gameCharacter.svg has a corrected override.
work/full-audit/downloads/mega-assets-expansion-v1/tiddybub-2d-assets.zip,tiddybub-2d-assets/ui/board-game-info/Vector/Default/medium_light.svg,67b54019797d31dc83011b781b4096b13af8a7aeed69a79061489b5c1ef326f1,No explicit SVG canvas/viewBox; verify importer bounds. One gameCharacter.svg has a corrected override.
work/full-audit/downloads/mega-assets-expansion-v1/tiddybub-2d-assets.zip,tiddybub-2d-assets/ui/board-game-info/Vector/Default/interaction_text.svg,668a80c5cca3a0d7cad84ad427a5f4bc494280fa40618959400912666d88c088,No explicit SVG canvas/viewBox; verify importer bounds. One gameCharacter.svg has a corrected override.
work/full-audit/downloads/mega-assets-expansion-v1/tiddybub-2d-assets.zip,tiddybub-2d-assets/ui/board-game-info/Vector/Default/players_3.svg,75207ea5bbe084ed424a484e8fda79d608b81e4bb2f9a4c780003418bc39e79d,No explicit SVG canvas/viewBox; verify importer bounds. One gameCharacter.svg has a corrected override.
work/full-audit/downloads/mega-assets-expansion-v1/tiddybub-2d-assets.zip,tiddybub-2d-assets/ui/board-game-info/Vector/Default/pen_paper.svg,dc8939ebcbb24f3fed0672d01905f15fb1c5e315e87f68ec07579d5405b11cef,No explicit SVG canvas/viewBox; verify importer bounds. One gameCharacter.svg has a corrected override.
work/full-audit/downloads/mega-assets-expansion-v1/tiddybub-2d-assets.zip,tiddybub-2d-assets/ui/board-game-info/Vector/Default/duration.svg,299fdbe9c671bf8a8108c3697754173bb1d8927075e411ef22ddbcbca08455e8,No explicit SVG canvas/viewBox; verify importer bounds. One gameCharacter.svg has a corrected override.
work/full-audit/downloads/mega-assets-expansion-v1/tiddybub-2d-assets.zip,tiddybub-2d-assets/ui/board-game-info/Vector/Default/choking_hazard_age_text.svg,8d9653fd4d0d71311832975dbf261dfd01010f88644cdd5a0bce748437676b63,No explicit SVG canvas/viewBox; verify importer bounds. One gameCharacter.svg has a corrected override.
work/full-audit/downloads/mega-assets-expansion-v1/tiddybub-2d-assets.zip,tiddybub-2d-assets/ui/board-game-info/Vector/Default/duration_10.svg,8c0384b6df12214e2bb85028d11d3d4d896a9bbadb079fa50ad6b536350cde5a,No explicit SVG canvas/viewBox; verify importer bounds. One gameCharacter.svg has a corrected override.
work/full-audit/downloads/mega-assets-expansion-v1/tiddybub-2d-assets.zip,tiddybub-2d-assets/ui/board-game-info/Vector/Default/strong_language.svg,bde5582e98eb1b2f18c053c66a081a38611f74f4707b9b2774506ef38abdab50,No explicit SVG canvas/viewBox; verify importer bounds. One gameCharacter.svg has a corrected override.
work/full-audit/downloads/mega-assets-expansion-v1/tiddybub-2d-assets.zip,tiddybub-2d-assets/ui/board-game-info/Vector/Default/ages_all.svg,63866fa7c5cd0ef220e84b6a4c287202393f4ace44e225cc46469dd8c2a385f9,No explicit SVG canvas/viewBox; verify importer bounds. One gameCharacter.svg has a corrected override.
work/full-audit/downloads/mega-assets-expansion-v1/tiddybub-2d-assets.zip,tiddybub-2d-assets/ui/board-game-info/Vector/Default/players_4_5.svg,1ca0f87c0d9d9550e880c0b7c1c395c6f4f777e8f8d7df28a5a99d9a7ea0e67a,No explicit SVG canvas/viewBox; verify importer bounds. One gameCharacter.svg has a corrected override.
work/full-audit/downloads/mega-assets-expansion-v1/tiddybub-2d-assets.zip,tiddybub-2d-assets/ui/board-game-info/Vector/Default/duration_60_90.svg,083ccfaff114676e5a6d93325ef044dc5269b43e517d31d64c0901fca39fec6e,No explicit SVG canvas/viewBox; verify importer bounds. One gameCharacter.svg has a corrected override.
work/full-audit/downloads/mega-assets-expansion-v1/tiddybub-2d-assets.zip,tiddybub-2d-assets/ui/board-game-info/Vector/Default/players_4_8.svg,bc32a1025ca6f3cee37cafa68c78adfadf29d4134b7dd78b027cebb76aa49a6c,No explicit SVG canvas/viewBox; verify importer bounds. One gameCharacter.svg has a corrected override.
work/full-audit/downloads/mega-assets-expansion-v1/tiddybub-2d-assets.zip,tiddybub-2d-assets/ui/board-game-info/Vector/Default/players_1_6.svg,0e553a37f234054228b80fa72c7ba5daf9895af4c4a0a223805b6c490d9454b0,No explicit SVG canvas/viewBox; verify importer bounds. One gameCharacter.svg has a corrected override.
work/full-audit/downloads/mega-assets-expansion-v1/tiddybub-2d-assets.zip,tiddybub-2d-assets/ui/board-game-info/Vector/Default/medium.svg,456b1061cbe7b04a78a78a0a25aaf8134e395c4cad3fe430588fffb9c2db4837,No explicit SVG canvas/viewBox; verify importer bounds. One gameCharacter.svg has a corrected override.
work/full-audit/downloads/mega-assets-expansion-v1/tiddybub-2d-assets.zip,tiddybub-2d-assets/ui/board-game-info/Vector/Default/players_1_5.svg,56a324c20297668438b7b9eda313b957b647b0bd9b472dd86db3598d4096c9a5,No explicit SVG canvas/viewBox; verify importer bounds. One gameCharacter.svg has a corrected override.
work/full-audit/downloads/mega-assets-expansion-v1/tiddybub-2d-assets.zip,tiddybub-2d-assets/ui/board-game-info/Vector/Default/players_1_2.svg,f5fa0f831c70583e6b1898bfa231b70b99d1979889fd0164e17574220325a7f8,No explicit SVG canvas/viewBox; verify importer bounds. One gameCharacter.svg has a corrected override.
work/full-audit/downloads/mega-assets-expansion-v1/tiddybub-2d-assets.zip,tiddybub-2d-assets/ui/board-game-info/Vector/Default/tiles.svg,f35af51a1b9e86a9b68ca02e297d6c3111427da0cbc812938187d9fb669503f7,No explicit SVG canvas/viewBox; verify importer bounds. One gameCharacter.svg has a corrected override.
work/full-audit/downloads/mega-assets-expansion-v1/tiddybub-2d-assets.zip,tiddybub-2d-assets/ui/board-game-info/Vector/Default/puzzle.svg,40e4076e0c3ce7841b2896542f33f22610d684c1875dfd952de5da60f79c63c4,No explicit SVG canvas/viewBox; verify importer bounds. One gameCharacter.svg has a corrected override.
work/full-audit/downloads/mega-assets-expansion-v1/tiddybub-2d-assets.zip,tiddybub-2d-assets/ui/board-game-info/Vector/Default/choking_hazard.svg,3965fe134f214696c4e6cbd8c4ac99a9993ab8f74be5aa086202fa63ffaf5ef4,No explicit SVG canvas/viewBox; verify importer bounds. One gameCharacter.svg has a corrected override.
work/full-audit/downloads/mega-assets-expansion-v1/tiddybub-2d-assets.zip,tiddybub-2d-assets/ui/board-game-info/Vector/Default/stopwatch.svg,a665e1bf5d254b956d42a75d65826a1f604f4a388060c2ab8266bcdb223bd723,No explicit SVG canvas/viewBox; verify importer bounds. One gameCharacter.svg has a corrected override.
work/full-audit/downloads/mega-assets-expansion-v1/tiddybub-2d-assets.zip,tiddybub-2d-assets/ui/board-game-info/Vector/Default/medium_heavy_text.svg,4e26c354be74621dfa7f062795c58f80bb2219d1588ba2e5d74b4d4d11659be4,No explicit SVG canvas/viewBox; verify importer bounds. One gameCharacter.svg has a corrected override.
work/full-audit/downloads/mega-assets-expansion-v1/tiddybub-2d-assets.zip,tiddybub-2d-assets/ui/board-game-info/Vector/Default/tablet.svg,dd204b44e5fe4451becb6520d7ef301766953245b8b50ca9a3283349293bee07,No explicit SVG canvas/viewBox; verify importer bounds. One gameCharacter.svg has a corrected override.
work/full-audit/downloads/mega-assets-expansion-v1/tiddybub-2d-assets.zip,tiddybub-2d-assets/ui/board-game-info/Vector/Default/players_2_5.svg,c4a93ef0d521f3d4caa75d07d729f65e62d33f67c138946632aa1d88e73848ad,No explicit SVG canvas/viewBox; verify importer bounds. One gameCharacter.svg has a corrected override.
work/full-audit/downloads/mega-assets-expansion-v1/tiddybub-2d-assets.zip,tiddybub-2d-assets/ui/board-game-info/Vector/Default/heavy_text.svg,2a07eb2bd713bf1f990f29a4f122b6dfb81ff52739b4a9142e10bc956691a142,No explicit SVG canvas/viewBox; verify importer bounds. One gameCharacter.svg has a corrected override.
work/full-audit/downloads/mega-assets-expansion-v1/tiddybub-2d-assets.zip,tiddybub-2d-assets/ui/board-game-info/Vector/Default/choking_hazard_age.svg,ec53bf09a30ac83eafd060fd88208933bbecbbf92288500f073f16b85bc11b02,No explicit SVG canvas/viewBox; verify importer bounds. One gameCharacter.svg has a corrected override.
work/full-audit/downloads/mega-assets-expansion-v1/tiddybub-2d-assets.zip,tiddybub-2d-assets/ui/board-game-info/Vector/Default/medium_text.svg,983cd3503d0e707c42e9ae8bf1fe2a13e779fc69cbb6ea9a5cb2e93d7a377418,No explicit SVG canvas/viewBox; verify importer bounds. One gameCharacter.svg has a corrected override.
work/full-audit/downloads/mega-assets-expansion-v1/tiddybub-2d-assets.zip,tiddybub-2d-assets/ui/board-game-info/Vector/Default/tablet_text.svg,e312ee959527f50855d1812b7ca901d130d9347b8e32dcf5f94dd3f1c32b9740,No explicit SVG canvas/viewBox; verify importer bounds. One gameCharacter.svg has a corrected override.
work/full-audit/downloads/mega-assets-expansion-v1/tiddybub-2d-assets.zip,tiddybub-2d-assets/ui/board-game-info/Vector/Default/players_4_9.svg,b9d54bf2070be8048fb5391098650c07081b4e2c4eba11b909fe0f8727a5cc17,No explicit SVG canvas/viewBox; verify importer bounds. One gameCharacter.svg has a corrected override.
work/full-audit/downloads/mega-assets-expansion-v1/tiddybub-2d-assets.zip,tiddybub-2d-assets/ui/board-game-info/Vector/Default/players_alternative.svg,310a50872eec40d2f45f1babdd5c713154e799f479ff09de17763afdd538ff31,No explicit SVG canvas/viewBox; verify importer bounds. One gameCharacter.svg has a corrected override.
work/full-audit/downloads/mega-assets-expansion-v1/tiddybub-2d-assets.zip,tiddybub-2d-assets/ui/board-game-info/Vector/Default/light_text.svg,9bc650048ac68214ae7e2a1b514b3b60a7708a563867c309c9a8dd4aa812e331,No explicit SVG canvas/viewBox; verify importer bounds. One gameCharacter.svg has a corrected override.
work/full-audit/downloads/mega-assets-expansion-v1/tiddybub-2d-assets.zip,tiddybub-2d-assets/ui/board-game-info/Vector/Default/players_table.svg,de43543737737da8f21008fe44b7fcfe17debec89cc96f117b74ae7650750c20,No explicit SVG canvas/viewBox; verify importer bounds. One gameCharacter.svg has a corrected override.
work/full-audit/downloads/mega-assets-expansion-v1/tiddybub-2d-assets.zip,tiddybub-2d-assets/ui/board-game-info/Vector/Default/players_2_10.svg,9001381579033defc54a54a9bcc92c1a0edb32dedde2219c424fdb639c2c35dd,No explicit SVG canvas/viewBox; verify importer bounds. One gameCharacter.svg has a corrected override.
work/full-audit/downloads/mega-assets-expansion-v1/tiddybub-2d-assets.zip,tiddybub-2d-assets/ui/board-game-info/Vector/Default/knowledge.svg,006bd50ee05d9e1177fdb5620d528234a79da80dcb25562d4f8c855d0baa23a7,No explicit SVG canvas/viewBox; verify importer bounds. One gameCharacter.svg has a corrected override.
work/full-audit/downloads/mega-assets-expansion-v1/tiddybub-2d-assets.zip,tiddybub-2d-assets/ui/board-game-info/Vector/Default/cards_text.svg,9c7c24cfb58918e090d6e1b52e290b445e0e54fc581b91d9e398fdf4fe6ffe8e,No explicit SVG canvas/viewBox; verify importer bounds. One gameCharacter.svg has a corrected override.
work/full-audit/downloads/mega-assets-expansion-v1/tiddybub-2d-assets.zip,tiddybub-2d-assets/ui/board-game-info/Vector/Default/choking_hazard_text.svg,4c32b586535b54c1f778c60a105f5329786c46c3677ab0fc7d472088a673f32d,No explicit SVG canvas/viewBox; verify importer bounds. One gameCharacter.svg has a corrected override.
work/full-audit/downloads/mega-assets-expansion-v1/tiddybub-2d-assets.zip,tiddybub-2d-assets/ui/board-game-info/Vector/Default/strong_language_text.svg,ec208b721489d506596835e6e748e503a504863c088973de9e7f387bd324d596,No explicit SVG canvas/viewBox; verify importer bounds. One gameCharacter.svg has a corrected override.
work/full-audit/downloads/mega-assets-expansion-v1/tiddybub-2d-assets.zip,tiddybub-2d-assets/ui/board-game-info/Vector/Default/duration_15_30.svg,d27e5b75676e7a7efb2ec9e67947ed9fcec6f68375df87c1c51b0a3e95635487,No explicit SVG canvas/viewBox; verify importer bounds. One gameCharacter.svg has a corrected override.
work/full-audit/downloads/mega-assets-expansion-v1/tiddybub-2d-assets.zip,tiddybub-2d-assets/ui/board-game-info/Vector/Default/players_2.svg,ec3ce76a6888dcde4b8da582c5e53e4a8d931c89e7e1cb1f6c0e03a67d6fbb10,No explicit SVG canvas/viewBox; verify importer bounds. One gameCharacter.svg has a corrected override.
work/full-audit/downloads/mega-assets-expansion-v1/tiddybub-2d-assets.zip,tiddybub-2d-assets/ui/board-game-info/Vector/Default/players_3_4.svg,b8a121d16ba5d61a404ac3aaea21b2f6db77fa1794ea8a7e194942c79df6e65a,No explicit SVG canvas/viewBox; verify importer bounds. One gameCharacter.svg has a corrected override.
work/full-audit/downloads/mega-assets-expansion-v1/tiddybub-2d-assets.zip,tiddybub-2d-assets/ui/board-game-info/Vector/Default/duration_45_60.svg,18807d54f6953aaa24466d1bcca7b306a2729da45b3e48a96e786b96af081a9d,No explicit SVG canvas/viewBox; verify importer bounds. One gameCharacter.svg has a corrected override.
work/full-audit/downloads/mega-assets-expansion-v1/tiddybub-2d-assets.zip,tiddybub-2d-assets/ui/board-game-info/Vector/Default/players_4.svg,134845f6cade13b61b8b0a44edd3526c18336acdd3644d2f1747b51b3631cf31,No explicit SVG canvas/viewBox; verify importer bounds. One gameCharacter.svg has a corrected override.
work/full-audit/downloads/mega-assets-expansion-v1/tiddybub-2d-assets.zip,tiddybub-2d-assets/ui/board-game-info/Vector/Default/ages.svg,37e9111e47f3c523c7cfb1fc391b8e2ca8cf0aeb57551b97094af997b2c0f27c,No explicit SVG canvas/viewBox; verify importer bounds. One gameCharacter.svg has a corrected override.
work/full-audit/downloads/mega-assets-expansion-v1/tiddybub-2d-assets.zip,tiddybub-2d-assets/ui/board-game-info/Vector/Default/players_4_7.svg,c2115607806c05a9c8b3f5c022385b427095bef1d1d07d26306b8daf0920eada,No explicit SVG canvas/viewBox; verify importer bounds. One gameCharacter.svg has a corrected override.
work/full-audit/downloads/mega-assets-expansion-v1/tiddybub-2d-assets.zip,tiddybub-2d-assets/ui/board-game-info/Vector/Default/players_4_10.svg,0ed1dc274500d7c9500633d255e925f6381aa69cd6eabbee76ee1bbb16fa43ed,No explicit SVG canvas/viewBox; verify importer bounds. One gameCharacter.svg has a corrected override.
work/full-audit/downloads/mega-assets-expansion-v1/tiddybub-2d-assets.zip,tiddybub-2d-assets/ui/board-game-info/Vector/Default/ages_7.svg,1236f44dc8fa4150017dfb649276f0e6aef74f197c291353eb42607cdf568f74,No explicit SVG canvas/viewBox; verify importer bounds. One gameCharacter.svg has a corrected override.
work/full-audit/downloads/mega-assets-expansion-v1/tiddybub-2d-assets.zip,tiddybub-2d-assets/ui/board-game-info/Vector/Default/players_2_9.svg,4754a9089f0aaff91c3c53cbcd54384e9046355f449e1728e7d9a53b7cd4270c,No explicit SVG canvas/viewBox; verify importer bounds. One gameCharacter.svg has a corrected override.
work/full-audit/downloads/mega-assets-expansion-v1/tiddybub-2d-assets.zip,tiddybub-2d-assets/ui/board-game-info/Vector/Default/players_1_9.svg,87dc5d5e5ac3cab7f16f56b3583f48d55aa4089e3311e25bddf5681ecadf8274,No explicit SVG canvas/viewBox; verify importer bounds. One gameCharacter.svg has a corrected override.
work/full-audit/downloads/mega-assets-expansion-v1/tiddybub-2d-assets.zip,tiddybub-2d-assets/ui/board-game-info/Vector/Default/players_1.svg,42696598ce46d2a3291183d00df810428c24a45ef8a91fe1d7caa6905eabcd68,No explicit SVG canvas/viewBox; verify importer bounds. One gameCharacter.svg has a corrected override.
work/full-audit/downloads/mega-assets-expansion-v1/tiddybub-2d-assets.zip,tiddybub-2d-assets/ui/board-game-info/Vector/Default/blank.svg,8f8ab06ff76715251dea77cc18e198b9cb9396d9850b3bfd9c88b5e7d1073d99,No explicit SVG canvas/viewBox; verify importer bounds. One gameCharacter.svg has a corrected override.
work/full-audit/downloads/mega-assets-expansion-v1/tiddybub-2d-assets.zip,tiddybub-2d-assets/ui/board-game-info/Vector/Default/duration_30.svg,0e807fd91fb871ab10a315624115f66b7aacb31a27b3360f1dcc6c040c158a73,No explicit SVG canvas/viewBox; verify importer bounds. One gameCharacter.svg has a corrected override.
work/full-audit/downloads/mega-assets-expansion-v1/tiddybub-2d-assets.zip,tiddybub-2d-assets/ui/board-game-info/Vector/Default/ages_10.svg,04601c209207c30e62850050c4f148a02a07fa26f8553ce0e3255dbec4fdf71b,No explicit SVG canvas/viewBox; verify importer bounds. One gameCharacter.svg has a corrected override.
work/full-audit/downloads/mega-assets-expansion-v1/tiddybub-2d-assets.zip,tiddybub-2d-assets/ui/board-game-info/Vector/Default/interaction.svg,e18131245c7ab2bf00aae34dcc42a3a55e1604a42eaac47fc3c2929f3839c4a7,No explicit SVG canvas/viewBox; verify importer bounds. One gameCharacter.svg has a corrected override.
work/full-audit/downloads/mega-assets-expansion-v1/tiddybub-2d-assets.zip,tiddybub-2d-assets/ui/board-game-info/Vector/Default/players_3_5.svg,3de60ca55cfd8a3b79929eadb934af74a2eac9f11b1666945b012af59a737cdc,No explicit SVG canvas/viewBox; verify importer bounds. One gameCharacter.svg has a corrected override.
work/full-audit/downloads/mega-assets-expansion-v1/tiddybub-2d-assets.zip,tiddybub-2d-assets/ui/board-game-info/Vector/Default/players_4_6.svg,806fef191c596ff378ca621e32959c94ecaf6c41706697756356fc363bd051e0,No explicit SVG canvas/viewBox; verify importer bounds. One gameCharacter.svg has a corrected override.
work/full-audit/downloads/mega-assets-expansion-v1/tiddybub-2d-assets.zip,tiddybub-2d-assets/ui/board-game-info/Vector/Default/players_2_6.svg,f6a74a13f236c5753be26423fc8e275fad2bf899f40e785b2a5a462242cb0821,No explicit SVG canvas/viewBox; verify importer bounds. One gameCharacter.svg has a corrected override.
work/full-audit/downloads/mega-assets-expansion-v1/tiddybub-2d-assets.zip,tiddybub-2d-assets/ui/board-game-info/Vector/Default/players_2_3.svg,d05a0ab00720d0becc673e98b5876aa7f7f4dc0263302b3266f9a8db0fbc2b48,No explicit SVG canvas/viewBox; verify importer bounds. One gameCharacter.svg has a corrected override.
work/full-audit/downloads/mega-assets-expansion-v1/tiddybub-2d-assets.zip,tiddybub-2d-assets/ui/board-game-info/Vector/Default/players_1_3.svg,2739255f0676e051f7d5343e89981deff794874d0b77eda5c7fa0b82967f7391,No explicit SVG canvas/viewBox; verify importer bounds. One gameCharacter.svg has a corrected override.
work/full-audit/downloads/mega-assets-expansion-v1/tiddybub-2d-assets.zip,tiddybub-2d-assets/ui/board-game-info/Vector/Default/medium_heavy.svg,39e52d0e054fedf9381c6c64e86c3fe5458ad717ceee56789595c7c5e5ce056a,No explicit SVG canvas/viewBox; verify importer bounds. One gameCharacter.svg has a corrected override.
work/full-audit/downloads/mega-assets-expansion-v1/tiddybub-2d-assets.zip,tiddybub-2d-assets/ui/board-game-info/Vector/Default/miniatures.svg,b43b5115785ec4951033ca15a2d69382abcc1b1f348a204a93dc547b8b76ba66,No explicit SVG canvas/viewBox; verify importer bounds. One gameCharacter.svg has a corrected override.
work/full-audit/downloads/mega-assets-expansion-v1/tiddybub-2d-assets.zip,tiddybub-2d-assets/ui/board-game-info/Vector/Default/duration_15.svg,c2c70c94c70f754182a80e540e1cdf26a1f9216e8805c23b4a691bb41ef00e16,No explicit SVG canvas/viewBox; verify importer bounds. One gameCharacter.svg has a corrected override.
work/full-audit/downloads/mega-assets-expansion-v1/tiddybub-2d-assets.zip,tiddybub-2d-assets/ui/board-game-info/Vector/Default/players_3_10.svg,d95e3ab3cc5ccda7972fcb131dd10af7227a3602e19bcbfa7a72535c48cb7ed8,No explicit SVG canvas/viewBox; verify importer bounds. One gameCharacter.svg has a corrected override.
work/full-audit/downloads/mega-assets-expansion-v1/tiddybub-2d-assets.zip,tiddybub-2d-assets/ui/board-game-info/Vector/Default/teams_text.svg,af3edd0655893b6140b2c277e017275c63e8c250609b9e0071e02296311fe21d,No explicit SVG canvas/viewBox; verify importer bounds. One gameCharacter.svg has a corrected override.
work/full-audit/downloads/mega-assets-expansion-v1/tiddybub-2d-assets.zip,tiddybub-2d-assets/ui/board-game-info/Vector/Default/hourglass.svg,6f53de6a8bcaee8d24f9841ddde938a75a11dfcb02530b083e55bf4473f5d95c,No explicit SVG canvas/viewBox; verify importer bounds. One gameCharacter.svg has a corrected override.
work/full-audit/downloads/mega-assets-expansion-v1/tiddybub-2d-assets.zip,tiddybub-2d-assets/ui/board-game-info/Vector/Default/players_3_7.svg,eb3dc77c02b54a19a60c5890538fe24fb953ec9073926c69de0ee6f6929922b8,No explicit SVG canvas/viewBox; verify importer bounds. One gameCharacter.svg has a corrected override.
work/full-audit/downloads/mega-assets-expansion-v1/tiddybub-2d-assets.zip,tiddybub-2d-assets/ui/board-game-info/Vector/Default/players_1_7.svg,b7ccb936230bbf548a327d7fd222b2bedc6bbc5b3a578d7789d8d6cf1c6dffdf,No explicit SVG canvas/viewBox; verify importer bounds. One gameCharacter.svg has a corrected override.
work/full-audit/downloads/mega-assets-expansion-v1/tiddybub-2d-assets.zip,tiddybub-2d-assets/ui/board-game-info/Vector/Default/medium_light_text.svg,d8efe03fd4e34a1116ad4d7d4b870ec4f2bf7faf6b0ed69a47f47c9c1d6a88ad,No explicit SVG canvas/viewBox; verify importer bounds. One gameCharacter.svg has a corrected override.
work/full-audit/downloads/mega-assets-expansion-v1/tiddybub-2d-assets.zip,tiddybub-2d-assets/ui/board-game-info/Vector/Default/luck.svg,83f15bf4e84edafa853ec642ccf57bb665971295d5a9a0f5d4af4339c9b472af,No explicit SVG canvas/viewBox; verify importer bounds. One gameCharacter.svg has a corrected override.
work/full-audit/downloads/mega-assets-expansion-v1/tiddybub-2d-assets.zip,tiddybub-2d-assets/ui/board-game-info/Vector/Default/heavy.svg,e492e238fc495b14247393f2ac52eb3fe76a713b38a7d9da376860796a0fa74e,No explicit SVG canvas/viewBox; verify importer bounds. One gameCharacter.svg has a corrected override.
work/full-audit/downloads/mega-assets-expansion-v1/tiddybub-2d-assets.zip,tiddybub-2d-assets/ui/board-game-info/Vector/Default/pen_paper_text.svg,948eefd4512dd1ff88610047a770253928507bd97718ee7db487af688fd9947d,No explicit SVG canvas/viewBox; verify importer bounds. One gameCharacter.svg has a corrected override.
work/full-audit/downloads/mega-assets-expansion-v1/tiddybub-2d-assets.zip,tiddybub-2d-assets/ui/board-game-info/Vector/Default/blank_panel.svg,b03b27c5a51c43bfd32103c248017f0a649f9b82378ada153bdac707b9be0a6a,No explicit SVG canvas/viewBox; verify importer bounds. One gameCharacter.svg has a corrected override.
work/full-audit/downloads/mega-assets-expansion-v1/tiddybub-2d-assets.zip,tiddybub-2d-assets/ui/board-game-info/Vector/Default/ages_18.svg,659f001df70c4578bf79f60f24879b4f73f40a7a285acc342d7a7419e093e742,No explicit SVG canvas/viewBox; verify importer bounds. One gameCharacter.svg has a corrected override.
work/full-audit/downloads/mega-assets-expansion-v1/tiddybub-2d-assets.zip,tiddybub-2d-assets/ui/board-game-info/Vector/Default/cards.svg,a4c5c23a3917eab3c22097b839c0be3189d5aa9ea5ed60c2d1216243fda7430e,No explicit SVG canvas/viewBox; verify importer bounds. One gameCharacter.svg has a corrected override.
work/full-audit/downloads/mega-assets-expansion-v1/tiddybub-2d-assets.zip,tiddybub-2d-assets/ui/board-game-info/Vector/Default/duration_60.svg,b1c66b892299fd28efccb6c80e00c91a1fa93f0f57c8fd85c588139ec9d3008d,No explicit SVG canvas/viewBox; verify importer bounds. One gameCharacter.svg has a corrected override.
work/full-audit/downloads/mega-assets-expansion-v1/tiddybub-2d-assets.zip,tiddybub-2d-assets/ui/board-game-info/Vector/Default/players.svg,c76955448681cebd6041b717df4acb76c52c0bce53137e2c6bb2ce12bb9ee637,No explicit SVG canvas/viewBox; verify importer bounds. One gameCharacter.svg has a corrected override.
work/full-audit/downloads/mega-assets-expansion-v1/tiddybub-2d-assets.zip,tiddybub-2d-assets/ui/board-game-info/Vector/Default/duration_120.svg,f533610c57fda3544d9f9a4f9fe42fd229399e9753e91bba7a0940b255fd29d9,No explicit SVG canvas/viewBox; verify importer bounds. One gameCharacter.svg has a corrected override.
work/full-audit/downloads/mega-assets-expansion-v1/tiddybub-2d-assets.zip,tiddybub-2d-assets/ui/board-game-info/Vector/Default/tiles_text.svg,849b9bd3299658f6f298ef1bf74ae80c95568d9fc2474f10ca4c04f33ce1b91b,No explicit SVG canvas/viewBox; verify importer bounds. One gameCharacter.svg has a corrected override.
work/full-audit/downloads/mega-assets-expansion-v1/tiddybub-2d-assets.zip,tiddybub-2d-assets/ui/board-game-info/Vector/Default/players_1_10.svg,b357d6c97ef32122dd150aaf95ede76de457d44c7aaf5f4519baed3bff6d42a7,No explicit SVG canvas/viewBox; verify importer bounds. One gameCharacter.svg has a corrected override.
work/full-audit/downloads/mega-assets-expansion-v1/tiddybub-2d-assets.zip,tiddybub-2d-assets/ui/board-game-info/Vector/Default/luck_text.svg,fb74ab4b121cd7d96fadcf764ffaac10ad6b400ea5ec93280e53ff81b1d53097,No explicit SVG canvas/viewBox; verify importer bounds. One gameCharacter.svg has a corrected override.
work/full-audit/downloads/mega-assets-expansion-v1/tiddybub-2d-assets.zip,tiddybub-2d-assets/ui/board-game-info/Vector/Default/duration_90.svg,0bf97785ffac4107801fae0ffea3611370c97496dd44391aff798e7832d0f51a,No explicit SVG canvas/viewBox; verify importer bounds. One gameCharacter.svg has a corrected override.
work/full-audit/downloads/mega-assets-expansion-v1/tiddybub-2d-assets.zip,tiddybub-2d-assets/ui/board-game-info/Vector/Default/duration_45.svg,974aa5924d06bbab3ea68439e6011dd461ae0f6c0d3febe0d42c4fdbfe92d55c,No explicit SVG canvas/viewBox; verify importer bounds. One gameCharacter.svg has a corrected override.
work/full-audit/downloads/mega-assets-expansion-v1/tiddybub-2d-assets.zip,tiddybub-2d-assets/ui/board-game-info/Vector/Default/miniatures_text.svg,131912aee06f01d0f1d0e8c776b4555db45066bc78ff1ea7ab4c1ed15eaffc26,No explicit SVG canvas/viewBox; verify importer bounds. One gameCharacter.svg has a corrected override.
work/full-audit/downloads/mega-assets-expansion-v1/tiddybub-2d-assets.zip,tiddybub-2d-assets/ui/board-game-info/Vector/Default/players_2_4.svg,3ec13c64305cea4028d4e6dfb45959ded66c74b4eeb36b1c26d7942a56cc11cf,No explicit SVG canvas/viewBox; verify importer bounds. One gameCharacter.svg has a corrected override.
work/full-audit/downloads/mega-assets-expansion-v1/tiddybub-2d-assets.zip,tiddybub-2d-assets/ui/board-game-info/Vector/Default/light.svg,c75ae8e662d4d86e20007b3f08e61e10adbf2a8156a62d04a2758ccf77cd274a,No explicit SVG canvas/viewBox; verify importer bounds. One gameCharacter.svg has a corrected override.
work/full-audit/downloads/mega-assets-expansion-v1/tiddybub-2d-assets.zip,tiddybub-2d-assets/ui/board-game-info/Vector/Default/players_3_6.svg,ca383222b66fc07a9eac938408db4a9177e8ccec4092a0e22bf4152ef98e4e7e,No explicit SVG canvas/viewBox; verify importer bounds. One gameCharacter.svg has a corrected override.
work/full-audit/downloads/mega-assets-expansion-v1/tiddybub-2d-assets.zip,tiddybub-2d-assets/ui/board-game-info/Vector/Default/duration_20.svg,fc5ea2ec70627c1de1855a4ba939cdfeaff340e3eea5ac99378828cf7977e949,No explicit SVG canvas/viewBox; verify importer bounds. One gameCharacter.svg has a corrected override.
work/full-audit/downloads/mega-assets-expansion-v1/tiddybub-2d-assets.zip,tiddybub-2d-assets/ui/board-game-info/Vector/Default/ages_3.svg,51e7b0c927edc1824c9c69889230fc8de4332be3acbea062ba935b71ddbd2cc9,No explicit SVG canvas/viewBox; verify importer bounds. One gameCharacter.svg has a corrected override.
work/full-audit/downloads/mega-assets-expansion-v1/tiddybub-2d-assets.zip,tiddybub-2d-assets/ui/board-game-info/Vector/Default/knowledge_text.svg,01a9e752088014e7d2b1e5cd0a3f67a1bbbd9818f30571f87deae9d872376cee,No explicit SVG canvas/viewBox; verify importer bounds. One gameCharacter.svg has a corrected override.
work/full-audit/downloads/mega-assets-expansion-v1/tiddybub-2d-assets.zip,tiddybub-2d-assets/ui/board-game-info/Vector/Default/players_1_8.svg,53c3e6cfe997ece9d626d107d8de69bb630b0b0090d892eb3ef07161b60383cd,No explicit SVG canvas/viewBox; verify importer bounds. One gameCharacter.svg has a corrected override.
work/full-audit/downloads/mega-assets-expansion-v1/tiddybub-2d-assets.zip,tiddybub-2d-assets/ui/board-game-info/Vector/Default/players_3_9.svg,1ac64204003a7f9507a0af28aa29f17b98c90dd5258d1b8baa90c4cc815efb86,No explicit SVG canvas/viewBox; verify importer bounds. One gameCharacter.svg has a corrected override.
work/full-audit/downloads/mega-assets-expansion-v1/tiddybub-2d-assets.zip,tiddybub-2d-assets/ui/board-game-info/Vector/Default/players_2_7.svg,a3f18f34a9ba58fa30603541afd1d5b8162a4fbf39017b1176fb8c4db48cb23f,No explicit SVG canvas/viewBox; verify importer bounds. One gameCharacter.svg has a corrected override.
work/full-audit/downloads/mega-assets-expansion-v1/tiddybub-2d-assets.zip,tiddybub-2d-assets/nature/hexagon-tiles/Vector/sheet.svg,033074cbb6a9372e247f0bbda2ffbf2eb19945e6a4e90f20bf725aca3ce9598b,No explicit SVG canvas/viewBox; verify importer bounds. One gameCharacter.svg has a corrected override.
work/full-audit/downloads/mega-assets-expansion-v1/tiddybub-2d-assets.zip,tiddybub-2d-assets/nature/platformer-bricks/Vector/platformerBricks_vector.svg,ca771377ad1060d0dc5cf7899c7eb79d700049bb1481e249ab8ed2d39cb49964,No explicit SVG canvas/viewBox; verify importer bounds. One gameCharacter.svg has a corrected override.
work/full-audit/downloads/mega-assets-expansion-v1/tiddybub-2d-assets.zip,tiddybub-2d-assets/tiles-terrain/background-elements-remastered/Vector/vector_backgrounds.svg,2f8d7bda0548731f36d3b722bd3eae116c566826d580a95da54225fe519c06e5,No explicit SVG canvas/viewBox; verify importer bounds. One gameCharacter.svg has a corrected override.
work/full-audit/downloads/mega-assets-expansion-v1/tiddybub-2d-assets.zip,tiddybub-2d-assets/tiles-terrain/background-elements-remastered/Vector/vector_objects.svg,848f6ead58dd04eb288cc86505862424b344347406ff6127b00e06abda4006b5,No explicit SVG canvas/viewBox; verify importer bounds. One gameCharacter.svg has a corrected override.
work/full-audit/downloads/mega-assets-expansion-v1/tiddybub-2d-assets.zip,tiddybub-2d-assets/tiles-terrain/platformer-art-extended-tileset/Vector/part1.svg,d57142709c2a7fee00edbf55a3e488f95742462bb36c8bb147dad34a095c0ec0,No explicit SVG canvas/viewBox; verify importer bounds. One gameCharacter.svg has a corrected override.
work/full-audit/downloads/mega-assets-expansion-v1/tiddybub-2d-assets.zip,tiddybub-2d-assets/tiles-terrain/platformer-art-extended-tileset/Vector/part2.svg,c4c11a3c1bae7a646644cb0482ba34f2e73cfffdfb99e8984b929da2dc8fe740,No explicit SVG canvas/viewBox; verify importer bounds. One gameCharacter.svg has a corrected override.
work/full-audit/downloads/mega-assets-expansion-v1/tiddybub-2d-assets.zip,tiddybub-2d-assets/tiles-terrain/platformer-art-deluxe/Candy expansion/Vector/sheet.svg,f4bdd891c9ca8ca95a8624e02ff10ef7052a288bcb75f87c59fa1835adbf5129,No explicit SVG canvas/viewBox; verify importer bounds. One gameCharacter.svg has a corrected override.
work/full-audit/downloads/mega-assets-expansion-v1/tiddybub-2d-assets.zip,tiddybub-2d-assets/tiles-terrain/platformer-art-deluxe/Buildings expansion/Vector/sheet.svg,8ccbed8a8c133d512e92d936a52d4c86d29cf420303647ac53051a3f82747191,No explicit SVG canvas/viewBox; verify importer bounds. One gameCharacter.svg has a corrected override.
work/full-audit/downloads/mega-assets-expansion-v1/tiddybub-2d-assets.zip,tiddybub-2d-assets/tiles-terrain/platformer-art-deluxe/Mushroom expansion/Vector/tiles.svg,244152916a12ace506cb27343f95b3082cefc6a576361819be09b73ec4268b5d,No explicit SVG canvas/viewBox; verify importer bounds. One gameCharacter.svg has a corrected override.
work/full-audit/downloads/mega-assets-expansion-v1/tiddybub-2d-assets.zip,tiddybub-2d-assets/tiles-terrain/platformer-art-deluxe/Ice expansion/Vector/sheet.svg,9ac777ffc376d8c89a3037d200480cdad9b2e6e963867ac51203c83ddea6cd0a,No explicit SVG canvas/viewBox; verify importer bounds. One gameCharacter.svg has a corrected override.
work/full-audit/downloads/mega-assets-expansion-v1/tiddybub-2d-assets.zip,tiddybub-2d-assets/tiles-terrain/platformer-art-deluxe/Request pack/Vector/sheet.svg,2cfc43937c982efb4f8784174db9e07f512419b0d2a0903fa4789aec51723a5d,No explicit SVG canvas/viewBox; verify importer bounds. One gameCharacter.svg has a corrected override.
work/full-audit/downloads/mega-assets-expansion-v1/tiddybub-2d-assets.zip,tiddybub-2d-assets/tiles-terrain/platformer-art-deluxe/Extra animations and enemies/Vector/enemies.svg,eb75bc67a248990ec6b669a2f1d2378c832ebff4bb8d2bd2c8f9999c65a77c58,No explicit SVG canvas/viewBox; verify importer bounds. One gameCharacter.svg has a corrected override.
work/full-audit/downloads/mega-assets-expansion-v1/tiddybub-2d-assets.zip,tiddybub-2d-assets/tiles-terrain/platformer-art-deluxe/Extra animations and enemies/Vector/aliens.svg,ad724fd1a6db35e09260aa77ab81e2277fff993e0fb2d24425f9dda5031cdfa6,No explicit SVG canvas/viewBox; verify importer bounds. One gameCharacter.svg has a corrected override.
work/full-audit/downloads/mega-assets-expansion-v1/tiddybub-2d-assets.zip,tiddybub-2d-assets/tiles-terrain/platformer-art-deluxe/Base pack/Vector/enemies.svg,3c27914ef6a5b2cd806247632ce7d7a8a3bbe3cb07e50ff2df0bc9969b493418,No explicit SVG canvas/viewBox; verify importer bounds. One gameCharacter.svg has a corrected override.
work/full-audit/downloads/mega-assets-expansion-v1/tiddybub-2d-assets.zip,tiddybub-2d-assets/tiles-terrain/platformer-art-deluxe/Base pack/Vector/tiles.svg,5a3027ed339c138e5a11fee0b4220f7786f2ac3d27804d3f29ac4f6bb6b6e462,No explicit SVG canvas/viewBox; verify importer bounds. One gameCharacter.svg has a corrected override.
work/full-audit/downloads/mega-assets-expansion-v1/tiddybub-2d-assets.zip,tiddybub-2d-assets/tiles-terrain/rune-pack/Vector/vector-rune-black.svg,1808c92cb910fc2200a697b45b00abc20d0d24f7095f09f188bdf84eb894a627,No explicit SVG canvas/viewBox; verify importer bounds. One gameCharacter.svg has a corrected override.
work/full-audit/downloads/mega-assets-expansion-v1/tiddybub-2d-assets.zip,tiddybub-2d-assets/tiles-terrain/rune-pack/Vector/vector-rune-grey.svg,c8c9b12b2d4b25aaba52fa3526572949015cfa7cb75713ca3246028e1920bf1c,No explicit SVG canvas/viewBox; verify importer bounds. One gameCharacter.svg has a corrected override.
work/full-audit/downloads/mega-assets-expansion-v1/tiddybub-2d-assets.zip,tiddybub-2d-assets/tiles-terrain/rune-pack/Vector/vector-rune-blue.svg,8580c18a68b865a12ec91505f368c5c95e0f17cd21fddb275d606c0e127ead5f,No explicit SVG canvas/viewBox; verify importer bounds. One gameCharacter.svg has a corrected override.
work/full-audit/downloads/mega-assets-expansion-v1/tiddybub-2d-assets.zip,tiddybub-2d-assets/tiles-terrain/platformer-art-mushrooms/Vector/tiles.svg,244152916a12ace506cb27343f95b3082cefc6a576361819be09b73ec4268b5d,No explicit SVG canvas/viewBox; verify importer bounds. One gameCharacter.svg has a corrected override.
work/full-audit/downloads/mega-assets-expansion-v1/tiddybub-2d-assets.zip,tiddybub-2d-assets/tiles-terrain/shooting-gallery/Vector/vector_shootingGallery.svg,ac959ed3e0a2d4255a6f67210f24e3eac43671e55988aeec7a4bce1ff72f57cd,No explicit SVG canvas/viewBox; verify importer bounds. One gameCharacter.svg has a corrected override.
work/full-audit/downloads/mega-assets-expansion-v1/tiddybub-2d-assets.zip,tiddybub-2d-assets/tiles-terrain/platformer-art-candy/Vector/sheet.svg,f4bdd891c9ca8ca95a8624e02ff10ef7052a288bcb75f87c59fa1835adbf5129,No explicit SVG canvas/viewBox; verify importer bounds. One gameCharacter.svg has a corrected override.
work/full-audit/downloads/mega-assets-expansion-v1/tiddybub-2d-assets.zip,tiddybub-2d-assets/tiles-terrain/scribble-platformer/Vector/scribblePlatformer_vector.svg,1c9f412b835673ea0fd002a58bcfff942db24b8681fd2fd7bc9dd778c7dc22fe,No explicit SVG canvas/viewBox; verify importer bounds. One gameCharacter.svg has a corrected override.
work/full-audit/downloads/mega-assets-expansion-v1/tiddybub-2d-assets.zip,tiddybub-2d-assets/tiles-terrain/letter-tiles/Vector/lettertiles_vector.svg,3f49441e6e4e174053f3616f8d32ea4a30d3953e4315b7fc6fc5ced210d22d12,No explicit SVG canvas/viewBox; verify importer bounds. One gameCharacter.svg has a corrected override.
work/full-audit/downloads/mega-assets-expansion-v1/tiddybub-2d-assets.zip,tiddybub-2d-assets/tiles-terrain/platformer-art-requests/Vector/sheet.svg,2cfc43937c982efb4f8784174db9e07f512419b0d2a0903fa4789aec51723a5d,No explicit SVG canvas/viewBox; verify importer bounds. One gameCharacter.svg has a corrected override.
work/full-audit/downloads/mega-assets-expansion-v1/tiddybub-2d-assets.zip,tiddybub-2d-assets/tiles-terrain/platformer-art-winter/Vector/sheet.svg,9ac777ffc376d8c89a3037d200480cdad9b2e6e963867ac51203c83ddea6cd0a,No explicit SVG canvas/viewBox; verify importer bounds. One gameCharacter.svg has a corrected override.
work/full-audit/downloads/mega-assets-expansion-v1/tiddybub-2d-assets.zip,tiddybub-2d-assets/effects/splat-pack/Vector/splat18.svg,f56d3fcd7b3e043df221754ae4c22ce692ccf8649f43be3924158c96c9fd4cf5,No explicit SVG canvas/viewBox; verify importer bounds. One gameCharacter.svg has a corrected override.
work/full-audit/downloads/mega-assets-expansion-v1/tiddybub-2d-assets.zip,tiddybub-2d-assets/effects/splat-pack/Vector/overview.svg,6a737ecd5659912d7aeef106451a59728d991a414e2d87138930f17b06a08158,No explicit SVG canvas/viewBox; verify importer bounds. One gameCharacter.svg has a corrected override.
work/full-audit/downloads/mega-assets-expansion-v1/tiddybub-2d-assets.zip,tiddybub-2d-assets/effects/splat-pack/Vector/splat26.svg,8bb135429798035763e879d88c3a2f3758465e0508e7cb39520c313bf6f529de,No explicit SVG canvas/viewBox; verify importer bounds. One gameCharacter.svg has a corrected override.
work/full-audit/downloads/mega-assets-expansion-v1/tiddybub-2d-assets.zip,tiddybub-2d-assets/effects/splat-pack/Vector/splat00.svg,da55460e19fcb7c1348f0efc41e07fd71c23dfc06dcd5ec5d2932eb55ee53ce1,No explicit SVG canvas/viewBox; verify importer bounds. One gameCharacter.svg has a corrected override.
work/full-audit/downloads/mega-assets-expansion-v1/tiddybub-2d-assets.zip,tiddybub-2d-assets/effects/splat-pack/Vector/splat07.svg,86f49c15e3f11bf2437b403f304c70fedea161ea073678d0b02ecacde1e015b7,No explicit SVG canvas/viewBox; verify importer bounds. One gameCharacter.svg has a corrected override.
work/full-audit/downloads/mega-assets-expansion-v1/tiddybub-2d-assets.zip,tiddybub-2d-assets/effects/splat-pack/Vector/splat17.svg,f4f23197ebd0b1e271c20d2fc292350d17c29a8e26d4c89899357a0aafed651a,No explicit SVG canvas/viewBox; verify importer bounds. One gameCharacter.svg has a corrected override.
work/full-audit/downloads/mega-assets-expansion-v1/tiddybub-2d-assets.zip,tiddybub-2d-assets/effects/splat-pack/Vector/splat01.svg,e697d5458fb0c803d1cd218ddcca6cd599db70fcd5c2ba11eb78d51b0a58908c,No explicit SVG canvas/viewBox; verify importer bounds. One gameCharacter.svg has a corrected override.
work/full-audit/downloads/mega-assets-expansion-v1/tiddybub-2d-assets.zip,tiddybub-2d-assets/effects/splat-pack/Vector/splat30.svg,8708f9dba10641afaca90c0a470c45825916515bab839ca8059eb2ff968c022a,No explicit SVG canvas/viewBox; verify importer bounds. One gameCharacter.svg has a corrected override.
work/full-audit/downloads/mega-assets-expansion-v1/tiddybub-2d-assets.zip,tiddybub-2d-assets/effects/splat-pack/Vector/splat35.svg,55fa77a100b679c3e80b5422a5eb9b58cc0c2e1f9ca9d74d38d0cfdfb96f5fab,No explicit SVG canvas/viewBox; verify importer bounds. One gameCharacter.svg has a corrected override.
work/full-audit/downloads/mega-assets-expansion-v1/tiddybub-2d-assets.zip,tiddybub-2d-assets/effects/splat-pack/Vector/splat09.svg,e8e2c79ffe60ddf784a34004008b56d26152b748d5c7c356bade0d90bee1f815,No explicit SVG canvas/viewBox; verify importer bounds. One gameCharacter.svg has a corrected override.
work/full-audit/downloads/mega-assets-expansion-v1/tiddybub-2d-assets.zip,tiddybub-2d-assets/effects/splat-pack/Vector/splat19.svg,62af6d46f59145d1660cab0821b38407314f379d29a98976501c8eab4b68e82c,No explicit SVG canvas/viewBox; verify importer bounds. One gameCharacter.svg has a corrected override.
work/full-audit/downloads/mega-assets-expansion-v1/tiddybub-2d-assets.zip,tiddybub-2d-assets/effects/splat-pack/Vector/splat05.svg,80a9fc95527e9ab848c76030509a39741e9154126c8f9f1625810cb231134513,No explicit SVG canvas/viewBox; verify importer bounds. One gameCharacter.svg has a corrected override.
work/full-audit/downloads/mega-assets-expansion-v1/tiddybub-2d-assets.zip,tiddybub-2d-assets/effects/splat-pack/Vector/splat34.svg,eeea9b5d0cba6744a900480dfcd8571291f6bf6aa02c7fc1560ad04c8cb2a58d,No explicit SVG canvas/viewBox; verify importer bounds. One gameCharacter.svg has a corrected override.
work/full-audit/downloads/mega-assets-expansion-v1/tiddybub-2d-assets.zip,tiddybub-2d-assets/effects/splat-pack/Vector/splat12.svg,d8c7c07741dd6721b56d748df0258370de14c69a580ccf8d05ffa263a5bffc45,No explicit SVG canvas/viewBox; verify importer bounds. One gameCharacter.svg has a corrected override.
work/full-audit/downloads/mega-assets-expansion-v1/tiddybub-2d-assets.zip,tiddybub-2d-assets/effects/splat-pack/Vector/splat21.svg,3535c17f39a98fc7d52216d769e150034d80ea3cd0f7744ec2370dbb731a8bbc,No explicit SVG canvas/viewBox; verify importer bounds. One gameCharacter.svg has a corrected override.
work/full-audit/downloads/mega-assets-expansion-v1/tiddybub-2d-assets.zip,tiddybub-2d-assets/effects/splat-pack/Vector/splat20.svg,5f39e4075345c322e112663bf9cfb8e466f4da96dea4b77c4b67cbd273ea4fbc,No explicit SVG canvas/viewBox; verify importer bounds. One gameCharacter.svg has a corrected override.
work/full-audit/downloads/mega-assets-expansion-v1/tiddybub-2d-assets.zip,tiddybub-2d-assets/effects/splat-pack/Vector/splat06.svg,9101eeb2c27902a6f9967bd6b0337690453a0a28a5f9198e007f65c26036a28b,No explicit SVG canvas/viewBox; verify importer bounds. One gameCharacter.svg has a corrected override.
work/full-audit/downloads/mega-assets-expansion-v1/tiddybub-2d-assets.zip,tiddybub-2d-assets/effects/splat-pack/Vector/splat22.svg,50e15434bea846f17af5f619b29cd92450335e1a331b6bfaf0d3381695148a1e,No explicit SVG canvas/viewBox; verify importer bounds. One gameCharacter.svg has a corrected override.
work/full-audit/downloads/mega-assets-expansion-v1/tiddybub-2d-assets.zip,tiddybub-2d-assets/effects/splat-pack/Vector/splat02.svg,d0d4a62f4b9ebe59ff1f3e73a7465e7224d4519e15790db767fb71e86f0b84f3,No explicit SVG canvas/viewBox; verify importer bounds. One gameCharacter.svg has a corrected override.
work/full-audit/downloads/mega-assets-expansion-v1/tiddybub-2d-assets.zip,tiddybub-2d-assets/effects/splat-pack/Vector/splat10.svg,db2ddd65daf22e6ecfdc8b38b5c0bf19d87dccbeceef2eddc00cf98e861df209,No explicit SVG canvas/viewBox; verify importer bounds. One gameCharacter.svg has a corrected override.
work/full-audit/downloads/mega-assets-expansion-v1/tiddybub-2d-assets.zip,tiddybub-2d-assets/effects/splat-pack/Vector/splat27.svg,d116e00957c809a4ed43290388ad47341b7725bc11e98fc519d046fc8b545dd3,No explicit SVG canvas/viewBox; verify importer bounds. One gameCharacter.svg has a corrected override.
work/full-audit/downloads/mega-assets-expansion-v1/tiddybub-2d-assets.zip,tiddybub-2d-assets/effects/splat-pack/Vector/splat28.svg,e4f97d22fffe68f0b6f0d0548c3a37cae3b16296a81c9954f906a047643dfbc1,No explicit SVG canvas/viewBox; verify importer bounds. One gameCharacter.svg has a corrected override.
work/full-audit/downloads/mega-assets-expansion-v1/tiddybub-2d-assets.zip,tiddybub-2d-assets/effects/splat-pack/Vector/splat23.svg,b030095e4e13dd79119b4741b080e38a1d8f2b9fb5a4c6e5d8b7c546a590b2e0,No explicit SVG canvas/viewBox; verify importer bounds. One gameCharacter.svg has a corrected override.
work/full-audit/downloads/mega-assets-expansion-v1/tiddybub-2d-assets.zip,tiddybub-2d-assets/effects/splat-pack/Vector/splat24.svg,e78c966803e5d9b8f672155c543fd9f1752440e1e5dc4ea0b8a4770f3f3a9bdb,No explicit SVG canvas/viewBox; verify importer bounds. One gameCharacter.svg has a corrected override.
work/full-audit/downloads/mega-assets-expansion-v1/tiddybub-2d-assets.zip,tiddybub-2d-assets/effects/splat-pack/Vector/splat08.svg,8f6ac1de7b1548bfe3121ece32dbde4826397c036faef4de5aada348e91f7af2,No explicit SVG canvas/viewBox; verify importer bounds. One gameCharacter.svg has a corrected override.
work/full-audit/downloads/mega-assets-expansion-v1/tiddybub-2d-assets.zip,tiddybub-2d-assets/effects/splat-pack/Vector/splat33.svg,be60fda0f424ca482d2ae4c82180163a1b4a97544a640bfffe5c397eb46c5113,No explicit SVG canvas/viewBox; verify importer bounds. One gameCharacter.svg has a corrected override.
work/full-audit/downloads/mega-assets-expansion-v1/tiddybub-2d-assets.zip,tiddybub-2d-assets/effects/splat-pack/Vector/splat14.svg,1e2168fc193bae4f4a70762665da9b82d8a69096e0e69dc609806b8444bdc6fe,No explicit SVG canvas/viewBox; verify importer bounds. One gameCharacter.svg has a corrected override.
work/full-audit/downloads/mega-assets-expansion-v1/tiddybub-2d-assets.zip,tiddybub-2d-assets/effects/splat-pack/Vector/splat32.svg,e7f33ba4c6811dacb0bdf3c676e412b0e784b5b1cf8edf531455e7b13754126a,No explicit SVG canvas/viewBox; verify importer bounds. One gameCharacter.svg has a corrected override.
work/full-audit/downloads/mega-assets-expansion-v1/tiddybub-2d-assets.zip,tiddybub-2d-assets/effects/splat-pack/Vector/splat13.svg,20ceca1cdf41d75d5ed695d6c8a98d350b17e270225c1a8f96cef3aa4fa24f07,No explicit SVG canvas/viewBox; verify importer bounds. One gameCharacter.svg has a corrected override.
work/full-audit/downloads/mega-assets-expansion-v1/tiddybub-2d-assets.zip,tiddybub-2d-assets/effects/splat-pack/Vector/splat16.svg,f3f491f0d4016a3cf1cd865e504bd7a3cbd7a87408857cd053514117a473b78f,No explicit SVG canvas/viewBox; verify importer bounds. One gameCharacter.svg has a corrected override.
work/full-audit/downloads/mega-assets-expansion-v1/tiddybub-2d-assets.zip,tiddybub-2d-assets/effects/splat-pack/Vector/splat25.svg,a8ab4d3ee163863f2ad0fde5e73aa803ff27737df88a1d3617d8d89e8c1cd900,No explicit SVG canvas/viewBox; verify importer bounds. One gameCharacter.svg has a corrected override.
work/full-audit/downloads/mega-assets-expansion-v1/tiddybub-2d-assets.zip,tiddybub-2d-assets/effects/splat-pack/Vector/splat29.svg,f860e8420b49f7de5d49b7452f7314987dafa6262c0587ef41903683f1e81298,No explicit SVG canvas/viewBox; verify importer bounds. One gameCharacter.svg has a corrected override.
work/full-audit/downloads/mega-assets-expansion-v1/tiddybub-2d-assets.zip,tiddybub-2d-assets/effects/splat-pack/Vector/splat04.svg,b745e4ca03b300291361a39f42071e15fd639b019f2c52ccdb7b0208bad0d85d,No explicit SVG canvas/viewBox; verify importer bounds. One gameCharacter.svg has a corrected override.
work/full-audit/downloads/mega-assets-expansion-v1/tiddybub-2d-assets.zip,tiddybub-2d-assets/effects/splat-pack/Vector/splat11.svg,b3486b995ed918860776b183528ef736e37e04dc9f06d66fc3ae69d716712bd9,No explicit SVG canvas/viewBox; verify importer bounds. One gameCharacter.svg has a corrected override.
work/full-audit/downloads/mega-assets-expansion-v1/tiddybub-2d-assets.zip,tiddybub-2d-assets/effects/splat-pack/Vector/splat03.svg,078dcd18db0e4d1e6962834b6ec41661b17efe20934e8cd85b2143c28fd79729,No explicit SVG canvas/viewBox; verify importer bounds. One gameCharacter.svg has a corrected override.
work/full-audit/downloads/mega-assets-expansion-v1/tiddybub-2d-assets.zip,tiddybub-2d-assets/effects/splat-pack/Vector/splat31.svg,c3a1a70d8287303382ed49196bf49af05760d25f4a028a24123d3e4b1b0335d8,No explicit SVG canvas/viewBox; verify importer bounds. One gameCharacter.svg has a corrected override.
work/full-audit/downloads/mega-assets-expansion-v1/tiddybub-2d-assets.zip,tiddybub-2d-assets/effects/splat-pack/Vector/splat15.svg,246b1c3476f96bbd1f356f9847cfb20752d81bbe6fcf9b3a3866b914382be7da,No explicit SVG canvas/viewBox; verify importer bounds. One gameCharacter.svg has a corrected override.
work/full-audit/downloads/mega-assets-expansion-v1/tiddybub-2d-assets.zip,tiddybub-2d-assets/effects/foliage-sprites/Vector/foliageSprites_flat.svg,9a5ca22e2a4196af567f5d5f14ac8db65ba8d4db2e73373350e81307212928f7,No explicit SVG canvas/viewBox; verify importer bounds. One gameCharacter.svg has a corrected override.
work/full-audit/downloads/mega-assets-expansion-v1/tiddybub-2d-assets.zip,tiddybub-2d-assets/effects/foliage-sprites/Vector/foliageSprites_shaded.svg,0329cab717d19bc38b19ef48f160b4a6ff2d76a085c5fd30878105f1e5819cda,No explicit SVG canvas/viewBox; verify importer bounds. One gameCharacter.svg has a corrected override.
work/full-audit/downloads/mega-assets-expansion-v1/tiddybub-2d-assets.zip,tiddybub-2d-assets/effects/puzzle-pack-2/Vector/pipes_green.svg,d5d8f328beb66b9d0b58aa1e69639f5f06199d9c9625ae2d1659e0b6d61b1978,No explicit SVG canvas/viewBox; verify importer bounds. One gameCharacter.svg has a corrected override.
work/full-audit/downloads/mega-assets-expansion-v1/tiddybub-2d-assets.zip,tiddybub-2d-assets/effects/puzzle-pack-2/Vector/tiles_black.svg,3828f7d9d3a6b0abf9e2bdf8704ad69e90771c2b91cf2a1ca36800864410c228,No explicit SVG canvas/viewBox; verify importer bounds. One gameCharacter.svg has a corrected override.
work/full-audit/downloads/mega-assets-expansion-v1/tiddybub-2d-assets.zip,tiddybub-2d-assets/effects/puzzle-pack-2/Vector/tiles_blue.svg,d2f6419582b72385881b9bd388a75b6530504843bb1c9e95a2607885cb23d0aa,No explicit SVG canvas/viewBox; verify importer bounds. One gameCharacter.svg has a corrected override.
work/full-audit/downloads/mega-assets-expansion-v1/tiddybub-2d-assets.zip,tiddybub-2d-assets/effects/puzzle-pack-2/Vector/backtiles.svg,117a64cb6ab26f9f526ff7e1134dc1acf1518b4f7fe3ab33e7f328e72d3756a5,No explicit SVG canvas/viewBox; verify importer bounds. One gameCharacter.svg has a corrected override.
work/full-audit/downloads/mega-assets-expansion-v1/tiddybub-2d-assets.zip,tiddybub-2d-assets/effects/puzzle-pack-2/Vector/tiles_grey.svg,b9a9772ac70df54ee72986af8bd8272dcbff4df568c6dae62cd9974d8ef82eba,No explicit SVG canvas/viewBox; verify importer bounds. One gameCharacter.svg has a corrected override.
work/full-audit/downloads/mega-assets-expansion-v1/tiddybub-2d-assets.zip,tiddybub-2d-assets/effects/puzzle-pack-2/Vector/tiles_green.svg,7c3d35deb1407cb2a086f4dda473af40c28e8a2a54a04a5486e86ed7c0e057bf,No explicit SVG canvas/viewBox; verify importer bounds. One gameCharacter.svg has a corrected override.
work/full-audit/downloads/mega-assets-expansion-v1/tiddybub-2d-assets.zip,tiddybub-2d-assets/effects/puzzle-pack-2/Vector/particles.svg,cdde72c94b2c2b3b4363f8c65f56aba183d7eeaa544f204feb248e85820ac86a,No explicit SVG canvas/viewBox; verify importer bounds. One gameCharacter.svg has a corrected override.
work/full-audit/downloads/mega-assets-expansion-v1/tiddybub-2d-assets.zip,tiddybub-2d-assets/effects/puzzle-pack-2/Vector/tiles_orange.svg,6d9ce43429aba8dfb0ba0fb942c994292213821480a9229ecc2e3d22a14da283,No explicit SVG canvas/viewBox; verify importer bounds. One gameCharacter.svg has a corrected override.
work/full-audit/downloads/mega-assets-expansion-v1/tiddybub-2d-assets.zip,tiddybub-2d-assets/effects/puzzle-pack-2/Vector/coins.svg,2e1e5b728eedf14a8d97ceef3cc9c7356c395f36d46173cef6ea87d5999f046d,No explicit SVG canvas/viewBox; verify importer bounds. One gameCharacter.svg has a corrected override.
work/full-audit/downloads/mega-assets-expansion-v1/tiddybub-2d-assets.zip,tiddybub-2d-assets/effects/puzzle-pack-2/Vector/balls.svg,3c3fb5efd1bb00eb14762868aa2add47563e128a507715ea5e6ce81d934a1a66,No explicit SVG canvas/viewBox; verify importer bounds. One gameCharacter.svg has a corrected override.
work/full-audit/downloads/mega-assets-expansion-v1/tiddybub-2d-assets.zip,tiddybub-2d-assets/effects/puzzle-pack-2/Vector/tiles_yellow.svg,c160eb243a51d0ed780e0a9baedc3d891b35f996e525ba291900b1d73a2339bb,No explicit SVG canvas/viewBox; verify importer bounds. One gameCharacter.svg has a corrected override.
work/full-audit/downloads/mega-assets-expansion-v1/tiddybub-2d-assets.zip,tiddybub-2d-assets/effects/puzzle-pack-2/Vector/pipes_grey.svg,51e426dfed31c7118b33151d838efffb94dd79db33bc82bbb7705b5eb5b5baa2,No explicit SVG canvas/viewBox; verify importer bounds. One gameCharacter.svg has a corrected override.
work/full-audit/downloads/mega-assets-expansion-v1/tiddybub-2d-assets.zip,tiddybub-2d-assets/effects/puzzle-pack-2/Vector/paddles.svg,30e09f98df620876a282217bc567198fb71a9a441b25bcef92ac091382f95695,No explicit SVG canvas/viewBox; verify importer bounds. One gameCharacter.svg has a corrected override.
work/full-audit/downloads/mega-assets-expansion-v1/tiddybub-2d-assets.zip,tiddybub-2d-assets/effects/puzzle-pack-2/Vector/tiles_red.svg,a4722a3be04df3c74956b66fa09b7f05fff45fad6e585fde613d71bbaba8fa74,No explicit SVG canvas/viewBox; verify importer bounds. One gameCharacter.svg has a corrected override.
work/full-audit/downloads/mega-assets-expansion-v1/tiddybub-2d-assets.zip,tiddybub-2d-assets/effects/puzzle-pack-2/Vector/tiles_pink.svg,1649b3164b1108db3e7caf499e2367cf644fa71b5393527240b2356c3df67b9f,No explicit SVG canvas/viewBox; verify importer bounds. One gameCharacter.svg has a corrected override.
work/full-audit/downloads/mega-assets-expansion-v1/tiddybub-2d-assets.zip,tiddybub-2d-assets/modern-urban/platformer-art-buildings/Vector/sheet.svg,8ccbed8a8c133d512e92d936a52d4c86d29cf420303647ac53051a3f82747191,No explicit SVG canvas/viewBox; verify importer bounds. One gameCharacter.svg has a corrected override.
work/full-audit/downloads/mega-assets-expansion-v1/tiddybub-2d-assets.zip,tiddybub-2d-assets/modern-urban/hexagon-buildings/Vector/sheet.svg,a54c625ca238fea38a5a39d1a5186e244a7c002cebe5a4a9aba9d005a6981706,No explicit SVG canvas/viewBox; verify importer bounds. One gameCharacter.svg has a corrected override.
work/full-audit/downloads/mega-assets-expansion-v1/tiddybub-2d-assets.zip,tiddybub-2d-assets/modern-urban/hexagon-pack/Vector/hexagonVector_tiles.svg,b39f742706182967801320b988cd7b216f27bfa60843c6ef3fb12e8b3768525f,No explicit SVG canvas/viewBox; verify importer bounds. One gameCharacter.svg has a corrected override.
work/full-audit/downloads/mega-assets-expansion-v1/tiddybub-2d-assets.zip,tiddybub-2d-assets/modern-urban/hexagon-pack/Vector/hexagonVector_objects.svg,ab938d2187e2fe432e054f45134527265e5450194f97cb70f438a370283f150d,No explicit SVG canvas/viewBox; verify importer bounds. One gameCharacter.svg has a corrected override.
work/full-audit/downloads/mega-assets-expansion-v1/tiddybub-2d-assets.zip,tiddybub-2d-assets/fantasy/block-pack/Vector/blockPack_vector.svg,482810a2e65df44f69bfcf76b2dad92e9d1d69513f7582093f3d6bf37a99c2d5,No explicit SVG canvas/viewBox; verify importer bounds. One gameCharacter.svg has a corrected override.
work/full-audit/downloads/mega-assets-expansion-v1/tiddybub-2d-assets.zip,tiddybub-2d-assets/fantasy/rpg-base/Vector/RPGpack_vector.svg,4e0f8424772b08bd69d2833c154349cebbf9a7b7cd48bc3aade9d448d83ff894,No explicit SVG canvas/viewBox; verify importer bounds. One gameCharacter.svg has a corrected override.
work/full-audit/downloads/mega-assets-expansion-v1/tiddybub-2d-assets.zip,tiddybub-2d-assets/sci-fi/space-shooter-remastered/Vector/sheet.svg,5e6c11789a7123b8913ac2924500aacaf5497534eab28b333d68b51b8b18a2d0,No explicit SVG canvas/viewBox; verify importer bounds. One gameCharacter.svg has a corrected override.
work/full-audit/downloads/mega-assets-expansion-v1/tiddybub-2d-assets.zip,tiddybub-2d-assets/sci-fi/simple-space/Vector/simpleSpace_vector.svg,a1f311bac5587131644aef3be567325d390a51d10d4925efec5a720004483ea3,No explicit SVG canvas/viewBox; verify importer bounds. One gameCharacter.svg has a corrected override.
