collection,path,status,reason,sha256
outputs/game-art-library/bundles/Clipart-cleaned-01.zip,images/0199ccdfebc43466ff9a0b5b04195cbab8b42047b73e096fed78e30baf40d091/frame-0005.png,image-uniform,Context review: possible texture/font-space/timing/padding; not automatically corruption,abd55fd01f494d1f6b0917dc00efe5e34b3586e71602fd57ccc57486af39e7fe
outputs/game-art-library/bundles/Clipart-cleaned-01.zip,images/30bb6d26e06cf6fc6881fd0507508d828e418b794cf1f53817cb826739eb06af/frame-0005.png,image-fully-transparent,Context review: possible texture/font-space/timing/padding; not automatically corruption,57abd23b86fa96992b93541f62d21372e2282cb709e241de0db69416c2b980c1
outputs/game-art-library/bundles/Clipart-cleaned-01.zip,images/5971fe3e62b3e7b79998f56a07d6b5f1c7b1d8f66c9f7872d47282de7505e2c6/frame-0000.png,image-uniform,Context review: possible texture/font-space/timing/padding; not automatically corruption,fd78bf05ff890a6409e067af701d54ae43caea10cc0e91f65034c2e972d01053
outputs/game-art-library/bundles/Clipart-cleaned-01.zip,images/6597e97ed37ebadd2ef26e4eaeb5b068ef4d811d7dfe83450242292e203c5a2e/frame-0006.png,image-fully-transparent,Context review: possible texture/font-space/timing/padding; not automatically corruption,87023c31535df62d627a55da2e69749ee959c8d377331caaec4fe844d8335a59
outputs/game-art-library/bundles/Clipart-cleaned-01.zip,images/8ca6200dcb87a7f31bbaa235ba5eede07ab3db8a344e554cc03116c00ea5ee39/frame-0018.png,image-fully-transparent,Context review: possible texture/font-space/timing/padding; not automatically corruption,8c43bed19072cbc324e03c5763e05602bde263abe9f504a48e01ed7307fdc98f
outputs/game-art-library/bundles/Clipart-cleaned-01.zip,images/8ca6200dcb87a7f31bbaa235ba5eede07ab3db8a344e554cc03116c00ea5ee39/frame-0019.png,image-fully-transparent,Context review: possible texture/font-space/timing/padding; not automatically corruption,8c43bed19072cbc324e03c5763e05602bde263abe9f504a48e01ed7307fdc98f
work/full-audit/downloads/mega-assets-v1/jam-ready-assets.zip,jam-ready-assets/kenney-topdown-shooter/2D/misc/PNG/Tiles/tile_377.png,image-uniform,Context review: possible texture/font-space/timing/padding; not automatically corruption,adab497918a924a224233c68df84dfef1663263d5c03fcae500ea912a6f9f4da
work/full-audit/downloads/mega-assets-v1/jam-ready-assets.zip,jam-ready-assets/kenney-topdown-shooter/2D/misc/PNG/Tiles/tile_401.png,image-uniform,Context review: possible texture/font-space/timing/padding; not automatically corruption,1e0f723af46c87354b8d588bda4872fe1dbc41d8ee7b5938d53413c40bfc9327
work/full-audit/downloads/mega-assets-v1/jam-ready-assets.zip,jam-ready-assets/kenney-topdown-shooter/2D/misc/PNG/Tiles/tile_398.png,image-uniform,Context review: possible texture/font-space/timing/padding; not automatically corruption,a286ab183195cb02f591a944b63f2fba1472def52a768a1d606e6a7a42753fa6
work/full-audit/downloads/mega-assets-v1/jam-ready-assets.zip,jam-ready-assets/kenney-topdown-shooter/2D/misc/PNG/Tiles/tile_93.png,image-uniform,Context review: possible texture/font-space/timing/padding; not automatically corruption,f8d2d89f643852079d8f6a09eb430dc1ae757e52b116a4445b82c06835f55a3a
work/full-audit/downloads/mega-assets-v1/jam-ready-assets.zip,jam-ready-assets/kenney-topdown-shooter/2D/misc/PNG/Tiles/tile_86.png,image-uniform,Context review: possible texture/font-space/timing/padding; not automatically corruption,f8d2d89f643852079d8f6a09eb430dc1ae757e52b116a4445b82c06835f55a3a
work/full-audit/downloads/mega-assets-v1/jam-ready-assets.zip,jam-ready-assets/kenney-topdown-shooter/2D/misc/PNG/Tiles/tile_331.png,image-uniform,Context review: possible texture/font-space/timing/padding; not automatically corruption,19125303b9327509a02d9cb26e6bf1c0a849034f97fdbb380442b74814aae93d
work/full-audit/downloads/mega-assets-v1/jam-ready-assets.zip,jam-ready-assets/kenney-topdown-shooter/2D/misc/PNG/Tiles/tile_169.png,image-uniform,Context review: possible texture/font-space/timing/padding; not automatically corruption,f8d2d89f643852079d8f6a09eb430dc1ae757e52b116a4445b82c06835f55a3a
work/full-audit/downloads/mega-assets-v1/jam-ready-assets.zip,jam-ready-assets/kenney-topdown-shooter/2D/misc/PNG/Tiles/tile_340.png,image-uniform,Context review: possible texture/font-space/timing/padding; not automatically corruption,f8d2d89f643852079d8f6a09eb430dc1ae757e52b116a4445b82c06835f55a3a
work/full-audit/downloads/mega-assets-v1/jam-ready-assets.zip,jam-ready-assets/kenney-topdown-shooter/2D/misc/PNG/Tiles/tile_178.png,image-uniform,Context review: possible texture/font-space/timing/padding; not automatically corruption,f8d2d89f643852079d8f6a09eb430dc1ae757e52b116a4445b82c06835f55a3a
work/full-audit/downloads/mega-assets-v1/jam-ready-assets.zip,jam-ready-assets/kenney-desert-shooter-pack/2D/misc/PNG/Interface/Tiles/tile_0028.png,image-uniform,Context review: possible texture/font-space/timing/padding; not automatically corruption,0c6f5466cf01f83a090fcf7ee6155ea9db224bd3bc888812320fb671c922c840
work/full-audit/downloads/mega-assets-v1/jam-ready-assets.zip,jam-ready-assets/kenney-desert-shooter-pack/2D/misc/PNG/Interface/Tiles/tile_0031.png,image-uniform,Context review: possible texture/font-space/timing/padding; not automatically corruption,76d1f0982e100e3819215761cce2aa9e384165c8fbff7a1f57e567c5d539e9bd
work/full-audit/downloads/mega-assets-v1/jam-ready-assets.zip,jam-ready-assets/kenney-desert-shooter-pack/2D/misc/PNG/Interface/Tiles/tile_0025.png,image-uniform,Context review: possible texture/font-space/timing/padding; not automatically corruption,30f3f57efb48adce2477031deaf2c119aa4c1ca0e72d530aadb580e5ba8e8aaa
work/full-audit/downloads/mega-assets-v1/jam-ready-assets.zip,jam-ready-assets/kenney-desert-shooter-pack/2D/misc/PNG/Interface/Tiles/tile_0034.png,image-uniform,Context review: possible texture/font-space/timing/padding; not automatically corruption,3f97ef7911c98f76c8aa52ff6987cb7d71004042cb05540e9bc340950753fcbd
work/full-audit/downloads/mega-assets-v1/jam-ready-assets.zip,jam-ready-assets/kenney-desert-shooter-pack/2D/misc/PNG/Interface/Tiles/tile_0022.png,image-uniform,Context review: possible texture/font-space/timing/padding; not automatically corruption,3b621f5d5444b747c67f4016028562d9d2a56933e84eb8d901824d32b9f19e27
work/full-audit/downloads/mega-assets-v1/jam-ready-assets.zip,jam-ready-assets/kenney-desert-shooter-pack/2D/misc/PNG/Interface/Tiles/tile_0088.png,image-fully-transparent,Context review: possible texture/font-space/timing/padding; not automatically corruption,7055b76c0befa453a4d10e8e0be54f47b4d29e99fe8b72084ceb14b7e29ae51c
work/full-audit/downloads/mega-assets-v1/jam-ready-assets.zip,jam-ready-assets/kenney-desert-shooter-pack/2D/misc/PNG/Interface/Tiles/tile_0019.png,image-uniform,Context review: possible texture/font-space/timing/padding; not automatically corruption,3b621f5d5444b747c67f4016028562d9d2a56933e84eb8d901824d32b9f19e27
work/full-audit/downloads/mega-assets-v1/jam-ready-assets.zip,jam-ready-assets/kenney-desert-shooter-pack/2D/misc/PNG/Tiles/Tiles/tile_0140.png,image-uniform,Context review: possible texture/font-space/timing/padding; not automatically corruption,3858c7d29a3153aa46d6b3a4d471256f22768ace9da69163ff196ec304b05c72
work/full-audit/downloads/mega-assets-v1/jam-ready-assets.zip,jam-ready-assets/kenney-desert-shooter-pack/2D/misc/PNG/Tiles/Tiles/tile_0070.png,image-uniform,Context review: possible texture/font-space/timing/padding; not automatically corruption,0c6f5466cf01f83a090fcf7ee6155ea9db224bd3bc888812320fb671c922c840
work/full-audit/downloads/mega-assets-v1/jam-ready-assets.zip,jam-ready-assets/kenney-desert-shooter-pack/2D/misc/PNG/Tiles/Tiles/tile_0034.png,image-uniform,Context review: possible texture/font-space/timing/padding; not automatically corruption,e2267125fbb57dd36d985d3537dd24a7706731bf987f70741a2eeee5553c3648
work/full-audit/downloads/mega-assets-v1/jam-ready-assets.zip,jam-ready-assets/kenney-desert-shooter-pack/2D/misc/PNG/Tiles/Tiles/tile_0119.png,image-uniform,Context review: possible texture/font-space/timing/padding; not automatically corruption,e2267125fbb57dd36d985d3537dd24a7706731bf987f70741a2eeee5553c3648
work/full-audit/downloads/mega-assets-v1/jam-ready-assets.zip,jam-ready-assets/kenney-desert-shooter-pack/2D/misc/PNG/Tiles/Tiles/tile_0114.png,image-uniform,Context review: possible texture/font-space/timing/padding; not automatically corruption,09c0eb474b2ba06fc05ab6167e3f1df190691f80783f44b4c999447a9786af60
work/full-audit/downloads/mega-assets-v1/jam-ready-assets.zip,jam-ready-assets/kenney-desert-shooter-pack/2D/misc/PNG/Tiles/Tiles/tile_0064.png,image-uniform,Context review: possible texture/font-space/timing/padding; not automatically corruption,6a9b91b8f8ac26a2b21001b95a84976e1ef5a7953748bdb249cb7fde1c2fe572
work/full-audit/downloads/mega-assets-v1/jam-ready-assets.zip,jam-ready-assets/kenney-desert-shooter-pack/2D/misc/PNG/Tiles/Tiles/tile_0173.png,image-uniform,Context review: possible texture/font-space/timing/padding; not automatically corruption,a6de67dc19a8d80ac8abadb88e55d84ff31d430db7c32578295305c1b5c82cad
work/full-audit/downloads/mega-assets-v1/jam-ready-assets.zip,jam-ready-assets/kenney-desert-shooter-pack/2D/misc/PNG/Tiles/Tiles/tile_0109.png,image-uniform,Context review: possible texture/font-space/timing/padding; not automatically corruption,33012405758ab1bd14eb25c1abd7dcb35f0dc6d5fdb2657911b523fc3d7a930c
work/full-audit/downloads/mega-assets-v1/jam-ready-assets.zip,jam-ready-assets/kenney-desert-shooter-pack/2D/misc/PNG/Tiles/Tiles/tile_0029.png,image-uniform,Context review: possible texture/font-space/timing/padding; not automatically corruption,e2267125fbb57dd36d985d3537dd24a7706731bf987f70741a2eeee5553c3648
work/full-audit/downloads/mega-assets-v1/jam-ready-assets.zip,jam-ready-assets/kenney-platformer-pack-nautical/2D/platformer/PNG/nauticalTile_197.png,image-uniform,Context review: possible texture/font-space/timing/padding; not automatically corruption,56e8f15270e830f59bd4f6a5a350283a59733be1b92dc8e210959639098b0e4d
work/full-audit/downloads/mega-assets-v1/jam-ready-assets.zip,jam-ready-assets/kenney-platformer-pack-nautical/2D/platformer/PNG/nauticalTile_002.png,image-uniform,Context review: possible texture/font-space/timing/padding; not automatically corruption,1f6adeaa8b74faee76db574ac1aaf50ebf6d7f64a064dc6fac812078656e80e3
work/full-audit/downloads/mega-assets-v1/jam-ready-assets.zip,jam-ready-assets/kenney-puzzle-pack-1/2D/misc/PNG/Double/buttonDefault_mid.png,image-uniform,Context review: possible texture/font-space/timing/padding; not automatically corruption,9015b9824012c67dbbc5e78280670684dab91b679eaefd5db44f1f6dc2b76489
work/full-audit/downloads/mega-assets-v1/jam-ready-assets.zip,jam-ready-assets/kenney-puzzle-pack-1/2D/misc/PNG/Double/buttonSelected_mid.png,image-uniform,Context review: possible texture/font-space/timing/padding; not automatically corruption,83e0ff03818ae9b374c6e42fc187e82c7213b61bdc2dc4b2ba17d27afd9f826b
work/full-audit/downloads/mega-assets-v1/jam-ready-assets.zip,jam-ready-assets/kenney-puzzle-pack-1/2D/misc/PNG/Default/buttonDefault_mid.png,image-uniform,Context review: possible texture/font-space/timing/padding; not automatically corruption,28676c0f5d80bbe32d5e7132116f06719aa8aa219510232fa709ffa66e406d51
work/full-audit/downloads/mega-assets-v1/jam-ready-assets.zip,jam-ready-assets/kenney-puzzle-pack-1/2D/misc/PNG/Default/buttonSelected_mid.png,image-uniform,Context review: possible texture/font-space/timing/padding; not automatically corruption,94715e654091670b3bea05b19514edefc32f2a1c50a8d0ec57a10ad6b978821c
work/full-audit/downloads/mega-assets-v1/jam-ready-assets.zip,jam-ready-assets/kenney-pixel-platformer-farm-expansion/2D/platformer/Tiles/tile_0030.png,image-uniform,Context review: possible texture/font-space/timing/padding; not automatically corruption,504edc9662d85188361d1c13154a57ed6ced5afee8e19defe39627650c4e844e
work/full-audit/downloads/mega-assets-v1/jam-ready-assets.zip,jam-ready-assets/kenney-minimap-pack/2D/top-down-rpg/Tiles/Style E/tile_0015.png,image-uniform,Context review: possible texture/font-space/timing/padding; not automatically corruption,36ab7348c2eda7955f7cf302c9c84ba1115193e910d10fd29cec367dcbb6e38b
work/full-audit/downloads/mega-assets-v1/jam-ready-assets.zip,jam-ready-assets/kenney-minimap-pack/2D/top-down-rpg/Tiles/Style E/tile_0014.png,image-uniform,Context review: possible texture/font-space/timing/padding; not automatically corruption,0bfbdeb4eb43dd7fece114e7ea3711bab5b995fabfc9bdae65e5e8be11025985
work/full-audit/downloads/mega-assets-v1/jam-ready-assets.zip,jam-ready-assets/kenney-minimap-pack/2D/top-down-rpg/Tiles/Style E/tile_0020.png,image-uniform,Context review: possible texture/font-space/timing/padding; not automatically corruption,231b0b112695b542bd500c03fe5386f79eccc9eda998b3fa7be4b95e20d04bbd
work/full-audit/downloads/mega-assets-v1/jam-ready-assets.zip,jam-ready-assets/kenney-minimap-pack/2D/top-down-rpg/Tiles/Style D/tile_0015.png,image-uniform,Context review: possible texture/font-space/timing/padding; not automatically corruption,36ab7348c2eda7955f7cf302c9c84ba1115193e910d10fd29cec367dcbb6e38b
work/full-audit/downloads/mega-assets-v1/jam-ready-assets.zip,jam-ready-assets/kenney-minimap-pack/2D/top-down-rpg/Tiles/Style D/tile_0014.png,image-uniform,Context review: possible texture/font-space/timing/padding; not automatically corruption,3811edbac6b3ccfcf562e886be263324280d3bf8fb03b4c93e65a743c139911f
work/full-audit/downloads/mega-assets-v1/jam-ready-assets.zip,jam-ready-assets/kenney-minimap-pack/2D/top-down-rpg/Tiles/Style D/tile_0020.png,image-uniform,Context review: possible texture/font-space/timing/padding; not automatically corruption,231b0b112695b542bd500c03fe5386f79eccc9eda998b3fa7be4b95e20d04bbd
work/full-audit/downloads/mega-assets-v1/jam-ready-assets.zip,jam-ready-assets/kenney-minimap-pack/2D/top-down-rpg/Tiles/Style A/tile_0015.png,image-uniform,Context review: possible texture/font-space/timing/padding; not automatically corruption,36ab7348c2eda7955f7cf302c9c84ba1115193e910d10fd29cec367dcbb6e38b
work/full-audit/downloads/mega-assets-v1/jam-ready-assets.zip,jam-ready-assets/kenney-minimap-pack/2D/top-down-rpg/Tiles/Style A/tile_0014.png,image-uniform,Context review: possible texture/font-space/timing/padding; not automatically corruption,f1dbfd3e86defab264b56ff3fe6e38eb749919b38e1e409108f155e343fc0a5a
work/full-audit/downloads/mega-assets-v1/jam-ready-assets.zip,jam-ready-assets/kenney-minimap-pack/2D/top-down-rpg/Tiles/Style A/tile_0020.png,image-uniform,Context review: possible texture/font-space/timing/padding; not automatically corruption,231b0b112695b542bd500c03fe5386f79eccc9eda998b3fa7be4b95e20d04bbd
work/full-audit/downloads/mega-assets-v1/jam-ready-assets.zip,jam-ready-assets/kenney-minimap-pack/2D/top-down-rpg/Tiles/Style C/tile_0014.png,image-uniform,Context review: possible texture/font-space/timing/padding; not automatically corruption,72622a1da25b684f226872415b3dc1dce9cf56b4f6f1be538965d1a95b9a000a
work/full-audit/downloads/mega-assets-v1/jam-ready-assets.zip,jam-ready-assets/kenney-minimap-pack/2D/top-down-rpg/Tiles/Style F/tile_0015.png,image-uniform,Context review: possible texture/font-space/timing/padding; not automatically corruption,36ab7348c2eda7955f7cf302c9c84ba1115193e910d10fd29cec367dcbb6e38b
work/full-audit/downloads/mega-assets-v1/jam-ready-assets.zip,jam-ready-assets/kenney-minimap-pack/2D/top-down-rpg/Tiles/Style F/tile_0014.png,image-uniform,Context review: possible texture/font-space/timing/padding; not automatically corruption,2f160daa0d7d10cab296de95516ba3295b296588296e1b5a31df47e61067ddce
work/full-audit/downloads/mega-assets-v1/jam-ready-assets.zip,jam-ready-assets/kenney-minimap-pack/2D/top-down-rpg/Tiles/Style F/tile_0020.png,image-uniform,Context review: possible texture/font-space/timing/padding; not automatically corruption,231b0b112695b542bd500c03fe5386f79eccc9eda998b3fa7be4b95e20d04bbd
work/full-audit/downloads/mega-assets-v1/jam-ready-assets.zip,jam-ready-assets/kenney-minimap-pack/2D/top-down-rpg/Tiles/Style B/tile_0014.png,image-uniform,Context review: possible texture/font-space/timing/padding; not automatically corruption,2f160daa0d7d10cab296de95516ba3295b296588296e1b5a31df47e61067ddce
work/full-audit/downloads/mega-assets-v1/jam-ready-assets.zip,jam-ready-assets/kenney-foliage-pack/2D/nature/PNG/Retina/Leaves/foliagePack_leaves_030.png,image-uniform,Context review: possible texture/font-space/timing/padding; not automatically corruption,ff7d9b32f5affc1b720d8486f3c8c3b2b6328c284356ac21e7d60a0a6a0840c1
work/full-audit/downloads/mega-assets-v1/jam-ready-assets.zip,jam-ready-assets/kenney-foliage-pack/2D/nature/PNG/Retina/Leaves/foliagePack_leaves_022.png,image-uniform,Context review: possible texture/font-space/timing/padding; not automatically corruption,6b4fc2a380a0c78891e7ec43acc4d89ddcb927a983d43755535a1ab72c02357e
work/full-audit/downloads/mega-assets-v1/jam-ready-assets.zip,jam-ready-assets/kenney-foliage-pack/2D/nature/PNG/Retina/Leaves/foliagePack_leaves_017.png,image-uniform,Context review: possible texture/font-space/timing/padding; not automatically corruption,6b4fc2a380a0c78891e7ec43acc4d89ddcb927a983d43755535a1ab72c02357e
work/full-audit/downloads/mega-assets-v1/jam-ready-assets.zip,jam-ready-assets/kenney-foliage-pack/2D/nature/PNG/Retina/Leaves/foliagePack_leaves_025.png,image-uniform,Context review: possible texture/font-space/timing/padding; not automatically corruption,ff7d9b32f5affc1b720d8486f3c8c3b2b6328c284356ac21e7d60a0a6a0840c1
work/full-audit/downloads/mega-assets-v1/jam-ready-assets.zip,jam-ready-assets/kenney-foliage-pack/2D/nature/PNG/Default size/Leaves/foliagePack_leaves_023.png,image-uniform,Context review: possible texture/font-space/timing/padding; not automatically corruption,826a668f37312bb0089bde580d01ffa86d2eb7378db6d53f32b27d71033c94f1
work/full-audit/downloads/mega-assets-v1/jam-ready-assets.zip,jam-ready-assets/kenney-foliage-pack/2D/nature/PNG/Default size/Leaves/foliagePack_leaves_018.png,image-uniform,Context review: possible texture/font-space/timing/padding; not automatically corruption,826a668f37312bb0089bde580d01ffa86d2eb7378db6d53f32b27d71033c94f1
work/full-audit/downloads/mega-assets-v1/jam-ready-assets.zip,jam-ready-assets/kenney-foliage-pack/2D/nature/PNG/Default size/Leaves/foliagePack_leaves_026.png,image-uniform,Context review: possible texture/font-space/timing/padding; not automatically corruption,9c4dafdcaaaecda7826183387bceea7061ad438178bada920840146fc4460ec0
work/full-audit/downloads/mega-assets-v1/jam-ready-assets.zip,jam-ready-assets/kenney-foliage-pack/2D/nature/PNG/Default size/Leaves/foliagePack_leaves_031.png,image-uniform,Context review: possible texture/font-space/timing/padding; not automatically corruption,9c4dafdcaaaecda7826183387bceea7061ad438178bada920840146fc4460ec0
work/full-audit/downloads/mega-assets-v1/jam-ready-assets.zip,jam-ready-assets/kenney-minigolf-kit/3D/sports/Previews/spline-concave-cap-back.png,image-fully-transparent,Context review: possible texture/font-space/timing/padding; not automatically corruption,518d46c0a435f637a50aaaeba03cb8711563742884e8a963619f73e097ae381c
work/full-audit/downloads/mega-assets-v1/jam-ready-assets.zip,jam-ready-assets/kenney-minigolf-kit/3D/sports/Previews/spline-default-cap-back.png,image-fully-transparent,Context review: possible texture/font-space/timing/padding; not automatically corruption,518d46c0a435f637a50aaaeba03cb8711563742884e8a963619f73e097ae381c
work/full-audit/downloads/mega-assets-v1/jam-ready-assets.zip,jam-ready-assets/kenney-topdown-tanks/2D/vehicles-racing/PNG/Environment/grass.png,image-uniform,Context review: possible texture/font-space/timing/padding; not automatically corruption,6b4fc2a380a0c78891e7ec43acc4d89ddcb927a983d43755535a1ab72c02357e
work/full-audit/downloads/mega-assets-v1/jam-ready-assets.zip,jam-ready-assets/kenney-platformer-assets-ice/2D/platformer/PNG/tree.png,image-uniform,Context review: possible texture/font-space/timing/padding; not automatically corruption,b4b83b159a7c53c7ae822e82de6a5ebfeab6a2f95edd2c0eca5b37b676db2587
work/full-audit/downloads/mega-assets-v1/jam-ready-assets.zip,jam-ready-assets/kenney-platformer-assets-pixel/2D/platformer/PNG/tile_672.png,image-uniform,Context review: possible texture/font-space/timing/padding; not automatically corruption,b88f9604e23341d23ea0a13a55cbad42a624d36e5bcdd77f470b333be8cbcde6
work/full-audit/downloads/mega-assets-v1/jam-ready-assets.zip,jam-ready-assets/kenney-platformer-assets-pixel/2D/platformer/PNG/tile_666.png,image-uniform,Context review: possible texture/font-space/timing/padding; not automatically corruption,c296a02212513599e6871a983409c09a29d2f3a12719de1bbc4d8321a17a08dd
work/full-audit/downloads/mega-assets-v1/jam-ready-assets.zip,jam-ready-assets/kenney-platformer-assets-pixel/2D/platformer/PNG/tile_669.png,image-uniform,Context review: possible texture/font-space/timing/padding; not automatically corruption,a895d1f1a30268c513397e9a84334b0d50674a3253333178adb27770dd44427e
work/full-audit/downloads/mega-assets-v1/jam-ready-assets.zip,jam-ready-assets/kenney-platformer-assets-pixel/2D/platformer/PNG/tile_616.png,image-uniform,Context review: possible texture/font-space/timing/padding; not automatically corruption,99a39fb8c604455370ed959628721f7ebb453dad4dbd6fc707625aa5f2bce2c7
work/full-audit/downloads/mega-assets-v1/jam-ready-assets.zip,jam-ready-assets/kenney-platformer-assets-pixel/2D/platformer/PNG/tile_645.png,image-uniform,Context review: possible texture/font-space/timing/padding; not automatically corruption,99a39fb8c604455370ed959628721f7ebb453dad4dbd6fc707625aa5f2bce2c7
work/full-audit/downloads/mega-assets-v1/jam-ready-assets.zip,jam-ready-assets/kenney-fish-pack/2D/nature/PNG/Double/background_terrain.png,image-uniform,Context review: possible texture/font-space/timing/padding; not automatically corruption,354d46429528b347b0c0e994c952485c94269de19bd4ffa9face1ff46dd99f34
work/full-audit/downloads/mega-assets-v1/jam-ready-assets.zip,jam-ready-assets/kenney-fish-pack/2D/nature/PNG/Default/background_terrain.png,image-uniform,Context review: possible texture/font-space/timing/padding; not automatically corruption,41ca248e190696be018377babe0b63c26ff468f91c1ef489ed643896e019f8a0
work/full-audit/downloads/mega-assets-v1/jam-ready-assets.zip,jam-ready-assets/kenney-background-elements/2D/platformer/PNG/Flat/sky.png,image-uniform,Context review: possible texture/font-space/timing/padding; not automatically corruption,7c5434ccede508fdadef606b02426c80c264c6e1400dd0ae9d9b0dde88dcfd22
work/full-audit/downloads/mega-assets-v1/jam-ready-assets.zip,jam-ready-assets/kenney-tiny-ski/2D/sports/Tiles/tile_0002.png,image-uniform,Context review: possible texture/font-space/timing/padding; not automatically corruption,22c020e087166227b8de6dae65cde91f19d06ae1959ff6b29c740521fdf695cd
work/full-audit/downloads/mega-assets-v1/jam-ready-assets.zip,jam-ready-assets/kenney-tiny-ski/2D/sports/Tiles/tile_0000.png,image-uniform,Context review: possible texture/font-space/timing/padding; not automatically corruption,ea5dc2919a2b516b9f5d4477cc53f335d0277bf16defc0dea9c62c2acf039ee2
work/full-audit/downloads/mega-assets-v1/jam-ready-assets.zip,jam-ready-assets/kenney-road-textures/2D/city/PNG/Retina/roadTexture_37.png,image-uniform,Context review: possible texture/font-space/timing/padding; not automatically corruption,35363cc307c309f39a8d0dde58b59c233469db75c6b5995123d6d621b042d268
work/full-audit/downloads/mega-assets-v1/jam-ready-assets.zip,jam-ready-assets/kenney-road-textures/2D/city/PNG/Retina/roadTexture_26.png,image-uniform,Context review: possible texture/font-space/timing/padding; not automatically corruption,b30cfaa69c8f900f3befbd622e5414c8473cc7b445b361f288b7463671d40195
work/full-audit/downloads/mega-assets-v1/jam-ready-assets.zip,jam-ready-assets/kenney-road-textures/2D/city/PNG/Retina/roadTexture_38.png,image-uniform,Context review: possible texture/font-space/timing/padding; not automatically corruption,4f052d1dcc389e3b54b7e3c357ae49f5a322bb631ec5df3c125752774d5b30b5
work/full-audit/downloads/mega-assets-v1/jam-ready-assets.zip,jam-ready-assets/kenney-road-textures/2D/city/PNG/Retina/roadTexture_25.png,image-uniform,Context review: possible texture/font-space/timing/padding; not automatically corruption,4c01b63503163bfb6fbc5fed78fd8e0f380699dcc3fcb112bef0865b6ac81dbc
work/full-audit/downloads/mega-assets-v1/jam-ready-assets.zip,jam-ready-assets/kenney-road-textures/2D/city/PNG/Default/roadTexture_37.png,image-uniform,Context review: possible texture/font-space/timing/padding; not automatically corruption,359c2946132c2f8a635ba691b890f974a87a46184f1b1d6faeac10631c75f0bb
work/full-audit/downloads/mega-assets-v1/jam-ready-assets.zip,jam-ready-assets/kenney-road-textures/2D/city/PNG/Default/roadTexture_26.png,image-uniform,Context review: possible texture/font-space/timing/padding; not automatically corruption,6fa0eba73717b6fbfc853e4546f7fae71a2d7674b76933c42ae4ad5ba2ca96be
work/full-audit/downloads/mega-assets-v1/jam-ready-assets.zip,jam-ready-assets/kenney-road-textures/2D/city/PNG/Default/roadTexture_38.png,image-uniform,Context review: possible texture/font-space/timing/padding; not automatically corruption,e1a645d31c957a1fa18294f80bad53d508503cf90108c3dc2901d1c39864bca9
work/full-audit/downloads/mega-assets-v1/jam-ready-assets.zip,jam-ready-assets/kenney-road-textures/2D/city/PNG/Default/roadTexture_25.png,image-uniform,Context review: possible texture/font-space/timing/padding; not automatically corruption,9931c79ecccfa2f64991477b3d9ff27786b4669406b4c809041de73915741313
work/full-audit/downloads/mega-assets-v1/jam-ready-assets.zip,jam-ready-assets/puny-characters/2D/top-down-rpg/Environment/Grass1.png,image-uniform,Context review: possible texture/font-space/timing/padding; not automatically corruption,603695fbdca78abfc27c1ca87a9d22f5dc59b5b948540e2ecac69a5df321c7b6
work/full-audit/downloads/mega-assets-v1/jam-ready-assets.zip,jam-ready-assets/puny-characters/2D/top-down-rpg/Environment/Grass2.png,image-uniform,Context review: possible texture/font-space/timing/padding; not automatically corruption,7df15de64237b1a7e881c782cab5f2ea452075d22e880b5bc6d517ceaee8cbc8
work/full-audit/downloads/mega-assets-v1/jam-ready-assets.zip,jam-ready-assets/kenney-voxel-pack/2D/prototype-blocks/PNG/Particles/square_orange.png,image-uniform,Context review: possible texture/font-space/timing/padding; not automatically corruption,d6ad05f15794d7789906ee5ab6456c5744c1f084f04870c8269efc5cebf768ec
work/full-audit/downloads/mega-assets-v1/jam-ready-assets.zip,jam-ready-assets/kenney-voxel-pack/2D/prototype-blocks/PNG/Particles/square_blue.png,image-uniform,Context review: possible texture/font-space/timing/padding; not automatically corruption,45f93431bc56953c24877f2505a8c33812a57d1da1c2e209fc045026f38bcb3b
work/full-audit/downloads/mega-assets-v1/jam-ready-assets.zip,jam-ready-assets/kenney-voxel-pack/2D/prototype-blocks/PNG/Particles/square_white.png,image-uniform,Context review: possible texture/font-space/timing/padding; not automatically corruption,0877a415d43b26cfee45e09561e1d719b829499f06b93f843122f071107a0523
work/full-audit/downloads/mega-assets-v1/jam-ready-assets.zip,jam-ready-assets/kenney-voxel-pack/2D/prototype-blocks/PNG/Particles/square_red.png,image-uniform,Context review: possible texture/font-space/timing/padding; not automatically corruption,6b46a093b890deaca7e1f58586c3450f6b908ffff890713e6b43e17b98e2d5e6
work/full-audit/downloads/mega-assets-v1/jam-ready-assets.zip,jam-ready-assets/kenney-voxel-pack/2D/prototype-blocks/PNG/Characters/Fox/fox_ear.png,image-uniform,Context review: possible texture/font-space/timing/padding; not automatically corruption,20c1b74e79fcfc7412db1ea03f29db202e872c9effc55e9ad352e9931383c0d1
work/full-audit/downloads/mega-assets-v1/jam-ready-assets.zip,jam-ready-assets/kenney-racing-pack/2D/vehicles-racing/PNG/Tiles/Asphalt road/road_asphalt22.png,image-uniform,Context review: possible texture/font-space/timing/padding; not automatically corruption,dc2df40e30a4331ac1b889cf74edc08c7bf8d36df5143c215520cd4c11100f99
work/full-audit/downloads/mega-assets-v1/jam-ready-assets.zip,jam-ready-assets/kenney-racing-pack/2D/vehicles-racing/PNG/Tiles/Sand road/road_sand18.png,image-uniform,Context review: possible texture/font-space/timing/padding; not automatically corruption,9dce89de330aafe5c40347e1dfc75cc9da7667839cc51a7d84074bd789a4ea9e
work/full-audit/downloads/mega-assets-v1/jam-ready-assets.zip,jam-ready-assets/kenney-racing-pack/2D/vehicles-racing/PNG/Tiles/Dirt road/road_dirt21.png,image-uniform,Context review: possible texture/font-space/timing/padding; not automatically corruption,ec1019593c97b802447a5c3cbbff2ba8f8d713c89bd2b359c1c34f787a11f84e
work/full-audit/downloads/mega-assets-v1/jam-ready-assets.zip,jam-ready-assets/foozle-lucifer-rpg-ui/ui/HUD/Hotbar/LevelBar/Png/LevelBarBackground.png,image-uniform,Context review: possible texture/font-space/timing/padding; not automatically corruption,3d3109037aa14b0c14c23da63eba65249455fed39f793ec55267b9d62d65def6
work/full-audit/downloads/mega-assets-v1/jam-ready-assets.zip,jam-ready-assets/kenney-pixel-platformer/2D/platformer/Tiles/tile_0038.png,image-uniform,Context review: possible texture/font-space/timing/padding; not automatically corruption,dffc34b815b01c2a199a8fce511b73294a09f0f003a182c4a16fa0e3a407b085
work/full-audit/downloads/mega-assets-v1/jam-ready-assets.zip,jam-ready-assets/kenney-pixel-platformer/2D/platformer/Tiles/Backgrounds/tile_0004.png,image-uniform,Context review: possible texture/font-space/timing/padding; not automatically corruption,263af9a9100e75073bdec5ac0db5cf91a4de01311ac6bbb79adbf9991e212913
work/full-audit/downloads/mega-assets-v1/jam-ready-assets.zip,jam-ready-assets/kenney-pixel-platformer/2D/platformer/Tiles/Backgrounds/tile_0006.png,image-uniform,Context review: possible texture/font-space/timing/padding; not automatically corruption,07f1f9bc17aa9ae866e5280835f91056feda5829371a3c0b33ba789287d2ac69
work/full-audit/downloads/mega-assets-v1/jam-ready-assets.zip,jam-ready-assets/kenney-pixel-platformer/2D/platformer/Tiles/Backgrounds/tile_0002.png,image-uniform,Context review: possible texture/font-space/timing/padding; not automatically corruption,cd50302f080010eed7d828bfea4868c31b4cca49bb7a60f3cf69494b2e386f42
work/full-audit/downloads/mega-assets-v1/jam-ready-assets.zip,jam-ready-assets/kenney-pixel-platformer/2D/platformer/Tiles/Backgrounds/tile_0007.png,image-uniform,Context review: possible texture/font-space/timing/padding; not automatically corruption,07f1f9bc17aa9ae866e5280835f91056feda5829371a3c0b33ba789287d2ac69
work/full-audit/downloads/mega-assets-v1/jam-ready-assets.zip,jam-ready-assets/kenney-pixel-platformer/2D/platformer/Tiles/Backgrounds/tile_0018.png,image-uniform,Context review: possible texture/font-space/timing/padding; not automatically corruption,bf07c7802ababdf7066e4c7a684e89b156e597f3a221e0b77fe17e23b7103aff
work/full-audit/downloads/mega-assets-v1/jam-ready-assets.zip,jam-ready-assets/kenney-pixel-platformer/2D/platformer/Tiles/Backgrounds/tile_0000.png,image-uniform,Context review: possible texture/font-space/timing/padding; not automatically corruption,cd50302f080010eed7d828bfea4868c31b4cca49bb7a60f3cf69494b2e386f42
work/full-audit/downloads/mega-assets-v1/jam-ready-assets.zip,jam-ready-assets/kenney-pixel-platformer/2D/platformer/Tiles/Backgrounds/tile_0022.png,image-uniform,Context review: possible texture/font-space/timing/padding; not automatically corruption,8f8032fe4f9ea8a23ce2227918a04d9bf6db91e091374bd3f76b35cd11893c34
work/full-audit/downloads/mega-assets-v1/jam-ready-assets.zip,jam-ready-assets/kenney-pixel-platformer/2D/platformer/Tiles/Backgrounds/tile_0021.png,image-uniform,Context review: possible texture/font-space/timing/padding; not automatically corruption,119d27d7927144853d3ab2ab9af72f1414581ef3c2c85f3f61a106d14d4d2292
work/full-audit/downloads/mega-assets-v1/jam-ready-assets.zip,jam-ready-assets/kenney-pixel-platformer/2D/platformer/Tiles/Backgrounds/tile_0023.png,image-uniform,Context review: possible texture/font-space/timing/padding; not automatically corruption,8f8032fe4f9ea8a23ce2227918a04d9bf6db91e091374bd3f76b35cd11893c34
work/full-audit/downloads/mega-assets-v1/jam-ready-assets.zip,jam-ready-assets/kenney-pixel-platformer/2D/platformer/Tiles/Backgrounds/tile_0017.png,image-uniform,Context review: possible texture/font-space/timing/padding; not automatically corruption,bf07c7802ababdf7066e4c7a684e89b156e597f3a221e0b77fe17e23b7103aff
work/full-audit/downloads/mega-assets-v1/jam-ready-assets.zip,jam-ready-assets/kenney-pixel-platformer/2D/platformer/Tiles/Backgrounds/tile_0016.png,image-uniform,Context review: possible texture/font-space/timing/padding; not automatically corruption,bf07c7802ababdf7066e4c7a684e89b156e597f3a221e0b77fe17e23b7103aff
work/full-audit/downloads/mega-assets-v1/jam-ready-assets.zip,jam-ready-assets/kenney-pixel-platformer/2D/platformer/Tiles/Backgrounds/tile_0019.png,image-uniform,Context review: possible texture/font-space/timing/padding; not automatically corruption,bf07c7802ababdf7066e4c7a684e89b156e597f3a221e0b77fe17e23b7103aff
work/full-audit/downloads/mega-assets-v1/jam-ready-assets.zip,jam-ready-assets/kenney-pixel-platformer/2D/platformer/Tiles/Backgrounds/tile_0020.png,image-uniform,Context review: possible texture/font-space/timing/padding; not automatically corruption,119d27d7927144853d3ab2ab9af72f1414581ef3c2c85f3f61a106d14d4d2292
work/full-audit/downloads/mega-assets-v1/jam-ready-assets.zip,jam-ready-assets/kenney-pixel-platformer/2D/platformer/Tiles/Backgrounds/tile_0005.png,image-uniform,Context review: possible texture/font-space/timing/padding; not automatically corruption,263af9a9100e75073bdec5ac0db5cf91a4de01311ac6bbb79adbf9991e212913
work/full-audit/downloads/mega-assets-v1/jam-ready-assets.zip,jam-ready-assets/kenney-pixel-platformer/2D/platformer/Tiles/Backgrounds/tile_0001.png,image-uniform,Context review: possible texture/font-space/timing/padding; not automatically corruption,cd50302f080010eed7d828bfea4868c31b4cca49bb7a60f3cf69494b2e386f42
work/full-audit/downloads/mega-assets-v1/jam-ready-assets.zip,jam-ready-assets/kenney-pixel-platformer/2D/platformer/Tiles/Backgrounds/tile_0003.png,image-uniform,Context review: possible texture/font-space/timing/padding; not automatically corruption,cd50302f080010eed7d828bfea4868c31b4cca49bb7a60f3cf69494b2e386f42
work/full-audit/downloads/mega-assets-v1/jam-ready-assets.zip,jam-ready-assets/kenney-jumper-pack/2D/platformer/PNG/Background/bg_layer1.png,image-uniform,Context review: possible texture/font-space/timing/padding; not automatically corruption,27e7aa05db99aee759f366f42aa1948322987e9d563c9a124924801dece8fb44
work/full-audit/downloads/mega-assets-v1/jam-ready-assets.zip,jam-ready-assets/kenney-new-platformer-pack/2D/platformer/Sprites/Backgrounds/Double/background_solid_grass.png,image-uniform,Context review: possible texture/font-space/timing/padding; not automatically corruption,32a24b54466f97bd996157be036e3f11ffd0bc0e4795d2913f9fd81f76922583
work/full-audit/downloads/mega-assets-v1/jam-ready-assets.zip,jam-ready-assets/kenney-new-platformer-pack/2D/platformer/Sprites/Backgrounds/Double/background_solid_dirt.png,image-uniform,Context review: possible texture/font-space/timing/padding; not automatically corruption,c9ef8691f6dacd3868fdbbb2aba3eded17d75b59737e8014801c90419202d7af
work/full-audit/downloads/mega-assets-v1/jam-ready-assets.zip,jam-ready-assets/kenney-new-platformer-pack/2D/platformer/Sprites/Backgrounds/Double/background_solid_sky.png,image-uniform,Context review: possible texture/font-space/timing/padding; not automatically corruption,55ccb7de46809cdc96ea4453884c4fff29beaf21f8283e11339e406c88d3f5db
work/full-audit/downloads/mega-assets-v1/jam-ready-assets.zip,jam-ready-assets/kenney-new-platformer-pack/2D/platformer/Sprites/Backgrounds/Double/background_solid_sand.png,image-uniform,Context review: possible texture/font-space/timing/padding; not automatically corruption,7790af96f1d388a9685745451dea6b2a6ed03893e1f353ab79e546282bb525a3
work/full-audit/downloads/mega-assets-v1/jam-ready-assets.zip,jam-ready-assets/kenney-new-platformer-pack/2D/platformer/Sprites/Backgrounds/Double/background_solid_cloud.png,image-uniform,Context review: possible texture/font-space/timing/padding; not automatically corruption,5e0c038a8685e7d84caceef281e687ae711090627c114bc19d2f49a58eac6ee6
work/full-audit/downloads/mega-assets-v1/jam-ready-assets.zip,jam-ready-assets/kenney-new-platformer-pack/2D/platformer/Sprites/Backgrounds/Default/background_solid_grass.png,image-uniform,Context review: possible texture/font-space/timing/padding; not automatically corruption,733c1fc081c98fe5ee354c6f208f5dbf58d1fcc0556d92b9c0cb605e7f562cd8
work/full-audit/downloads/mega-assets-v1/jam-ready-assets.zip,jam-ready-assets/kenney-new-platformer-pack/2D/platformer/Sprites/Backgrounds/Default/background_solid_dirt.png,image-uniform,Context review: possible texture/font-space/timing/padding; not automatically corruption,9cb5a19f8be0488b304c4f4ed146860063075cc7f06ef5e06d08d36edb7e07ea
work/full-audit/downloads/mega-assets-v1/jam-ready-assets.zip,jam-ready-assets/kenney-new-platformer-pack/2D/platformer/Sprites/Backgrounds/Default/background_solid_sky.png,image-uniform,Context review: possible texture/font-space/timing/padding; not automatically corruption,2a5933f9f6d6a8495b32c544a80f1ca98031d8cb82639fc0ca6db44b76a313c9
work/full-audit/downloads/mega-assets-v1/jam-ready-assets.zip,jam-ready-assets/kenney-new-platformer-pack/2D/platformer/Sprites/Backgrounds/Default/background_solid_sand.png,image-uniform,Context review: possible texture/font-space/timing/padding; not automatically corruption,5b4e4e58391aad81b20c9998ba2448703ef30e3c19b831d10a491aa2ee8812c3
work/full-audit/downloads/mega-assets-v1/jam-ready-assets.zip,jam-ready-assets/kenney-new-platformer-pack/2D/platformer/Sprites/Backgrounds/Default/background_solid_cloud.png,image-uniform,Context review: possible texture/font-space/timing/padding; not automatically corruption,a31767e04c75e6abfb0821090784afb84e9d66df5c5d9afdab709347650ddb91
work/full-audit/downloads/mega-assets-v1/jam-ready-assets.zip,jam-ready-assets/kenney-pixel-shmup/2D/space-scifi/Tiles/tile_0042.png,image-uniform,Context review: possible texture/font-space/timing/padding; not automatically corruption,8763cef38375a3b299dd885c9a39f10094a1d39cb1ff745b96957f6b76fc0472
work/full-audit/downloads/mega-assets-v1/jam-ready-assets.zip,jam-ready-assets/kenney-tiny-dungeon/2D/dungeon/Tiles/tile_0000.png,image-uniform,Context review: possible texture/font-space/timing/padding; not automatically corruption,ebf91e6638d484dc6bdaec5f30e91589252125146b70c2911f11fac7ebe17090
work/full-audit/downloads/mega-assets-v1/jam-ready-assets.zip,jam-ready-assets/kenney-tiny-dungeon/2D/dungeon/Tiles/tile_0048.png,image-uniform,Context review: possible texture/font-space/timing/padding; not automatically corruption,63519065228f5f8af6200d979fa54cd7f00650034ceea10a1609203a34b3ff9b
work/full-audit/downloads/mega-assets-v1/jam-ready-assets.zip,jam-ready-assets/kenney-pixel-line-platformer/2D/platformer/Tiles/tile_0000.png,image-uniform,Context review: possible texture/font-space/timing/padding; not automatically corruption,d795df972fc9d0ffd102f0c3e7d8bf79af920d5ee1b0442e8975b15c26d92528
work/full-audit/downloads/mega-assets-v1/jam-ready-assets.zip,jam-ready-assets/kenney-pixel-line-platformer/2D/platformer/Tiles/tile_0017.png,image-uniform,Context review: possible texture/font-space/timing/padding; not automatically corruption,d795df972fc9d0ffd102f0c3e7d8bf79af920d5ee1b0442e8975b15c26d92528
work/full-audit/downloads/mega-assets-v1/jam-ready-assets.zip,jam-ready-assets/kenney-pixel-line-platformer/2D/platformer/Tiles/tile_0014.png,image-uniform,Context review: possible texture/font-space/timing/padding; not automatically corruption,d795df972fc9d0ffd102f0c3e7d8bf79af920d5ee1b0442e8975b15c26d92528
work/full-audit/downloads/mega-assets-v1/jam-ready-assets.zip,jam-ready-assets/kenney-abstract-platformer/2D/platformer/PNG/Other/fluidRed.png,image-uniform,Context review: possible texture/font-space/timing/padding; not automatically corruption,ccdc14c6c409ac7f48ad496da6d547bb791d3234cc95237ef16c12fbf31ac043
work/full-audit/downloads/mega-assets-v1/jam-ready-assets.zip,jam-ready-assets/kenney-abstract-platformer/2D/platformer/PNG/Other/fluidGreen.png,image-uniform,Context review: possible texture/font-space/timing/padding; not automatically corruption,c4d2a5db4f4f0c3d00e49cb6daf47905e02e8300e3d9210057ba3bd8b50f6436
work/full-audit/downloads/mega-assets-v1/jam-ready-assets.zip,jam-ready-assets/kenney-abstract-platformer/2D/platformer/PNG/Other/fluidBrown.png,image-uniform,Context review: possible texture/font-space/timing/padding; not automatically corruption,3009bb9cbec31f3dc9644ed6bf5ed16cbb474058e14513c450fd92aa5cdfa3fd
work/full-audit/downloads/mega-assets-v1/jam-ready-assets.zip,jam-ready-assets/kenney-abstract-platformer/2D/platformer/PNG/Other/lockRedMid.png,image-uniform,Context review: possible texture/font-space/timing/padding; not automatically corruption,ccdc14c6c409ac7f48ad496da6d547bb791d3234cc95237ef16c12fbf31ac043
work/full-audit/downloads/mega-assets-v1/jam-ready-assets.zip,jam-ready-assets/kenney-abstract-platformer/2D/platformer/PNG/Other/plantStem_horizontal.png,image-uniform,Context review: possible texture/font-space/timing/padding; not automatically corruption,36ee26a06ef5878be709904f0afde531c603e2453e3a169eebe4a6400ef162ef
work/full-audit/downloads/mega-assets-v1/jam-ready-assets.zip,jam-ready-assets/kenney-abstract-platformer/2D/platformer/PNG/Other/plantStem_vertical.png,image-uniform,Context review: possible texture/font-space/timing/padding; not automatically corruption,9529ac51ef59d36b9fc8bc8225fd4ccf894a3ce83e320042de439aac7d233915
work/full-audit/downloads/mega-assets-v1/jam-ready-assets.zip,jam-ready-assets/kenney-abstract-platformer/2D/platformer/PNG/Other/lockGreenMid.png,image-uniform,Context review: possible texture/font-space/timing/padding; not automatically corruption,dc7181165c734dc0a5a76916c1d40318484f520929546a898119666898cfa048
work/full-audit/downloads/mega-assets-v1/jam-ready-assets.zip,jam-ready-assets/kenney-abstract-platformer/2D/platformer/PNG/Other/fluidBlue.png,image-uniform,Context review: possible texture/font-space/timing/padding; not automatically corruption,5fbf88a60299133545c771446be59d2e98adefc37dc2823c6ff9ee7335a167c4
work/full-audit/downloads/mega-assets-v1/jam-ready-assets.zip,jam-ready-assets/kenney-abstract-platformer/2D/platformer/PNG/Backgrounds/set2_background.png,image-uniform,Context review: possible texture/font-space/timing/padding; not automatically corruption,cb94c610f08d722ade949b1d2fe60314926120eb1108a538985a569fb27d0649
work/full-audit/downloads/mega-assets-v1/jam-ready-assets.zip,jam-ready-assets/kenney-abstract-platformer/2D/platformer/PNG/Backgrounds/set4_background.png,image-uniform,Context review: possible texture/font-space/timing/padding; not automatically corruption,57ac148e422d70dd1e78749881f1aa47e657041f11a9932d53fb9e8dfdf06b72
work/full-audit/downloads/mega-assets-v1/jam-ready-assets.zip,jam-ready-assets/kenney-abstract-platformer/2D/platformer/PNG/Backgrounds/set1_background.png,image-uniform,Context review: possible texture/font-space/timing/padding; not automatically corruption,c7f45bbcb9281520bad683a3f0f97c26bfb55c89871063de82fa9cf03071bd65
work/full-audit/downloads/mega-assets-v1/jam-ready-assets.zip,jam-ready-assets/kenney-abstract-platformer/2D/platformer/PNG/Backgrounds/set3_background.png,image-uniform,Context review: possible texture/font-space/timing/padding; not automatically corruption,8b0add484e0ea58d690ddc360f5be4fa189b16d70bbf6fed1a9275ea7bc8a458
work/full-audit/downloads/mega-assets-v1/jam-ready-assets.zip,jam-ready-assets/kenney-abstract-platformer/2D/platformer/PNG/Tiles/Yellow tiles/tileYellow_04.png,image-uniform,Context review: possible texture/font-space/timing/padding; not automatically corruption,c4d2a5db4f4f0c3d00e49cb6daf47905e02e8300e3d9210057ba3bd8b50f6436
work/full-audit/downloads/mega-assets-v1/jam-ready-assets.zip,jam-ready-assets/kenney-abstract-platformer/2D/platformer/PNG/Tiles/Green tiles/tileGreen_03.png,image-uniform,Context review: possible texture/font-space/timing/padding; not automatically corruption,301216c2e49d7a5568e71d386c4652d97152cc0c7c000b00b50057fbabc04d96
work/full-audit/downloads/mega-assets-v1/jam-ready-assets.zip,jam-ready-assets/kenney-abstract-platformer/2D/platformer/PNG/Tiles/Brown tiles/tileBrown_27.png,image-uniform,Context review: possible texture/font-space/timing/padding; not automatically corruption,3009bb9cbec31f3dc9644ed6bf5ed16cbb474058e14513c450fd92aa5cdfa3fd
work/full-audit/downloads/mega-assets-v1/jam-ready-assets.zip,jam-ready-assets/kenney-abstract-platformer/2D/platformer/PNG/Tiles/Blue tiles/tileBlue_03.png,image-uniform,Context review: possible texture/font-space/timing/padding; not automatically corruption,55249b71a68d6ccc8bad9ef80b42c013e41ee01a0340fc7712612b49f814ba76
work/full-audit/downloads/mega-assets-v1/jam-ready-assets.zip,jam-ready-assets/kenney-holiday-pack-2016/2D/seasonal-holiday/PNG/Topdown pack/Retina/topdownTile_30.png,image-uniform,Context review: possible texture/font-space/timing/padding; not automatically corruption,a94fd878736286407700c73b32b6f1803d48799a70e085f2b2ff4b5d106d6390
work/full-audit/downloads/mega-assets-v1/jam-ready-assets.zip,jam-ready-assets/kenney-holiday-pack-2016/2D/seasonal-holiday/PNG/Topdown pack/Retina/topdownTile_25.png,image-uniform,Context review: possible texture/font-space/timing/padding; not automatically corruption,b206fc4d3311a03aa12dc77026c98013cbd440fdb0ebef1503a39f3665607b32
work/full-audit/downloads/mega-assets-v1/jam-ready-assets.zip,jam-ready-assets/kenney-holiday-pack-2016/2D/seasonal-holiday/PNG/Topdown pack/Default size/topdownTile_30.png,image-uniform,Context review: possible texture/font-space/timing/padding; not automatically corruption,32ce6ca022bdc83f81b03d4334520fed7b922671444f90f13962de4e0ad59462
work/full-audit/downloads/mega-assets-v1/jam-ready-assets.zip,jam-ready-assets/kenney-holiday-pack-2016/2D/seasonal-holiday/PNG/Topdown pack/Default size/topdownTile_25.png,image-uniform,Context review: possible texture/font-space/timing/padding; not automatically corruption,6f03b3dba2c5139328b44e08cbe1ce69031a2db22546a59ef1829624be5718b7
work/full-audit/downloads/mega-assets-v1/jam-ready-assets.zip,jam-ready-assets/ansimuz-gothicvania-collection/2D/fantasy/Old-dark-Castle-tileset-Files/PSD/old-dark-castle-interior-tileset.psd,secondary-decoder-pass,Decoded with ImageMagick instead of Pillow,de120b5423270806922b1b1098686752a33c1e8e75e547b900184a0cc94b77c4
work/full-audit/downloads/mega-assets-v1/jam-ready-assets.zip,jam-ready-assets/ansimuz-gothicvania-collection/2D/fantasy/Hell-Hound-Files/PSD/hell-hound-jump.psd,secondary-decoder-pass,Decoded with ImageMagick instead of Pillow,36d7757fc940c6fbf142b3dba9c1d586eee74a007459b740834c65e8a1602abc
work/full-audit/downloads/mega-assets-v1/jam-ready-assets.zip,jam-ready-assets/ansimuz-gothicvania-collection/2D/fantasy/Hell-Hound-Files/PSD/hell-hound-idle.psd,secondary-decoder-pass,Decoded with ImageMagick instead of Pillow,dd99b0bc0d6b277912fe014375d81a190d1754f87497cbb0a3d92a1ea497323c
work/full-audit/downloads/mega-assets-v1/jam-ready-assets.zip,jam-ready-assets/ansimuz-gothicvania-collection/2D/fantasy/Hell-Hound-Files/PSD/hell-hound-walk.psd,secondary-decoder-pass,Decoded with ImageMagick instead of Pillow,36a52318506071928ad591d277fdd2e8cedb85e54605a02a894a7885421d9e19
work/full-audit/downloads/mega-assets-v1/jam-ready-assets.zip,jam-ready-assets/ansimuz-gothicvania-collection/2D/fantasy/Hell-Hound-Files/PSD/hell-hound-run.psd,secondary-decoder-pass,Decoded with ImageMagick instead of Pillow,351bf2abd1394855e8af26f519a643f2fad786087fb3bd53997f80e71c1937d0
work/full-audit/downloads/mega-assets-v1/jam-ready-assets.zip,jam-ready-assets/ansimuz-gothicvania-collection/2D/fantasy/Hell-Beast-Files/PSD/hell-beast-burn.psd,secondary-decoder-pass,Decoded with ImageMagick instead of Pillow,a6f651c5396ba68581114d10c46de4787edeb35f41b040c81bf6cd2e015c4a29
work/full-audit/downloads/mega-assets-v1/jam-ready-assets.zip,jam-ready-assets/ansimuz-gothicvania-collection/2D/fantasy/Hell-Beast-Files/PSD/hell-beast-breath.psd,secondary-decoder-pass,Decoded with ImageMagick instead of Pillow,9d5ef3787b26df2f76c552c4eeebf05c24f0edf2cbfe0907fa5f80017ce7eef7
work/full-audit/downloads/mega-assets-v1/jam-ready-assets.zip,jam-ready-assets/ansimuz-gothicvania-collection/2D/fantasy/Hell-Beast-Files/PSD/hell-beast-idle.psd,secondary-decoder-pass,Decoded with ImageMagick instead of Pillow,43ccfa7e1615da61216c004674f913d93b63c88e0ae0e874a6491f567d2a0147
work/full-audit/downloads/mega-assets-v1/jam-ready-assets.zip,jam-ready-assets/ansimuz-gothicvania-collection/2D/fantasy/Fire-Skull-Files/PSD/fire-skull-no-fire.psd,secondary-decoder-pass,Decoded with ImageMagick instead of Pillow,2a641313a50d0677541a54e28588599f86b09f0827486b3492e73a61a7555292
work/full-audit/downloads/mega-assets-v1/jam-ready-assets.zip,jam-ready-assets/ansimuz-gothicvania-collection/2D/fantasy/Fire-Skull-Files/PSD/fire-skull.psd,secondary-decoder-pass,Decoded with ImageMagick instead of Pillow,2f1b1869e1db0438265734b60e6beeb674acb82a83c5c5c3bf6194a9747ea478
work/full-audit/downloads/mega-assets-v1/jam-ready-assets.zip,jam-ready-assets/ansimuz-gothicvania-collection/2D/fantasy/night-town-background-files/night-town-background.psd,secondary-decoder-pass,Decoded with ImageMagick instead of Pillow,e1db4fe563e17996471db344acfe7a26f4983f6288d9676a9f2660da37f750de
work/full-audit/downloads/mega-assets-v1/jam-ready-assets.zip,jam-ready-assets/ansimuz-gothicvania-collection/2D/fantasy/Gothic-hero-Files/PSD/gothic-hero-run.psd,secondary-decoder-pass,Decoded with ImageMagick instead of Pillow,623c866fb43801d9e2d210e47ce83aed50bf2ed51f32f0ee529ab73c3194f665
work/full-audit/downloads/mega-assets-v1/jam-ready-assets.zip,jam-ready-assets/ansimuz-gothicvania-collection/2D/fantasy/Gothic-hero-Files/PSD/gothic-hero-attack.psd,secondary-decoder-pass,Decoded with ImageMagick instead of Pillow,fff58bc921df8c984043bc4b45cb1b32540b82b5b2a336206159aac35e7108ec
work/full-audit/downloads/mega-assets-v1/jam-ready-assets.zip,jam-ready-assets/ansimuz-gothicvania-collection/2D/fantasy/Gothic-hero-Files/PSD/gothic-hero-idle.psd,secondary-decoder-pass,Decoded with ImageMagick instead of Pillow,2fe8d90326b776f72d3458c79b06bfc65434db9e18b5f5ddeb7212f1e2eeade3
work/full-audit/downloads/mega-assets-v1/jam-ready-assets.zip,jam-ready-assets/ansimuz-gothicvania-collection/2D/fantasy/Gothic-hero-Files/PSD/gothic-hero-jump.psd,secondary-decoder-pass,Decoded with ImageMagick instead of Pillow,1ebf4bad71db71647c0d1eb58a57387d7b76fd44fa9fd1ebc452533a59d975b7
work/full-audit/downloads/mega-assets-v1/jam-ready-assets.zip,jam-ready-assets/ansimuz-gothicvania-collection/2D/fantasy/Gothic-Horror-Files/PSD/gothic-horror.psd,secondary-decoder-pass,Decoded with ImageMagick instead of Pillow,ef040206040f267a97446191058a0f609b828ec440bfdd03923a57e32c2c1a54
work/full-audit/downloads/mega-assets-v1/jam-ready-assets.zip,jam-ready-assets/ansimuz-gothicvania-collection/2D/fantasy/Gothic-Castle-Files/PSD/gothic-castle.psd,secondary-decoder-pass,Decoded with ImageMagick instead of Pillow,be36e632d9ad8bcfd198efeeb3ad79ce60ee4156b001db887f33b5ff215dc124
work/full-audit/downloads/mega-assets-v1/jam-ready-assets.zip,jam-ready-assets/ansimuz-gothicvania-collection/2D/fantasy/demon-Files/PSD/demon-idle.psd,secondary-decoder-pass,Decoded with ImageMagick instead of Pillow,74287534ff32d869b814dcf7b6ee74b141613f00988acd2f708baa5db0c30e20
work/full-audit/downloads/mega-assets-v1/jam-ready-assets.zip,jam-ready-assets/ansimuz-gothicvania-collection/2D/fantasy/demon-Files/PSD/demon-attack.psd,secondary-decoder-pass,Decoded with ImageMagick instead of Pillow,1add0b7bd68e22050ba71395d3def7207c34193d57a27711d09d3ff1beb60bef
work/full-audit/downloads/mega-assets-v1/jam-ready-assets.zip,jam-ready-assets/ansimuz-gothicvania-collection/2D/fantasy/Ghost-Files/PSD/ghost-idle.psd,secondary-decoder-pass,Decoded with ImageMagick instead of Pillow,fb249616f08364956f13489b1ea78a54df2c2e47fca2b0632ac598fb811eef37
work/full-audit/downloads/mega-assets-v1/jam-ready-assets.zip,jam-ready-assets/ansimuz-gothicvania-collection/2D/fantasy/Ghost-Files/PSD/ghost-appears.psd,secondary-decoder-pass,Decoded with ImageMagick instead of Pillow,6efc323dcb5ceea4a38f05e0c7cbc42d05133f37997a463c511a510dcfadcb83
work/full-audit/downloads/mega-assets-v1/jam-ready-assets.zip,jam-ready-assets/ansimuz-gothicvania-collection/2D/fantasy/Nightmare-Files/PSD/nightmare-galloping.psd,secondary-decoder-pass,Decoded with ImageMagick instead of Pillow,147384abe7d9ee8c15322851dc121ece9297d4d80fd2ec151f602b1eb85806e1
work/full-audit/downloads/mega-assets-v1/jam-ready-assets.zip,jam-ready-assets/ansimuz-gothicvania-collection/2D/fantasy/Nightmare-Files/PSD/nightmare-idle.psd,secondary-decoder-pass,Decoded with ImageMagick instead of Pillow,3c193ab6a7ea49337b7e2f61c8316055342bfebf3d4d1270ed6df727d4a820d7
work/full-audit/downloads/mega-assets-v1/jam-ready-assets.zip,jam-ready-assets/ansimuz-gothicvania-collection/2D/fantasy/Gothic-hero-p2-Files/PSD/gothic-hero-hurt.psd,secondary-decoder-pass,Decoded with ImageMagick instead of Pillow,6341f5c6751cee687acac742a70b3625900a4bc6c38358efc54c7311f6c073bb
work/full-audit/downloads/mega-assets-v1/jam-ready-assets.zip,jam-ready-assets/ansimuz-gothicvania-collection/2D/fantasy/Gothic-hero-p2-Files/PSD/gothic-hero-jump-attack.psd,secondary-decoder-pass,Decoded with ImageMagick instead of Pillow,6f7b5539acd7ee97289c396d054fd7e97c0e7d26bcd9a018a233420118a999d3
work/full-audit/downloads/mega-assets-v1/jam-ready-assets.zip,jam-ready-assets/ansimuz-gothicvania-collection/2D/fantasy/Gothic-hero-p2-Files/PSD/gothic-hero-jump-climb.psd,secondary-decoder-pass,Decoded with ImageMagick instead of Pillow,950d20489cd8c5b4570e9fefdd784e8ea908863d0f7fab9585faafb5a9c3d98b
work/full-audit/downloads/mega-assets-v1/jam-ready-assets.zip,jam-ready-assets/ansimuz-gothicvania-collection/2D/fantasy/Gothic-hero-p2-Files/PSD/gothic-hero-crouch.psd,secondary-decoder-pass,Decoded with ImageMagick instead of Pillow,c5c9b42d605256e4bd8e34c9177610d92c086cf443263baccf45c56d1ae8d7b5
work/full-audit/downloads/mega-assets-v1/jam-ready-assets.zip,jam-ready-assets/ansimuz-gothicvania-collection/2D/fantasy/Gothic-hero-p2-Files/PSD/gothic-hero-crouch-slash.psd,secondary-decoder-pass,Decoded with ImageMagick instead of Pillow,bfb5acdf2cc8fcb38220404f95679476723192c4a05d3d876c803f86b1bb9917
work/full-audit/downloads/mega-assets-v1/jam-ready-assets.zip,jam-ready-assets/kenney-ui-pack-pixel-adventure/ui/Tiles/Small tiles/Thick outline/tile_0043.png,image-fully-transparent,Context review: possible texture/font-space/timing/padding; not automatically corruption,7055b76c0befa453a4d10e8e0be54f47b4d29e99fe8b72084ceb14b7e29ae51c
work/full-audit/downloads/mega-assets-v1/jam-ready-assets.zip,jam-ready-assets/kenney-ui-pack-pixel-adventure/ui/Tiles/Small tiles/Thick outline/tile_0044.png,image-fully-transparent,Context review: possible texture/font-space/timing/padding; not automatically corruption,7055b76c0befa453a4d10e8e0be54f47b4d29e99fe8b72084ceb14b7e29ae51c
work/full-audit/downloads/mega-assets-v1/jam-ready-assets.zip,jam-ready-assets/kenney-ui-pack-pixel-adventure/ui/Tiles/Small tiles/Thick outline/tile_0068.png,image-fully-transparent,Context review: possible texture/font-space/timing/padding; not automatically corruption,2f4249eaad35cb2d714aa1c2d6ca03d309dd726eecfc77aa4dadf80fbf9913d3
work/full-audit/downloads/mega-assets-v1/jam-ready-assets.zip,jam-ready-assets/kenney-ui-pack-pixel-adventure/ui/Tiles/Small tiles/Thick outline/tile_0066.png,image-fully-transparent,Context review: possible texture/font-space/timing/padding; not automatically corruption,7055b76c0befa453a4d10e8e0be54f47b4d29e99fe8b72084ceb14b7e29ae51c
work/full-audit/downloads/mega-assets-v1/jam-ready-assets.zip,jam-ready-assets/kenney-ui-pack-pixel-adventure/ui/Tiles/Small tiles/Thick outline/tile_0022.png,image-fully-transparent,Context review: possible texture/font-space/timing/padding; not automatically corruption,2f4249eaad35cb2d714aa1c2d6ca03d309dd726eecfc77aa4dadf80fbf9913d3
work/full-audit/downloads/mega-assets-v1/jam-ready-assets.zip,jam-ready-assets/kenney-ui-pack-pixel-adventure/ui/Tiles/Small tiles/Thick outline/tile_0021.png,image-fully-transparent,Context review: possible texture/font-space/timing/padding; not automatically corruption,7055b76c0befa453a4d10e8e0be54f47b4d29e99fe8b72084ceb14b7e29ae51c
work/full-audit/downloads/mega-assets-v1/jam-ready-assets.zip,jam-ready-assets/kenney-ui-pack-pixel-adventure/ui/Tiles/Small tiles/Thick outline/tile_0067.png,image-fully-transparent,Context review: possible texture/font-space/timing/padding; not automatically corruption,7055b76c0befa453a4d10e8e0be54f47b4d29e99fe8b72084ceb14b7e29ae51c
work/full-audit/downloads/mega-assets-v1/jam-ready-assets.zip,jam-ready-assets/kenney-ui-pack-pixel-adventure/ui/Tiles/Small tiles/Thick outline/tile_0045.png,image-fully-transparent,Context review: possible texture/font-space/timing/padding; not automatically corruption,2f4249eaad35cb2d714aa1c2d6ca03d309dd726eecfc77aa4dadf80fbf9913d3
work/full-audit/downloads/mega-assets-v1/jam-ready-assets.zip,jam-ready-assets/kenney-ui-pack-pixel-adventure/ui/Tiles/Small tiles/Thick outline/tile_0020.png,image-fully-transparent,Context review: possible texture/font-space/timing/padding; not automatically corruption,7055b76c0befa453a4d10e8e0be54f47b4d29e99fe8b72084ceb14b7e29ae51c
work/full-audit/downloads/mega-assets-v1/jam-ready-assets.zip,jam-ready-assets/kenney-ui-pack-pixel-adventure/ui/Tiles/Small tiles/Thin outline/tile_0043.png,image-fully-transparent,Context review: possible texture/font-space/timing/padding; not automatically corruption,7055b76c0befa453a4d10e8e0be54f47b4d29e99fe8b72084ceb14b7e29ae51c
work/full-audit/downloads/mega-assets-v1/jam-ready-assets.zip,jam-ready-assets/kenney-ui-pack-pixel-adventure/ui/Tiles/Small tiles/Thin outline/tile_0044.png,image-fully-transparent,Context review: possible texture/font-space/timing/padding; not automatically corruption,7055b76c0befa453a4d10e8e0be54f47b4d29e99fe8b72084ceb14b7e29ae51c
work/full-audit/downloads/mega-assets-v1/jam-ready-assets.zip,jam-ready-assets/kenney-ui-pack-pixel-adventure/ui/Tiles/Small tiles/Thin outline/tile_0068.png,image-fully-transparent,Context review: possible texture/font-space/timing/padding; not automatically corruption,7055b76c0befa453a4d10e8e0be54f47b4d29e99fe8b72084ceb14b7e29ae51c
work/full-audit/downloads/mega-assets-v1/jam-ready-assets.zip,jam-ready-assets/kenney-ui-pack-pixel-adventure/ui/Tiles/Small tiles/Thin outline/tile_0066.png,image-fully-transparent,Context review: possible texture/font-space/timing/padding; not automatically corruption,7055b76c0befa453a4d10e8e0be54f47b4d29e99fe8b72084ceb14b7e29ae51c
work/full-audit/downloads/mega-assets-v1/jam-ready-assets.zip,jam-ready-assets/kenney-ui-pack-pixel-adventure/ui/Tiles/Small tiles/Thin outline/tile_0022.png,image-fully-transparent,Context review: possible texture/font-space/timing/padding; not automatically corruption,7055b76c0befa453a4d10e8e0be54f47b4d29e99fe8b72084ceb14b7e29ae51c
work/full-audit/downloads/mega-assets-v1/jam-ready-assets.zip,jam-ready-assets/kenney-ui-pack-pixel-adventure/ui/Tiles/Small tiles/Thin outline/tile_0021.png,image-fully-transparent,Context review: possible texture/font-space/timing/padding; not automatically corruption,7055b76c0befa453a4d10e8e0be54f47b4d29e99fe8b72084ceb14b7e29ae51c
work/full-audit/downloads/mega-assets-v1/jam-ready-assets.zip,jam-ready-assets/kenney-ui-pack-pixel-adventure/ui/Tiles/Small tiles/Thin outline/tile_0067.png,image-fully-transparent,Context review: possible texture/font-space/timing/padding; not automatically corruption,7055b76c0befa453a4d10e8e0be54f47b4d29e99fe8b72084ceb14b7e29ae51c
work/full-audit/downloads/mega-assets-v1/jam-ready-assets.zip,jam-ready-assets/kenney-ui-pack-pixel-adventure/ui/Tiles/Small tiles/Thin outline/tile_0045.png,image-fully-transparent,Context review: possible texture/font-space/timing/padding; not automatically corruption,7055b76c0befa453a4d10e8e0be54f47b4d29e99fe8b72084ceb14b7e29ae51c
work/full-audit/downloads/mega-assets-v1/jam-ready-assets.zip,jam-ready-assets/kenney-ui-pack-pixel-adventure/ui/Tiles/Small tiles/Thin outline/tile_0020.png,image-fully-transparent,Context review: possible texture/font-space/timing/padding; not automatically corruption,7055b76c0befa453a4d10e8e0be54f47b4d29e99fe8b72084ceb14b7e29ae51c
work/full-audit/downloads/mega-assets-v1/jam-ready-assets.zip,jam-ready-assets/kenney-ui-pack-pixel-adventure/ui/Tiles/Large tiles/Thick outline/tile_0010.png,image-fully-transparent,Context review: possible texture/font-space/timing/padding; not automatically corruption,37beabe871ded30cbc18ff4c373df256a6f34b86c3a3180e59604f8486b74c04
work/full-audit/downloads/mega-assets-v1/jam-ready-assets.zip,jam-ready-assets/kenney-ui-pack-pixel-adventure/ui/Tiles/Large tiles/Thick outline/tile_0037.png,image-fully-transparent,Context review: possible texture/font-space/timing/padding; not automatically corruption,37beabe871ded30cbc18ff4c373df256a6f34b86c3a3180e59604f8486b74c04
work/full-audit/downloads/mega-assets-v1/jam-ready-assets.zip,jam-ready-assets/kenney-ui-pack-pixel-adventure/ui/Tiles/Large tiles/Thick outline/tile_0036.png,image-fully-transparent,Context review: possible texture/font-space/timing/padding; not automatically corruption,37beabe871ded30cbc18ff4c373df256a6f34b86c3a3180e59604f8486b74c04
work/full-audit/downloads/mega-assets-v1/jam-ready-assets.zip,jam-ready-assets/kenney-ui-pack-pixel-adventure/ui/Tiles/Large tiles/Thick outline/tile_0038.png,image-fully-transparent,Context review: possible texture/font-space/timing/padding; not automatically corruption,37beabe871ded30cbc18ff4c373df256a6f34b86c3a3180e59604f8486b74c04
work/full-audit/downloads/mega-assets-v1/jam-ready-assets.zip,jam-ready-assets/kenney-ui-pack-pixel-adventure/ui/Tiles/Large tiles/Thick outline/tile_0025.png,image-fully-transparent,Context review: possible texture/font-space/timing/padding; not automatically corruption,37beabe871ded30cbc18ff4c373df256a6f34b86c3a3180e59604f8486b74c04
work/full-audit/downloads/mega-assets-v1/jam-ready-assets.zip,jam-ready-assets/kenney-ui-pack-pixel-adventure/ui/Tiles/Large tiles/Thick outline/tile_0011.png,image-fully-transparent,Context review: possible texture/font-space/timing/padding; not automatically corruption,37beabe871ded30cbc18ff4c373df256a6f34b86c3a3180e59604f8486b74c04
work/full-audit/downloads/mega-assets-v1/jam-ready-assets.zip,jam-ready-assets/kenney-ui-pack-pixel-adventure/ui/Tiles/Large tiles/Thick outline/tile_0024.png,image-fully-transparent,Context review: possible texture/font-space/timing/padding; not automatically corruption,37beabe871ded30cbc18ff4c373df256a6f34b86c3a3180e59604f8486b74c04
work/full-audit/downloads/mega-assets-v1/jam-ready-assets.zip,jam-ready-assets/kenney-ui-pack-pixel-adventure/ui/Tiles/Large tiles/Thick outline/tile_0012.png,image-fully-transparent,Context review: possible texture/font-space/timing/padding; not automatically corruption,37beabe871ded30cbc18ff4c373df256a6f34b86c3a3180e59604f8486b74c04
work/full-audit/downloads/mega-assets-v1/jam-ready-assets.zip,jam-ready-assets/kenney-ui-pack-pixel-adventure/ui/Tiles/Large tiles/Thick outline/tile_0023.png,image-fully-transparent,Context review: possible texture/font-space/timing/padding; not automatically corruption,37beabe871ded30cbc18ff4c373df256a6f34b86c3a3180e59604f8486b74c04
work/full-audit/downloads/mega-assets-v1/jam-ready-assets.zip,jam-ready-assets/kenney-ui-pack-pixel-adventure/ui/Tiles/Large tiles/Thin outline/tile_0010.png,image-fully-transparent,Context review: possible texture/font-space/timing/padding; not automatically corruption,37beabe871ded30cbc18ff4c373df256a6f34b86c3a3180e59604f8486b74c04
work/full-audit/downloads/mega-assets-v1/jam-ready-assets.zip,jam-ready-assets/kenney-ui-pack-pixel-adventure/ui/Tiles/Large tiles/Thin outline/tile_0037.png,image-fully-transparent,Context review: possible texture/font-space/timing/padding; not automatically corruption,37beabe871ded30cbc18ff4c373df256a6f34b86c3a3180e59604f8486b74c04
work/full-audit/downloads/mega-assets-v1/jam-ready-assets.zip,jam-ready-assets/kenney-ui-pack-pixel-adventure/ui/Tiles/Large tiles/Thin outline/tile_0036.png,image-fully-transparent,Context review: possible texture/font-space/timing/padding; not automatically corruption,37beabe871ded30cbc18ff4c373df256a6f34b86c3a3180e59604f8486b74c04
work/full-audit/downloads/mega-assets-v1/jam-ready-assets.zip,jam-ready-assets/kenney-ui-pack-pixel-adventure/ui/Tiles/Large tiles/Thin outline/tile_0038.png,image-fully-transparent,Context review: possible texture/font-space/timing/padding; not automatically corruption,37beabe871ded30cbc18ff4c373df256a6f34b86c3a3180e59604f8486b74c04
work/full-audit/downloads/mega-assets-v1/jam-ready-assets.zip,jam-ready-assets/kenney-ui-pack-pixel-adventure/ui/Tiles/Large tiles/Thin outline/tile_0025.png,image-fully-transparent,Context review: possible texture/font-space/timing/padding; not automatically corruption,37beabe871ded30cbc18ff4c373df256a6f34b86c3a3180e59604f8486b74c04
work/full-audit/downloads/mega-assets-v1/jam-ready-assets.zip,jam-ready-assets/kenney-ui-pack-pixel-adventure/ui/Tiles/Large tiles/Thin outline/tile_0011.png,image-fully-transparent,Context review: possible texture/font-space/timing/padding; not automatically corruption,37beabe871ded30cbc18ff4c373df256a6f34b86c3a3180e59604f8486b74c04
work/full-audit/downloads/mega-assets-v1/jam-ready-assets.zip,jam-ready-assets/kenney-ui-pack-pixel-adventure/ui/Tiles/Large tiles/Thin outline/tile_0024.png,image-fully-transparent,Context review: possible texture/font-space/timing/padding; not automatically corruption,37beabe871ded30cbc18ff4c373df256a6f34b86c3a3180e59604f8486b74c04
work/full-audit/downloads/mega-assets-v1/jam-ready-assets.zip,jam-ready-assets/kenney-ui-pack-pixel-adventure/ui/Tiles/Large tiles/Thin outline/tile_0012.png,image-fully-transparent,Context review: possible texture/font-space/timing/padding; not automatically corruption,37beabe871ded30cbc18ff4c373df256a6f34b86c3a3180e59604f8486b74c04
work/full-audit/downloads/mega-assets-v1/jam-ready-assets.zip,jam-ready-assets/kenney-ui-pack-pixel-adventure/ui/Tiles/Large tiles/Thin outline/tile_0023.png,image-fully-transparent,Context review: possible texture/font-space/timing/padding; not automatically corruption,37beabe871ded30cbc18ff4c373df256a6f34b86c3a3180e59604f8486b74c04
work/full-audit/downloads/mega-assets-v1/jam-ready-assets.zip,jam-ready-assets/kenney-pixel-platformer-blocks/2D/platformer/Tiles/Rock/tile_0037.png,image-uniform,Context review: possible texture/font-space/timing/padding; not automatically corruption,3b5d80d1df0edeadb95da2a95a7a74f17bbc9f09e0c6838f763366c6d086c25e
work/full-audit/downloads/mega-assets-v1/jam-ready-assets.zip,jam-ready-assets/kenney-pixel-platformer-blocks/2D/platformer/Tiles/Stone/tile_0037.png,image-uniform,Context review: possible texture/font-space/timing/padding; not automatically corruption,70251180801c145040e2ea766fd613841b60e7d77ca65d37cd8dc08febaa8234
work/full-audit/downloads/mega-assets-v1/jam-ready-assets.zip,jam-ready-assets/kenney-pixel-platformer-blocks/2D/platformer/Tiles/Sand/tile_0037.png,image-uniform,Context review: possible texture/font-space/timing/padding; not automatically corruption,6dedd66dbf2a8f11f8406af031c0007f7b2d270d4732e36992dfed46dd1c8c2b
work/full-audit/downloads/mega-assets-v1/jam-ready-assets.zip,jam-ready-assets/kenney-pixel-platformer-blocks/2D/platformer/Tiles/Marble/tile_0037.png,image-uniform,Context review: possible texture/font-space/timing/padding; not automatically corruption,ff1610e5760ce2d8c87e1bdd5aa56a54dc661f7bae722e92ffe1667fb48a4012
work/full-audit/downloads/mega-assets-v1/jam-ready-assets.zip,jam-ready-assets/pirate-bomb/2D/platformer/Sprites/8-Tile-Sets/Variations/5.png,image-uniform,Context review: possible texture/font-space/timing/padding; not automatically corruption,0266f10b371dffc2b36ead18a0af1a0ab3e42e81c45f2839744d1dd1a09ed0f7
work/full-audit/downloads/mega-assets-v1/jam-ready-assets.zip,jam-ready-assets/pirate-bomb/2D/platformer/Sprites/8-Tile-Sets/Variations/1.png,image-uniform,Context review: possible texture/font-space/timing/padding; not automatically corruption,1d561d46294c2c70fbd66440dd35cf8514ace91e326f9f52db2374d6724eb194
work/full-audit/downloads/mega-assets-v1/jam-ready-assets.zip,jam-ready-assets/kenney-cursor-pixel-pack/ui/Tiles/tile_0116.png,image-fully-transparent,Context review: possible texture/font-space/timing/padding; not automatically corruption,7055b76c0befa453a4d10e8e0be54f47b4d29e99fe8b72084ceb14b7e29ae51c
work/full-audit/downloads/mega-assets-v1/jam-ready-assets.zip,jam-ready-assets/kenney-cursor-pixel-pack/ui/Tiles/tile_0208.png,image-fully-transparent,Context review: possible texture/font-space/timing/padding; not automatically corruption,7055b76c0befa453a4d10e8e0be54f47b4d29e99fe8b72084ceb14b7e29ae51c
work/full-audit/downloads/mega-assets-v1/jam-ready-assets.zip,jam-ready-assets/kenney-cursor-pixel-pack/ui/Tiles/tile_0112.png,image-fully-transparent,Context review: possible texture/font-space/timing/padding; not automatically corruption,7055b76c0befa453a4d10e8e0be54f47b4d29e99fe8b72084ceb14b7e29ae51c
work/full-audit/downloads/mega-assets-v1/jam-ready-assets.zip,jam-ready-assets/kenney-cursor-pixel-pack/ui/Tiles/tile_0188.png,image-fully-transparent,Context review: possible texture/font-space/timing/padding; not automatically corruption,7055b76c0befa453a4d10e8e0be54f47b4d29e99fe8b72084ceb14b7e29ae51c
work/full-audit/downloads/mega-assets-v1/jam-ready-assets.zip,jam-ready-assets/kenney-cursor-pixel-pack/ui/Tiles/tile_0113.png,image-fully-transparent,Context review: possible texture/font-space/timing/padding; not automatically corruption,7055b76c0befa453a4d10e8e0be54f47b4d29e99fe8b72084ceb14b7e29ae51c
work/full-audit/downloads/mega-assets-v1/jam-ready-assets.zip,jam-ready-assets/kenney-cursor-pixel-pack/ui/Tiles/tile_0170.png,image-fully-transparent,Context review: possible texture/font-space/timing/padding; not automatically corruption,7055b76c0befa453a4d10e8e0be54f47b4d29e99fe8b72084ceb14b7e29ae51c
work/full-audit/downloads/mega-assets-v1/jam-ready-assets.zip,jam-ready-assets/kenney-cursor-pixel-pack/ui/Tiles/tile_0214.png,image-fully-transparent,Context review: possible texture/font-space/timing/padding; not automatically corruption,7055b76c0befa453a4d10e8e0be54f47b4d29e99fe8b72084ceb14b7e29ae51c
work/full-audit/downloads/mega-assets-v1/jam-ready-assets.zip,jam-ready-assets/kenney-cursor-pixel-pack/ui/Tiles/tile_0171.png,image-fully-transparent,Context review: possible texture/font-space/timing/padding; not automatically corruption,7055b76c0befa453a4d10e8e0be54f47b4d29e99fe8b72084ceb14b7e29ae51c
work/full-audit/downloads/mega-assets-v1/jam-ready-assets.zip,jam-ready-assets/kenney-cursor-pixel-pack/ui/Tiles/tile_0104.png,image-fully-transparent,Context review: possible texture/font-space/timing/padding; not automatically corruption,7055b76c0befa453a4d10e8e0be54f47b4d29e99fe8b72084ceb14b7e29ae51c
work/full-audit/downloads/mega-assets-v1/jam-ready-assets.zip,jam-ready-assets/kenney-cursor-pixel-pack/ui/Tiles/tile_0101.png,image-fully-transparent,Context review: possible texture/font-space/timing/padding; not automatically corruption,7055b76c0befa453a4d10e8e0be54f47b4d29e99fe8b72084ceb14b7e29ae51c
work/full-audit/downloads/mega-assets-v1/jam-ready-assets.zip,jam-ready-assets/kenney-cursor-pixel-pack/ui/Tiles/tile_0174.png,image-fully-transparent,Context review: possible texture/font-space/timing/padding; not automatically corruption,7055b76c0befa453a4d10e8e0be54f47b4d29e99fe8b72084ceb14b7e29ae51c
work/full-audit/downloads/mega-assets-v1/jam-ready-assets.zip,jam-ready-assets/kenney-cursor-pixel-pack/ui/Tiles/tile_0079.png,image-fully-transparent,Context review: possible texture/font-space/timing/padding; not automatically corruption,7055b76c0befa453a4d10e8e0be54f47b4d29e99fe8b72084ceb14b7e29ae51c
work/full-audit/downloads/mega-assets-v1/jam-ready-assets.zip,jam-ready-assets/kenney-cursor-pixel-pack/ui/Tiles/tile_0197.png,image-fully-transparent,Context review: possible texture/font-space/timing/padding; not automatically corruption,7055b76c0befa453a4d10e8e0be54f47b4d29e99fe8b72084ceb14b7e29ae51c
work/full-audit/downloads/mega-assets-v1/jam-ready-assets.zip,jam-ready-assets/kenney-cursor-pixel-pack/ui/Tiles/tile_0144.png,image-fully-transparent,Context review: possible texture/font-space/timing/padding; not automatically corruption,7055b76c0befa453a4d10e8e0be54f47b4d29e99fe8b72084ceb14b7e29ae51c
work/full-audit/downloads/mega-assets-v1/jam-ready-assets.zip,jam-ready-assets/kenney-cursor-pixel-pack/ui/Tiles/tile_0119.png,image-fully-transparent,Context review: possible texture/font-space/timing/padding; not automatically corruption,7055b76c0befa453a4d10e8e0be54f47b4d29e99fe8b72084ceb14b7e29ae51c
work/full-audit/downloads/mega-assets-v1/jam-ready-assets.zip,jam-ready-assets/kenney-cursor-pixel-pack/ui/Tiles/tile_0215.png,image-fully-transparent,Context review: possible texture/font-space/timing/padding; not automatically corruption,7055b76c0befa453a4d10e8e0be54f47b4d29e99fe8b72084ceb14b7e29ae51c
work/full-audit/downloads/mega-assets-v1/jam-ready-assets.zip,jam-ready-assets/kenney-cursor-pixel-pack/ui/Tiles/tile_0103.png,image-fully-transparent,Context review: possible texture/font-space/timing/padding; not automatically corruption,7055b76c0befa453a4d10e8e0be54f47b4d29e99fe8b72084ceb14b7e29ae51c
work/full-audit/downloads/mega-assets-v1/jam-ready-assets.zip,jam-ready-assets/kenney-cursor-pixel-pack/ui/Tiles/tile_0115.png,image-fully-transparent,Context review: possible texture/font-space/timing/padding; not automatically corruption,7055b76c0befa453a4d10e8e0be54f47b4d29e99fe8b72084ceb14b7e29ae51c
work/full-audit/downloads/mega-assets-v1/jam-ready-assets.zip,jam-ready-assets/kenney-cursor-pixel-pack/ui/Tiles/tile_0217.png,image-fully-transparent,Context review: possible texture/font-space/timing/padding; not automatically corruption,7055b76c0befa453a4d10e8e0be54f47b4d29e99fe8b72084ceb14b7e29ae51c
work/full-audit/downloads/mega-assets-v1/jam-ready-assets.zip,jam-ready-assets/kenney-cursor-pixel-pack/ui/Tiles/tile_0169.png,image-fully-transparent,Context review: possible texture/font-space/timing/padding; not automatically corruption,7055b76c0befa453a4d10e8e0be54f47b4d29e99fe8b72084ceb14b7e29ae51c
work/full-audit/downloads/mega-assets-v1/jam-ready-assets.zip,jam-ready-assets/kenney-cursor-pixel-pack/ui/Tiles/tile_0100.png,image-fully-transparent,Context review: possible texture/font-space/timing/padding; not automatically corruption,7055b76c0befa453a4d10e8e0be54f47b4d29e99fe8b72084ceb14b7e29ae51c
work/full-audit/downloads/mega-assets-v1/jam-ready-assets.zip,jam-ready-assets/kenney-cursor-pixel-pack/ui/Tiles/tile_0117.png,image-fully-transparent,Context review: possible texture/font-space/timing/padding; not automatically corruption,7055b76c0befa453a4d10e8e0be54f47b4d29e99fe8b72084ceb14b7e29ae51c
work/full-audit/downloads/mega-assets-v1/jam-ready-assets.zip,jam-ready-assets/kenney-cursor-pixel-pack/ui/Tiles/tile_0125.png,image-fully-transparent,Context review: possible texture/font-space/timing/padding; not automatically corruption,7055b76c0befa453a4d10e8e0be54f47b4d29e99fe8b72084ceb14b7e29ae51c
work/full-audit/downloads/mega-assets-v1/jam-ready-assets.zip,jam-ready-assets/kenney-cursor-pixel-pack/ui/Tiles/tile_0099.png,image-fully-transparent,Context review: possible texture/font-space/timing/padding; not automatically corruption,7055b76c0befa453a4d10e8e0be54f47b4d29e99fe8b72084ceb14b7e29ae51c
work/full-audit/downloads/mega-assets-v1/jam-ready-assets.zip,jam-ready-assets/kenney-cursor-pixel-pack/ui/Tiles/tile_0114.png,image-fully-transparent,Context review: possible texture/font-space/timing/padding; not automatically corruption,7055b76c0befa453a4d10e8e0be54f47b4d29e99fe8b72084ceb14b7e29ae51c
work/full-audit/downloads/mega-assets-v1/jam-ready-assets.zip,jam-ready-assets/kenney-cursor-pixel-pack/ui/Tiles/tile_0218.png,image-fully-transparent,Context review: possible texture/font-space/timing/padding; not automatically corruption,7055b76c0befa453a4d10e8e0be54f47b4d29e99fe8b72084ceb14b7e29ae51c
work/full-audit/downloads/mega-assets-v1/jam-ready-assets.zip,jam-ready-assets/kenney-cursor-pixel-pack/ui/Tiles/tile_0216.png,image-fully-transparent,Context review: possible texture/font-space/timing/padding; not automatically corruption,7055b76c0befa453a4d10e8e0be54f47b4d29e99fe8b72084ceb14b7e29ae51c
work/full-audit/downloads/mega-assets-v1/jam-ready-assets.zip,jam-ready-assets/kenney-cursor-pixel-pack/ui/Tiles/tile_0173.png,image-fully-transparent,Context review: possible texture/font-space/timing/padding; not automatically corruption,7055b76c0befa453a4d10e8e0be54f47b4d29e99fe8b72084ceb14b7e29ae51c
work/full-audit/downloads/mega-assets-v1/jam-ready-assets.zip,jam-ready-assets/kenney-cursor-pixel-pack/ui/Tiles/tile_0213.png,image-fully-transparent,Context review: possible texture/font-space/timing/padding; not automatically corruption,7055b76c0befa453a4d10e8e0be54f47b4d29e99fe8b72084ceb14b7e29ae51c
work/full-audit/downloads/mega-assets-v1/jam-ready-assets.zip,jam-ready-assets/kenney-cursor-pixel-pack/ui/Tiles/tile_0207.png,image-fully-transparent,Context review: possible texture/font-space/timing/padding; not automatically corruption,7055b76c0befa453a4d10e8e0be54f47b4d29e99fe8b72084ceb14b7e29ae51c
work/full-audit/downloads/mega-assets-v1/jam-ready-assets.zip,jam-ready-assets/kenney-cursor-pixel-pack/ui/Tiles/tile_0172.png,image-fully-transparent,Context review: possible texture/font-space/timing/padding; not automatically corruption,7055b76c0befa453a4d10e8e0be54f47b4d29e99fe8b72084ceb14b7e29ae51c
work/full-audit/downloads/mega-assets-v1/jam-ready-assets.zip,jam-ready-assets/kenney-cursor-pixel-pack/ui/Tiles/tile_0059.png,image-fully-transparent,Context review: possible texture/font-space/timing/padding; not automatically corruption,7055b76c0befa453a4d10e8e0be54f47b4d29e99fe8b72084ceb14b7e29ae51c
work/full-audit/downloads/mega-assets-v1/jam-ready-assets.zip,jam-ready-assets/kenney-cursor-pixel-pack/ui/Tiles/tile_0105.png,image-fully-transparent,Context review: possible texture/font-space/timing/padding; not automatically corruption,7055b76c0befa453a4d10e8e0be54f47b4d29e99fe8b72084ceb14b7e29ae51c
work/full-audit/downloads/mega-assets-v1/jam-ready-assets.zip,jam-ready-assets/kenney-cursor-pixel-pack/ui/Tiles/tile_0145.png,image-fully-transparent,Context review: possible texture/font-space/timing/padding; not automatically corruption,7055b76c0befa453a4d10e8e0be54f47b4d29e99fe8b72084ceb14b7e29ae51c
work/full-audit/downloads/mega-assets-v1/jam-ready-assets.zip,jam-ready-assets/kenney-cursor-pixel-pack/ui/Tiles/tile_0219.png,image-fully-transparent,Context review: possible texture/font-space/timing/padding; not automatically corruption,7055b76c0befa453a4d10e8e0be54f47b4d29e99fe8b72084ceb14b7e29ae51c
work/full-audit/downloads/mega-assets-v1/jam-ready-assets.zip,jam-ready-assets/kenney-cursor-pixel-pack/ui/Tiles/tile_0118.png,image-fully-transparent,Context review: possible texture/font-space/timing/padding; not automatically corruption,7055b76c0befa453a4d10e8e0be54f47b4d29e99fe8b72084ceb14b7e29ae51c
work/full-audit/downloads/mega-assets-v1/jam-ready-assets.zip,jam-ready-assets/kenney-cursor-pixel-pack/ui/Tiles/tile_0187.png,image-fully-transparent,Context review: possible texture/font-space/timing/padding; not automatically corruption,7055b76c0befa453a4d10e8e0be54f47b4d29e99fe8b72084ceb14b7e29ae51c
work/full-audit/downloads/mega-assets-v1/jam-ready-assets.zip,jam-ready-assets/kenney-cursor-pixel-pack/ui/Tiles/tile_0102.png,image-fully-transparent,Context review: possible texture/font-space/timing/padding; not automatically corruption,7055b76c0befa453a4d10e8e0be54f47b4d29e99fe8b72084ceb14b7e29ae51c
work/full-audit/downloads/mega-assets-v1/jam-ready-assets.zip,jam-ready-assets/kenney-pico-8-platformer/2D/platformer/Default/Tiles/tile_0002.png,image-uniform,Context review: possible texture/font-space/timing/padding; not automatically corruption,28746a85ab9b446c18aa71cebf0ae3bbfdec0552baafe8f4d52826fbb9679e72
work/full-audit/downloads/mega-assets-v1/jam-ready-assets.zip,jam-ready-assets/kenney-pico-8-platformer/2D/platformer/Default/Tiles/tile_0000.png,image-uniform,Context review: possible texture/font-space/timing/padding; not automatically corruption,c5b2f055da656afd2629c6a9b05f24cb9467643a04c04416282076d8de12b2b9
work/full-audit/downloads/mega-assets-v1/jam-ready-assets.zip,jam-ready-assets/kenney-pico-8-platformer/2D/platformer/Default/Tiles/tile_0019.png,image-uniform,Context review: possible texture/font-space/timing/padding; not automatically corruption,95dba9d0ede995a192a407481478147c668516aee85642f412e5c40581807ebd
work/full-audit/downloads/mega-assets-v1/jam-ready-assets.zip,jam-ready-assets/kenney-pico-8-platformer/2D/platformer/Default/Tiles/tile_0026.png,image-uniform,Context review: possible texture/font-space/timing/padding; not automatically corruption,aaa0d3442e7c9d466e393e78688d1a4f935b503ba7ed32cfd86c32ac6d5c92b6
work/full-audit/downloads/mega-assets-v1/jam-ready-assets.zip,jam-ready-assets/kenney-pico-8-platformer/2D/platformer/Transparent/Tiles/tile_0002.png,image-uniform,Context review: possible texture/font-space/timing/padding; not automatically corruption,28746a85ab9b446c18aa71cebf0ae3bbfdec0552baafe8f4d52826fbb9679e72
work/full-audit/downloads/mega-assets-v1/jam-ready-assets.zip,jam-ready-assets/kenney-pico-8-platformer/2D/platformer/Transparent/Tiles/tile_0000.png,image-fully-transparent,Context review: possible texture/font-space/timing/padding; not automatically corruption,bf89207f958f31207b4876a2e4ce7be0aa3f5c6aeccd0ffe6c97fdfb471bf579
work/full-audit/downloads/mega-assets-v1/jam-ready-assets.zip,jam-ready-assets/kenney-pico-8-platformer/2D/platformer/Transparent/Tiles/tile_0019.png,image-uniform,Context review: possible texture/font-space/timing/padding; not automatically corruption,95dba9d0ede995a192a407481478147c668516aee85642f412e5c40581807ebd
work/full-audit/downloads/mega-assets-v1/jam-ready-assets.zip,jam-ready-assets/kenney-pico-8-platformer/2D/platformer/Transparent/Tiles/tile_0026.png,image-uniform,Context review: possible texture/font-space/timing/padding; not automatically corruption,aaa0d3442e7c9d466e393e78688d1a4f935b503ba7ed32cfd86c32ac6d5c92b6
work/full-audit/downloads/mega-assets-v1/jam-ready-assets.zip,jam-ready-assets/kenney-platformer-assets-holiday/2D/platformer/PNG/xmasTree_22.png,image-uniform,Context review: possible texture/font-space/timing/padding; not automatically corruption,b4b83b159a7c53c7ae822e82de6a5ebfeab6a2f95edd2c0eca5b37b676db2587
work/full-audit/downloads/mega-assets-v1/jam-ready-assets.zip,jam-ready-assets/kenney-platformer-assets-holiday/2D/platformer/PNG/xmasTree_07.png,image-uniform,Context review: possible texture/font-space/timing/padding; not automatically corruption,b4b83b159a7c53c7ae822e82de6a5ebfeab6a2f95edd2c0eca5b37b676db2587
work/full-audit/downloads/mega-assets-v1/jam-ready-assets.zip,jam-ready-assets/kenney-platformer-assets-holiday/2D/platformer/PNG/xmasTree_02.png,image-uniform,Context review: possible texture/font-space/timing/padding; not automatically corruption,b4b83b159a7c53c7ae822e82de6a5ebfeab6a2f95edd2c0eca5b37b676db2587
work/full-audit/downloads/mega-assets-v1/jam-ready-assets.zip,jam-ready-assets/kenney-platformer-assets-holiday/2D/platformer/PNG/xmasTree_32.png,image-uniform,Context review: possible texture/font-space/timing/padding; not automatically corruption,b4b83b159a7c53c7ae822e82de6a5ebfeab6a2f95edd2c0eca5b37b676db2587
work/full-audit/downloads/mega-assets-v1/jam-ready-assets.zip,jam-ready-assets/kenney-platformer-assets-holiday/2D/platformer/PNG/xmasTree_17.png,image-uniform,Context review: possible texture/font-space/timing/padding; not automatically corruption,b4b83b159a7c53c7ae822e82de6a5ebfeab6a2f95edd2c0eca5b37b676db2587
work/full-audit/downloads/mega-assets-v1/jam-ready-assets.zip,jam-ready-assets/kenney-roguelike-city-pack/2D/top-down-rpg/Tiles/tile_0006.png,image-uniform,Context review: possible texture/font-space/timing/padding; not automatically corruption,a46522c9230d2c6741177447f4de8b5a8f50ff063e157836f9b7bd4303f42697
work/full-audit/downloads/mega-assets-v1/jam-ready-assets.zip,jam-ready-assets/kenney-roguelike-city-pack/2D/top-down-rpg/Tiles/tile_0022.png,image-uniform,Context review: possible texture/font-space/timing/padding; not automatically corruption,27d21b8f2ad9f15e1e1ac0e7dd3e1784b8a51117070f183be2adc92c78c8ee3d
work/full-audit/downloads/mega-assets-v1/jam-ready-assets.zip,jam-ready-assets/kenney-roguelike-city-pack/2D/top-down-rpg/Tiles/tile_0030.png,image-uniform,Context review: possible texture/font-space/timing/padding; not automatically corruption,dc019ff31ae3c4e8a521135dceee96c271692870787cfb4b945b841172e77830
work/full-audit/downloads/mega-assets-v1/jam-ready-assets.zip,jam-ready-assets/kenney-roguelike-city-pack/2D/top-down-rpg/Tiles/tile_0014.png,image-uniform,Context review: possible texture/font-space/timing/padding; not automatically corruption,a14db732f04be9eed97ca873dcc73a7dc28d2fe72b2f067b9c6eb1200933aec5
work/full-audit/downloads/mega-assets-v1/jam-ready-assets.zip,jam-ready-assets/kenney-platformer-assets-buildings/2D/platformer/PNG/houseGray.png,image-uniform,Context review: possible texture/font-space/timing/padding; not automatically corruption,29db83a6974aeae4190d516402639cb2b887cb1cc67d33e45d0b2736d3db2537
work/full-audit/downloads/mega-assets-v1/jam-ready-assets.zip,jam-ready-assets/kenney-platformer-assets-buildings/2D/platformer/PNG/houseBeige.png,image-uniform,Context review: possible texture/font-space/timing/padding; not automatically corruption,aae7d3336b2b8694e29787ac7a82a87e02a314a3f7c3aa5241f606dcf51948d8
work/full-audit/downloads/mega-assets-v1/jam-ready-assets.zip,jam-ready-assets/kenney-platformer-assets-buildings/2D/platformer/PNG/houseDark.png,image-uniform,Context review: possible texture/font-space/timing/padding; not automatically corruption,f8568b98b497b1488bfdfd9308e9b08b609c7fee9dde504e4a63d9be0fd3cd20
work/full-audit/downloads/mega-assets-v1/jam-ready-assets.zip,jam-ready-assets/16x16-outdoors-tileset/2D/top-down-rpg/Outdoors_22.png,image-uniform,Context review: possible texture/font-space/timing/padding; not automatically corruption,1e2ec8d7aa2feef7d3b2d7c8257f35896242cddf091d43b41c39d38c83c675cb
work/full-audit/downloads/mega-assets-v1/jam-ready-assets.zip,jam-ready-assets/16x16-outdoors-tileset/2D/top-down-rpg/Outdoors_04.png,image-uniform,Context review: possible texture/font-space/timing/padding; not automatically corruption,696f1c27cb7cffaeec4a944ed173c844f8deb149df68af352d19001472f42f86
work/full-audit/downloads/mega-assets-v1/jam-ready-assets.zip,jam-ready-assets/16x16-outdoors-tileset/2D/top-down-rpg/Outdoors_40.png,image-uniform,Context review: possible texture/font-space/timing/padding; not automatically corruption,57cebe7433704ad2e25e651f3c514b4259b69b7bc7c3628335f866a60b22df0e
work/full-audit/downloads/mega-assets-v1/jam-ready-assets.zip::jam-ready-assets/kenney-racing-kit/3D/vehicles-racing/sprites_side.zip,grass.png,image-fully-transparent,Context review: possible texture/font-space/timing/padding; not automatically corruption,d4252c03b4361d001984d0386fdaef41bb6644b485269b734264bddd4a3c5c20
work/full-audit/downloads/mega-assets-v1/jam-ready-assets.zip::jam-ready-assets/kenney-racing-kit/3D/vehicles-racing/sprites_side.zip,roadCornerLargerSand.png,image-fully-transparent,Context review: possible texture/font-space/timing/padding; not automatically corruption,d4252c03b4361d001984d0386fdaef41bb6644b485269b734264bddd4a3c5c20
work/full-audit/downloads/mega-assets-v1/jam-ready-assets.zip::jam-ready-assets/kenney-racing-kit/3D/vehicles-racing/sprites_side.zip,roadCornerLargerSandInner.png,image-fully-transparent,Context review: possible texture/font-space/timing/padding; not automatically corruption,d4252c03b4361d001984d0386fdaef41bb6644b485269b734264bddd4a3c5c20
work/full-audit/downloads/mega-assets-v1/jam-ready-assets.zip::jam-ready-assets/kenney-racing-kit/3D/vehicles-racing/sprites_side.zip,roadCornerLargeSand.png,image-fully-transparent,Context review: possible texture/font-space/timing/padding; not automatically corruption,d4252c03b4361d001984d0386fdaef41bb6644b485269b734264bddd4a3c5c20
work/full-audit/downloads/mega-assets-v1/jam-ready-assets.zip::jam-ready-assets/kenney-racing-kit/3D/vehicles-racing/sprites_side.zip,roadCornerLargeSandInner.png,image-fully-transparent,Context review: possible texture/font-space/timing/padding; not automatically corruption,d4252c03b4361d001984d0386fdaef41bb6644b485269b734264bddd4a3c5c20
work/full-audit/downloads/mega-assets-v1/jam-ready-assets.zip::jam-ready-assets/kenney-racing-kit/3D/vehicles-racing/sprites_side.zip,roadCornerSmallSand.png,image-fully-transparent,Context review: possible texture/font-space/timing/padding; not automatically corruption,d4252c03b4361d001984d0386fdaef41bb6644b485269b734264bddd4a3c5c20
work/full-audit/downloads/mega-assets-v1/jam-ready-assets.zip,jam-ready-assets/grafxkid-seasonal-tilesets/2D/platformer/1 - Grassland/Background parts/5 - Sky_color.png,image-uniform,Context review: possible texture/font-space/timing/padding; not automatically corruption,4bd242442338033013b1a32d44e2b7d7534ea0b38ba1be3fa7de94e98ddd92b3
work/full-audit/downloads/mega-assets-v1/jam-ready-assets.zip,jam-ready-assets/grafxkid-seasonal-tilesets/2D/platformer/3 - Tropics/Background parts/5 - Sky_color.png,image-uniform,Context review: possible texture/font-space/timing/padding; not automatically corruption,1cac085f0ce2a84862e0be812e0d2b2d11cbe723a8fb5a2f7089d3dba826834c
work/full-audit/downloads/mega-assets-v1/jam-ready-assets.zip,jam-ready-assets/kenney-tiny-town/2D/top-down-rpg/Tiles/tile_0025.png,image-uniform,Context review: possible texture/font-space/timing/padding; not automatically corruption,63519065228f5f8af6200d979fa54cd7f00650034ceea10a1609203a34b3ff9b
work/full-audit/downloads/mega-assets-v1/jam-ready-assets.zip,jam-ready-assets/kenney-tiny-town/2D/top-down-rpg/Tiles/tile_0000.png,image-uniform,Context review: possible texture/font-space/timing/padding; not automatically corruption,d4c692ef80ee97b3395b885ae07020d42a106683ff3650df240f8e972bd5a041
work/full-audit/downloads/mega-assets-v1/jam-ready-assets.zip,jam-ready-assets/kenney-tiny-town/2D/top-down-rpg/Tiles/tile_0109.png,image-uniform,Context review: possible texture/font-space/timing/padding; not automatically corruption,d1ff475a1ad0d4fd5d2c2a8b1fe3b96657d10f9c5b87d204138f1d7a58ac9d04
work/full-audit/downloads/mega-assets-v1/jam-ready-assets.zip,jam-ready-assets/kenney-platformer-pack-medieval/2D/platformer/PNG/medievalTile_179.png,image-uniform,Context review: possible texture/font-space/timing/padding; not automatically corruption,150ae7b0ddfdac289bcc96e6a37fc5509e717b3d9c3bb8783582ba38b733732e
work/full-audit/downloads/mega-assets-v1/jam-ready-assets.zip,jam-ready-assets/kenney-platformer-pack-medieval/2D/platformer/PNG/medievalTile_176.png,image-uniform,Context review: possible texture/font-space/timing/padding; not automatically corruption,150ae7b0ddfdac289bcc96e6a37fc5509e717b3d9c3bb8783582ba38b733732e
work/full-audit/downloads/mega-assets-v1/jam-ready-assets.zip,jam-ready-assets/kenney-tower-defense/2D/tower-defense/PNG/Retina/towerDefense_tile188.png,image-uniform,Context review: possible texture/font-space/timing/padding; not automatically corruption,9dce89de330aafe5c40347e1dfc75cc9da7667839cc51a7d84074bd789a4ea9e
work/full-audit/downloads/mega-assets-v1/jam-ready-assets.zip,jam-ready-assets/kenney-tower-defense/2D/tower-defense/PNG/Retina/towerDefense_tile198.png,image-uniform,Context review: possible texture/font-space/timing/padding; not automatically corruption,9dce89de330aafe5c40347e1dfc75cc9da7667839cc51a7d84074bd789a4ea9e
work/full-audit/downloads/mega-assets-v1/jam-ready-assets.zip,jam-ready-assets/kenney-tower-defense/2D/tower-defense/PNG/Retina/towerDefense_tile124.png,image-uniform,Context review: possible texture/font-space/timing/padding; not automatically corruption,b206fc4d3311a03aa12dc77026c98013cbd440fdb0ebef1503a39f3665607b32
work/full-audit/downloads/mega-assets-v1/jam-ready-assets.zip,jam-ready-assets/kenney-tower-defense/2D/tower-defense/PNG/Retina/towerDefense_tile055.png,image-uniform,Context review: possible texture/font-space/timing/padding; not automatically corruption,ec1019593c97b802447a5c3cbbff2ba8f8d713c89bd2b359c1c34f787a11f84e
work/full-audit/downloads/mega-assets-v1/jam-ready-assets.zip,jam-ready-assets/kenney-tower-defense/2D/tower-defense/PNG/Retina/towerDefense_tile262.png,image-uniform,Context review: possible texture/font-space/timing/padding; not automatically corruption,0226485e4585c1e0527a5ed0b9347c4cf28d99db845b7f05273b9cb9434dcf4f
work/full-audit/downloads/mega-assets-v1/jam-ready-assets.zip,jam-ready-assets/kenney-tower-defense/2D/tower-defense/PNG/Retina/towerDefense_tile050.png,image-uniform,Context review: possible texture/font-space/timing/padding; not automatically corruption,ec1019593c97b802447a5c3cbbff2ba8f8d713c89bd2b359c1c34f787a11f84e
work/full-audit/downloads/mega-assets-v1/jam-ready-assets.zip,jam-ready-assets/kenney-tower-defense/2D/tower-defense/PNG/Retina/towerDefense_tile267.png,image-uniform,Context review: possible texture/font-space/timing/padding; not automatically corruption,0226485e4585c1e0527a5ed0b9347c4cf28d99db845b7f05273b9cb9434dcf4f
work/full-audit/downloads/mega-assets-v1/jam-ready-assets.zip,jam-ready-assets/kenney-tower-defense/2D/tower-defense/PNG/Retina/towerDefense_tile119.png,image-uniform,Context review: possible texture/font-space/timing/padding; not automatically corruption,b206fc4d3311a03aa12dc77026c98013cbd440fdb0ebef1503a39f3665607b32
work/full-audit/downloads/mega-assets-v1/jam-ready-assets.zip,jam-ready-assets/kenney-tower-defense/2D/tower-defense/PNG/Retina/towerDefense_tile129.png,image-uniform,Context review: possible texture/font-space/timing/padding; not automatically corruption,b206fc4d3311a03aa12dc77026c98013cbd440fdb0ebef1503a39f3665607b32
work/full-audit/downloads/mega-assets-v1/jam-ready-assets.zip,jam-ready-assets/kenney-tower-defense/2D/tower-defense/PNG/Retina/towerDefense_tile060.png,image-uniform,Context review: possible texture/font-space/timing/padding; not automatically corruption,ec1019593c97b802447a5c3cbbff2ba8f8d713c89bd2b359c1c34f787a11f84e
work/full-audit/downloads/mega-assets-v1/jam-ready-assets.zip,jam-ready-assets/kenney-tower-defense/2D/tower-defense/PNG/Retina/towerDefense_tile193.png,image-uniform,Context review: possible texture/font-space/timing/padding; not automatically corruption,9dce89de330aafe5c40347e1dfc75cc9da7667839cc51a7d84074bd789a4ea9e
work/full-audit/downloads/mega-assets-v1/jam-ready-assets.zip,jam-ready-assets/kenney-tower-defense/2D/tower-defense/PNG/Retina/towerDefense_tile257.png,image-uniform,Context review: possible texture/font-space/timing/padding; not automatically corruption,0226485e4585c1e0527a5ed0b9347c4cf28d99db845b7f05273b9cb9434dcf4f
work/full-audit/downloads/mega-assets-v1/jam-ready-assets.zip,jam-ready-assets/kenney-tower-defense/2D/tower-defense/PNG/Default size/towerDefense_tile188.png,image-uniform,Context review: possible texture/font-space/timing/padding; not automatically corruption,b347aa689d4c8c68f92de5b0f5254523736c218b59118bdcc6d3a111b1cfd81d
work/full-audit/downloads/mega-assets-v1/jam-ready-assets.zip,jam-ready-assets/kenney-tower-defense/2D/tower-defense/PNG/Default size/towerDefense_tile198.png,image-uniform,Context review: possible texture/font-space/timing/padding; not automatically corruption,b347aa689d4c8c68f92de5b0f5254523736c218b59118bdcc6d3a111b1cfd81d
work/full-audit/downloads/mega-assets-v1/jam-ready-assets.zip,jam-ready-assets/kenney-tower-defense/2D/tower-defense/PNG/Default size/towerDefense_tile124.png,image-uniform,Context review: possible texture/font-space/timing/padding; not automatically corruption,6f03b3dba2c5139328b44e08cbe1ce69031a2db22546a59ef1829624be5718b7
work/full-audit/downloads/mega-assets-v1/jam-ready-assets.zip,jam-ready-assets/kenney-tower-defense/2D/tower-defense/PNG/Default size/towerDefense_tile055.png,image-uniform,Context review: possible texture/font-space/timing/padding; not automatically corruption,276cb2fcac4ecb462c81a950cc1bf37186c67fce98f46488b139c07aeb55c20f
work/full-audit/downloads/mega-assets-v1/jam-ready-assets.zip,jam-ready-assets/kenney-tower-defense/2D/tower-defense/PNG/Default size/towerDefense_tile262.png,image-uniform,Context review: possible texture/font-space/timing/padding; not automatically corruption,7dcca51c3e0fcf7e49f9b8f5a4a038801d7645af35e364b2eea83338e7397a93
work/full-audit/downloads/mega-assets-v1/jam-ready-assets.zip,jam-ready-assets/kenney-tower-defense/2D/tower-defense/PNG/Default size/towerDefense_tile050.png,image-uniform,Context review: possible texture/font-space/timing/padding; not automatically corruption,276cb2fcac4ecb462c81a950cc1bf37186c67fce98f46488b139c07aeb55c20f
work/full-audit/downloads/mega-assets-v1/jam-ready-assets.zip,jam-ready-assets/kenney-tower-defense/2D/tower-defense/PNG/Default size/towerDefense_tile267.png,image-uniform,Context review: possible texture/font-space/timing/padding; not automatically corruption,7dcca51c3e0fcf7e49f9b8f5a4a038801d7645af35e364b2eea83338e7397a93
work/full-audit/downloads/mega-assets-v1/jam-ready-assets.zip,jam-ready-assets/kenney-tower-defense/2D/tower-defense/PNG/Default size/towerDefense_tile119.png,image-uniform,Context review: possible texture/font-space/timing/padding; not automatically corruption,6f03b3dba2c5139328b44e08cbe1ce69031a2db22546a59ef1829624be5718b7
work/full-audit/downloads/mega-assets-v1/jam-ready-assets.zip,jam-ready-assets/kenney-tower-defense/2D/tower-defense/PNG/Default size/towerDefense_tile129.png,image-uniform,Context review: possible texture/font-space/timing/padding; not automatically corruption,6f03b3dba2c5139328b44e08cbe1ce69031a2db22546a59ef1829624be5718b7
work/full-audit/downloads/mega-assets-v1/jam-ready-assets.zip,jam-ready-assets/kenney-tower-defense/2D/tower-defense/PNG/Default size/towerDefense_tile060.png,image-uniform,Context review: possible texture/font-space/timing/padding; not automatically corruption,276cb2fcac4ecb462c81a950cc1bf37186c67fce98f46488b139c07aeb55c20f
work/full-audit/downloads/mega-assets-v1/jam-ready-assets.zip,jam-ready-assets/kenney-tower-defense/2D/tower-defense/PNG/Default size/towerDefense_tile193.png,image-uniform,Context review: possible texture/font-space/timing/padding; not automatically corruption,b347aa689d4c8c68f92de5b0f5254523736c218b59118bdcc6d3a111b1cfd81d
work/full-audit/downloads/mega-assets-v1/jam-ready-assets.zip,jam-ready-assets/kenney-tower-defense/2D/tower-defense/PNG/Default size/towerDefense_tile257.png,image-uniform,Context review: possible texture/font-space/timing/padding; not automatically corruption,7dcca51c3e0fcf7e49f9b8f5a4a038801d7645af35e364b2eea83338e7397a93
work/full-audit/downloads/mega-assets-v1/jam-ready-assets.zip,jam-ready-assets/kenney-development-essentials/2D/prototype-blocks/Normal map/default-normal.png,image-uniform,Context review: possible texture/font-space/timing/padding; not automatically corruption,3e811a48fb53eb2b38d370d9cf86b1a69bbbd4c91fe3e775ef90d5e163dc830a
work/full-audit/downloads/mega-assets-v1/jam-ready-assets.zip,jam-ready-assets/kenney-1-bit-platformer-pack/2D/platformer/Tiles/Default/tile_0000.png,image-uniform,Context review: possible texture/font-space/timing/padding; not automatically corruption,c54c77883505b76b855c831d9a68405375092bbb6d9c610b636e2140f79bf6a5
work/full-audit/downloads/mega-assets-v1/jam-ready-assets.zip,jam-ready-assets/kenney-1-bit-platformer-pack/2D/platformer/Tiles/Default/tile_0136.png,image-uniform,Context review: possible texture/font-space/timing/padding; not automatically corruption,c54c77883505b76b855c831d9a68405375092bbb6d9c610b636e2140f79bf6a5
work/full-audit/downloads/mega-assets-v1/jam-ready-assets.zip,jam-ready-assets/kenney-1-bit-platformer-pack/2D/platformer/Tiles/Default/tile_0131.png,image-uniform,Context review: possible texture/font-space/timing/padding; not automatically corruption,c54c77883505b76b855c831d9a68405375092bbb6d9c610b636e2140f79bf6a5
work/full-audit/downloads/mega-assets-v1/jam-ready-assets.zip,jam-ready-assets/kenney-1-bit-platformer-pack/2D/platformer/Tiles/Default/tile_0375.png,image-uniform,Context review: possible texture/font-space/timing/padding; not automatically corruption,0877a415d43b26cfee45e09561e1d719b829499f06b93f843122f071107a0523
work/full-audit/downloads/mega-assets-v1/jam-ready-assets.zip,jam-ready-assets/kenney-1-bit-platformer-pack/2D/platformer/Tiles/Default/tile_0378.png,image-uniform,Context review: possible texture/font-space/timing/padding; not automatically corruption,c54c77883505b76b855c831d9a68405375092bbb6d9c610b636e2140f79bf6a5
work/full-audit/downloads/mega-assets-v1/jam-ready-assets.zip,jam-ready-assets/kenney-1-bit-platformer-pack/2D/platformer/Tiles/Transparent/tile_0000.png,image-fully-transparent,Context review: possible texture/font-space/timing/padding; not automatically corruption,7e136302d0344399d1e6c30a83f881474a721828545169c8f50e21b02d713583
work/full-audit/downloads/mega-assets-v1/jam-ready-assets.zip,jam-ready-assets/kenney-1-bit-platformer-pack/2D/platformer/Tiles/Transparent/tile_0136.png,image-fully-transparent,Context review: possible texture/font-space/timing/padding; not automatically corruption,7e136302d0344399d1e6c30a83f881474a721828545169c8f50e21b02d713583
work/full-audit/downloads/mega-assets-v1/jam-ready-assets.zip,jam-ready-assets/kenney-1-bit-platformer-pack/2D/platformer/Tiles/Transparent/tile_0131.png,image-fully-transparent,Context review: possible texture/font-space/timing/padding; not automatically corruption,7e136302d0344399d1e6c30a83f881474a721828545169c8f50e21b02d713583
work/full-audit/downloads/mega-assets-v1/jam-ready-assets.zip,jam-ready-assets/kenney-1-bit-platformer-pack/2D/platformer/Tiles/Transparent/tile_0375.png,image-uniform,Context review: possible texture/font-space/timing/padding; not automatically corruption,0877a415d43b26cfee45e09561e1d719b829499f06b93f843122f071107a0523
work/full-audit/downloads/mega-assets-v1/jam-ready-assets.zip,jam-ready-assets/kenney-1-bit-platformer-pack/2D/platformer/Tiles/Transparent/tile_0378.png,image-fully-transparent,Context review: possible texture/font-space/timing/padding; not automatically corruption,7e136302d0344399d1e6c30a83f881474a721828545169c8f50e21b02d713583
work/full-audit/downloads/mega-assets-v1/jam-ready-assets.zip,jam-ready-assets/generic-rpg-pack/2D/top-down-rpg/rpg-pack/tiles/generic-rpg-tile38.png,image-uniform,Context review: possible texture/font-space/timing/padding; not automatically corruption,27dedd42fa8791c6bffcc841d82fd95197dfa481a8ead8d51e3dfdcb69706045
work/full-audit/downloads/mega-assets-v1/jam-ready-assets.zip,jam-ready-assets/generic-rpg-pack/2D/top-down-rpg/rpg-pack/tiles/generic-rpg-Slice.png,image-uniform,Context review: possible texture/font-space/timing/padding; not automatically corruption,27dedd42fa8791c6bffcc841d82fd95197dfa481a8ead8d51e3dfdcb69706045
work/full-audit/downloads/mega-assets-v1/jam-ready-assets.zip,jam-ready-assets/generic-rpg-pack/2D/top-down-rpg/rpg-pack/tiles/generic-rpg-tile70.png,image-uniform,Context review: possible texture/font-space/timing/padding; not automatically corruption,27dedd42fa8791c6bffcc841d82fd95197dfa481a8ead8d51e3dfdcb69706045
work/full-audit/downloads/mega-assets-v1/jam-ready-assets.zip,jam-ready-assets/generic-rpg-pack/2D/top-down-rpg/rpg-pack/tiles/generic-rpg-tile71.png,image-uniform,Context review: possible texture/font-space/timing/padding; not automatically corruption,f50c95f8310c5f0e7c8f3217233d97cb2057b6d5881e651306a894be20794c15
work/full-audit/downloads/mega-assets-v1/jam-ready-assets.zip,jam-ready-assets/kenney-emote-pack/2D/misc/PNG/Vector/Style 8/emote__.png,image-fully-transparent,Context review: possible texture/font-space/timing/padding; not automatically corruption,a9681cd3b39bae17f566e047fb3c65ca799fb80d7a69aa5610cdeeb1532c26fd
work/full-audit/downloads/mega-assets-v1/jam-ready-assets.zip,jam-ready-assets/kenney-emote-pack/2D/misc/PNG/Pixel/Style 8/emote__.png,image-fully-transparent,Context review: possible texture/font-space/timing/padding; not automatically corruption,7e136302d0344399d1e6c30a83f881474a721828545169c8f50e21b02d713583
work/full-audit/downloads/mega-assets-v1/jam-ready-assets.zip,jam-ready-assets/proofofplay-pirate-nation/ui/ui-general-v2-icon-container.png,image-uniform,Context review: possible texture/font-space/timing/padding; not automatically corruption,22363de93a9581d909402456195ed3cc75ed5438056b3df7228c80f671e49848
work/full-audit/downloads/mega-assets-v1/jam-ready-assets.zip,jam-ready-assets/proofofplay-pirate-nation/ui/ui-general-theroad-node-single.png,image-uniform,Context review: possible texture/font-space/timing/padding; not automatically corruption,9bb6fe9b041cf670297da1a95a23bfc3db6eb7d38f52c4ccfdda29944965b381
work/full-audit/downloads/mega-assets-v1/jam-ready-assets.zip,jam-ready-assets/proofofplay-pirate-nation/ui/ui-general-universalpanel3.png,image-uniform,Context review: possible texture/font-space/timing/padding; not automatically corruption,1da052215fed0a4854ccd8a776b87855914c9ed3dfddb287488e75b862d808f4
work/full-audit/downloads/mega-assets-v1/jam-ready-assets.zip,jam-ready-assets/proofofplay-pirate-nation/ui/ui-general-quest-bg-stripe.png,image-uniform,Context review: possible texture/font-space/timing/padding; not automatically corruption,35af6064f74e8b3d0c024189dda72643ed2536fb8e7fbc1b1b2534e1620c4e45
work/full-audit/downloads/mega-assets-v1/jam-ready-assets.zip,jam-ready-assets/proofofplay-pirate-nation/ui/ui-general-v2-white-square.png,image-uniform,Context review: possible texture/font-space/timing/padding; not automatically corruption,93b9c39d838f61779e2d8e1b73be1960423f142884af8ba3311be39cf1694c02
work/full-audit/downloads/mega-assets-v1/jam-ready-assets.zip,jam-ready-assets/proofofplay-pirate-nation/ui/ui-buttons-v2-button-tab-none.png,image-fully-transparent,Context review: possible texture/font-space/timing/padding; not automatically corruption,a6cd2aa575d2302c09323ee27be9bc7d75b8839816e9e9e463f5cba4d03dbe82
work/full-audit/downloads/mega-assets-v1/jam-ready-assets.zip,jam-ready-assets/proofofplay-pirate-nation/3D/pirate/characters-skins/Previews/characters-skins-animation-template.jpg,image-uniform,Context review: possible texture/font-space/timing/padding; not automatically corruption,f6a6516eef6cd93b053b43b3ae053a08d3e93f58d5dcd8c65b658e3ffbfb0468
work/full-audit/downloads/mega-assets-v1/jam-ready-assets.zip,jam-ready-assets/kenney-pico-8-city/2D/city/Tiles/tile_0002.png,image-uniform,Context review: possible texture/font-space/timing/padding; not automatically corruption,95dba9d0ede995a192a407481478147c668516aee85642f412e5c40581807ebd
work/full-audit/downloads/mega-assets-v1/jam-ready-assets.zip,jam-ready-assets/kenney-pico-8-city/2D/city/Tiles/tile_0044.png,image-uniform,Context review: possible texture/font-space/timing/padding; not automatically corruption,6430be85c73823985c131722d49d202cb3aff4627bb07638ef4d16cb86e71710
work/full-audit/downloads/mega-assets-v1/jam-ready-assets.zip,jam-ready-assets/kenney-pico-8-city/2D/city/Tiles/tile_0170.png,image-uniform,Context review: possible texture/font-space/timing/padding; not automatically corruption,6430be85c73823985c131722d49d202cb3aff4627bb07638ef4d16cb86e71710
work/full-audit/downloads/mega-assets-v1/jam-ready-assets.zip,jam-ready-assets/kenney-pico-8-city/2D/city/Tiles/tile_0289.png,image-uniform,Context review: possible texture/font-space/timing/padding; not automatically corruption,28746a85ab9b446c18aa71cebf0ae3bbfdec0552baafe8f4d52826fbb9679e72
work/full-audit/downloads/mega-assets-v1/jam-ready-assets.zip,jam-ready-assets/kenney-pico-8-city/2D/city/Tiles/tile_0000.png,image-uniform,Context review: possible texture/font-space/timing/padding; not automatically corruption,3395e1298e553d7c6f8516b5051d2f0163068f0f0ea8ed864396923acb5b025e
work/full-audit/downloads/mega-assets-v1/jam-ready-assets.zip,jam-ready-assets/kenney-pico-8-city/2D/city/Tiles/tile_0034.png,image-uniform,Context review: possible texture/font-space/timing/padding; not automatically corruption,95dba9d0ede995a192a407481478147c668516aee85642f412e5c40581807ebd
work/full-audit/downloads/mega-assets-v1/jam-ready-assets.zip,jam-ready-assets/kenney-pico-8-city/2D/city/Tiles/tile_0121.png,image-uniform,Context review: possible texture/font-space/timing/padding; not automatically corruption,28746a85ab9b446c18aa71cebf0ae3bbfdec0552baafe8f4d52826fbb9679e72
work/full-audit/downloads/mega-assets-v1/jam-ready-assets.zip,jam-ready-assets/kenney-pico-8-city/2D/city/Tiles/tile_0126.png,image-uniform,Context review: possible texture/font-space/timing/padding; not automatically corruption,6430be85c73823985c131722d49d202cb3aff4627bb07638ef4d16cb86e71710
work/full-audit/downloads/mega-assets-v1/jam-ready-assets.zip,jam-ready-assets/kenney-pico-8-city/2D/city/Tiles/tile_0175.png,image-uniform,Context review: possible texture/font-space/timing/padding; not automatically corruption,aaa0d3442e7c9d466e393e78688d1a4f935b503ba7ed32cfd86c32ac6d5c92b6
work/full-audit/downloads/mega-assets-v1/jam-ready-assets.zip,jam-ready-assets/kenney-pico-8-city/2D/city/Tiles/tile_0039.png,image-uniform,Context review: possible texture/font-space/timing/padding; not automatically corruption,cbfee562b6f373f82c2cd8872344f8279e5da2d7bf824857fd1fba9d99be0aac
work/full-audit/downloads/mega-assets-v1/jam-ready-assets.zip,jam-ready-assets/kenney-pico-8-city/2D/city/Tiles/tile_0131.png,image-uniform,Context review: possible texture/font-space/timing/padding; not automatically corruption,7e3a18778bfcbce963270934600e907fe99a5d9cf509684d23223d3eac76ee66
work/full-audit/downloads/mega-assets-v1/jam-ready-assets.zip,jam-ready-assets/kenney-pico-8-city/2D/city/Tiles/tile_0185.png,image-uniform,Context review: possible texture/font-space/timing/padding; not automatically corruption,7e3a18778bfcbce963270934600e907fe99a5d9cf509684d23223d3eac76ee66
work/full-audit/downloads/mega-assets-v1/jam-ready-assets.zip,jam-ready-assets/kenney-pico-8-city/2D/city/Tiles/tile_0001.png,image-uniform,Context review: possible texture/font-space/timing/padding; not automatically corruption,cbfee562b6f373f82c2cd8872344f8279e5da2d7bf824857fd1fba9d99be0aac
work/full-audit/downloads/mega-assets-v1/jam-ready-assets.zip,jam-ready-assets/kenney-pico-8-city/2D/city/Tiles/tile_0029.png,image-uniform,Context review: possible texture/font-space/timing/padding; not automatically corruption,3395e1298e553d7c6f8516b5051d2f0163068f0f0ea8ed864396923acb5b025e
work/full-audit/downloads/mega-assets-v1/jam-ready-assets.zip,jam-ready-assets/kenney-pico-8-city/2D/city/Tiles/tile_0003.png,image-uniform,Context review: possible texture/font-space/timing/padding; not automatically corruption,6430be85c73823985c131722d49d202cb3aff4627bb07638ef4d16cb86e71710
work/full-audit/downloads/mega-assets-v1/jam-ready-assets.zip,jam-ready-assets/ansimuz-gothicvania-cemetery/2D/seasonal-holiday/PSD/concepts.psd,secondary-decoder-pass,Decoded with ImageMagick instead of Pillow,cc9dfb7dc7a99d16f8f54aa1429d28915d948897ef32d921c0cfb88ab820fdf0
work/full-audit/downloads/mega-assets-v1/jam-ready-assets.zip,jam-ready-assets/ansimuz-gothicvania-cemetery/2D/seasonal-holiday/PSD/environment/environment.psd,secondary-decoder-pass,Decoded with ImageMagick instead of Pillow,8c6a80b7c5b267d8c999832873de85c33f9865ee903d7aaf2051d0cf0cbc8785
work/full-audit/downloads/mega-assets-v1/jam-ready-assets.zip,jam-ready-assets/ansimuz-gothicvania-cemetery/2D/seasonal-holiday/PSD/misc/title-screen.psd,secondary-decoder-pass,Decoded with ImageMagick instead of Pillow,d8bae795c138f6bf5e44f31972db116a16664f331258455a2795c08e5a1cd63c
work/full-audit/downloads/mega-assets-v1/jam-ready-assets.zip,jam-ready-assets/ansimuz-gothicvania-cemetery/2D/seasonal-holiday/PSD/old-concept.psd,secondary-decoder-pass,Decoded with ImageMagick instead of Pillow,3c7b4ff317c56ce759f1c81b6a05fb8bf10b598c67ad0cae01b5d70d3cb256d6
work/full-audit/downloads/mega-assets-v1/jam-ready-assets.zip,jam-ready-assets/ansimuz-gothicvania-cemetery/2D/seasonal-holiday/PSD/sprites/ghost.psd,secondary-decoder-pass,Decoded with ImageMagick instead of Pillow,2b6946b965a56d41de822bdd33297d96e31b60bdbf780fc1b9ce28f1930323ab
work/full-audit/downloads/mega-assets-v1/jam-ready-assets.zip,jam-ready-assets/ansimuz-gothicvania-cemetery/2D/seasonal-holiday/PSD/sprites/hell-gato.psd,secondary-decoder-pass,Decoded with ImageMagick instead of Pillow,9864609d82ecb90b1d641652df5334a73d5ad50b0f2aa4f8c3765335b9a71a1c
work/full-audit/downloads/mega-assets-v1/jam-ready-assets.zip,jam-ready-assets/ansimuz-gothicvania-cemetery/2D/seasonal-holiday/PSD/sprites/skeleton.psd,secondary-decoder-pass,Decoded with ImageMagick instead of Pillow,b2a168e0808283b3f8fb574b3e282b6a500ddce730fd7103b9861241fd28ebbe
work/full-audit/downloads/mega-assets-v1/jam-ready-assets.zip,jam-ready-assets/kenney-pirate-pack/2D/pirate/PNG/Retina/Tiles/tile_23.png,image-uniform,Context review: possible texture/font-space/timing/padding; not automatically corruption,b206fc4d3311a03aa12dc77026c98013cbd440fdb0ebef1503a39f3665607b32
work/full-audit/downloads/mega-assets-v1/jam-ready-assets.zip,jam-ready-assets/kenney-pirate-pack/2D/pirate/PNG/Retina/Tiles/tile_18.png,image-uniform,Context review: possible texture/font-space/timing/padding; not automatically corruption,16c47864c8b66323c3525cab40dbc2b8d53a3b659a2b1313e4127956b1ee4be4
work/full-audit/downloads/mega-assets-v1/jam-ready-assets.zip,jam-ready-assets/kenney-pirate-pack/2D/pirate/PNG/Default size/Tiles/tile_23.png,image-uniform,Context review: possible texture/font-space/timing/padding; not automatically corruption,6f03b3dba2c5139328b44e08cbe1ce69031a2db22546a59ef1829624be5718b7
work/full-audit/downloads/mega-assets-v1/jam-ready-assets.zip,jam-ready-assets/kenney-pirate-pack/2D/pirate/PNG/Default size/Tiles/tile_18.png,image-uniform,Context review: possible texture/font-space/timing/padding; not automatically corruption,aaf9eff48a7f0ed848fc9a849ceae825ff5cca1c62cacb77152c6e27b98e447c
work/full-audit/downloads/mega-assets-v1/jam-ready-assets.zip,jam-ready-assets/kenney-micro-roguelike/2D/top-down-rpg/Tiles/Colored/tile_0017.png,image-uniform,Context review: possible texture/font-space/timing/padding; not automatically corruption,2437f696b790af6aa3b9b4abf3afa9f9d4c71fc0b855ac45a1623ee7b4ea832e
work/full-audit/downloads/mega-assets-v1/jam-ready-assets.zip,jam-ready-assets/kenney-micro-roguelike/2D/top-down-rpg/Tiles/Monochrome/tile_0017.png,image-uniform,Context review: possible texture/font-space/timing/padding; not automatically corruption,2437f696b790af6aa3b9b4abf3afa9f9d4c71fc0b855ac45a1623ee7b4ea832e
work/full-audit/downloads/mega-assets-v1/jam-ready-assets.zip,jam-ready-assets/kenney-monochrome-pirates/2D/pirate/Dot Matrix/Tiles/tile_0057.png,image-uniform,Context review: possible texture/font-space/timing/padding; not automatically corruption,51f2f5afd597cf211b06215f746674ee23bf86ae29dabac53de3ec1615d61a69
work/full-audit/downloads/mega-assets-v1/jam-ready-assets.zip,jam-ready-assets/kenney-monochrome-pirates/2D/pirate/Dot Matrix/Tiles/tile_0000.png,image-uniform,Context review: possible texture/font-space/timing/padding; not automatically corruption,721770ff098f624775b36bfb5a20644132eb490b1b8b6e0bb237e5d7eee62bca
work/full-audit/downloads/mega-assets-v1/jam-ready-assets.zip,jam-ready-assets/kenney-monochrome-pirates/2D/pirate/Dot Matrix/Tiles/tile_0017.png,image-uniform,Context review: possible texture/font-space/timing/padding; not automatically corruption,8445d6ec6a8728e687416d4911fe6db13cddb091feb68148f0f1cf6361a213e8
work/full-audit/downloads/mega-assets-v1/jam-ready-assets.zip,jam-ready-assets/kenney-monochrome-pirates/2D/pirate/Monochrome/Tiles/tile_0057.png,image-uniform,Context review: possible texture/font-space/timing/padding; not automatically corruption,3cda9a435e73c5569b76877941b335e4063cbf2fe2a31c50fc07ce05fb08985f
work/full-audit/downloads/mega-assets-v1/jam-ready-assets.zip,jam-ready-assets/kenney-monochrome-pirates/2D/pirate/Monochrome/Tiles/tile_0000.png,image-uniform,Context review: possible texture/font-space/timing/padding; not automatically corruption,928472ab843025677cfa56511dda1ca3c1147bf1e35e9c843e49489fea3764f3
work/full-audit/downloads/mega-assets-v1/jam-ready-assets.zip,jam-ready-assets/kenney-monochrome-pirates/2D/pirate/Monochrome/Tiles/tile_0017.png,image-uniform,Context review: possible texture/font-space/timing/padding; not automatically corruption,3e7235c687a3fcd23ed3afa5f81b2f2397727690812350ea7d9798e6e9bfebd6
work/full-audit/downloads/mega-assets-v1/jam-ready-assets.zip,jam-ready-assets/kenney-monochrome-pirates/2D/pirate/Default/Tiles/tile_0057.png,image-uniform,Context review: possible texture/font-space/timing/padding; not automatically corruption,1f189559c8f0b29054ac23c2bcf1fdf7849b41f388cc7ace6f5d23722693c102
work/full-audit/downloads/mega-assets-v1/jam-ready-assets.zip,jam-ready-assets/kenney-monochrome-pirates/2D/pirate/Default/Tiles/tile_0000.png,image-uniform,Context review: possible texture/font-space/timing/padding; not automatically corruption,3b8dc9be7eeb4f0ea9afea1703b2146ffe6680e692a31051e27cdd357463f544
work/full-audit/downloads/mega-assets-v1/jam-ready-assets.zip,jam-ready-assets/kenney-monochrome-pirates/2D/pirate/Default/Tiles/tile_0017.png,image-uniform,Context review: possible texture/font-space/timing/padding; not automatically corruption,d2c3e4d7c75cd986abd0024f64e031b3a2b157f76484654c0e9562d1f9428d9e
work/full-audit/downloads/mega-assets-v1/jam-ready-assets.zip,jam-ready-assets/kenney-tiny-battle/2D/top-down-rpg/Tiles/tile_0000.png,image-uniform,Context review: possible texture/font-space/timing/padding; not automatically corruption,d4c692ef80ee97b3395b885ae07020d42a106683ff3650df240f8e972bd5a041
work/full-audit/downloads/mega-assets-v1/jam-ready-assets.zip,jam-ready-assets/kenney-coaster-kit/3D/misc/Previews/coaster-mouse-cap-back.png,image-fully-transparent,Context review: possible texture/font-space/timing/padding; not automatically corruption,518d46c0a435f637a50aaaeba03cb8711563742884e8a963619f73e097ae381c
work/full-audit/downloads/mega-assets-v1/jam-ready-assets.zip,jam-ready-assets/kenney-coaster-kit/3D/misc/Previews/coaster-steel-cap-back.png,image-fully-transparent,Context review: possible texture/font-space/timing/padding; not automatically corruption,518d46c0a435f637a50aaaeba03cb8711563742884e8a963619f73e097ae381c
work/full-audit/downloads/mega-assets-v1/jam-ready-assets.zip,jam-ready-assets/kenney-coaster-kit/3D/misc/Previews/coaster-flume-cap-back.png,image-fully-transparent,Context review: possible texture/font-space/timing/padding; not automatically corruption,518d46c0a435f637a50aaaeba03cb8711563742884e8a963619f73e097ae381c
work/full-audit/downloads/mega-assets-v1/jam-ready-assets.zip,jam-ready-assets/kenney-coaster-kit/3D/misc/Previews/coaster-monorail-cap-back.png,image-fully-transparent,Context review: possible texture/font-space/timing/padding; not automatically corruption,518d46c0a435f637a50aaaeba03cb8711563742884e8a963619f73e097ae381c
work/full-audit/downloads/mega-assets-v1/jam-ready-assets.zip,jam-ready-assets/kenney-coaster-kit/3D/misc/Previews/coaster-hanging-cap-back.png,image-fully-transparent,Context review: possible texture/font-space/timing/padding; not automatically corruption,518d46c0a435f637a50aaaeba03cb8711563742884e8a963619f73e097ae381c
work/full-audit/downloads/mega-assets-v1/jam-ready-assets.zip,jam-ready-assets/kenney-platformer-assets-base/2D/platformer/PNG/Background/bg.png,image-uniform,Context review: possible texture/font-space/timing/padding; not automatically corruption,6c997513dcdf0c19881c85cb8762c272ad40d90f47604474ffaea86a837f00dc
work/full-audit/downloads/mega-assets-v1/jam-ready-assets.zip,jam-ready-assets/treasure-hunters/2D/platformer/Captain Clown Nose/Sprites/Dialogue/Exclamation/Exclamation In 01.png,image-fully-transparent,Context review: possible texture/font-space/timing/padding; not automatically corruption,c8914dcc60635560a2a5addb684c9d14ebb1df2a6014bea8e7b6198a055a37f7
work/full-audit/downloads/mega-assets-v1/jam-ready-assets.zip,jam-ready-assets/treasure-hunters/2D/platformer/Palm Tree Island/Sprites/Background/Additional Water.png,image-uniform,Context review: possible texture/font-space/timing/padding; not automatically corruption,a074600eaa47280a05771ff3fca44228fac6a4f09cde3b1588aa5cf0c56a8eb5
work/full-audit/downloads/mega-assets-v1/jam-ready-assets.zip,jam-ready-assets/treasure-hunters/2D/platformer/Palm Tree Island/Sprites/Background/Additional Sky.png,image-uniform,Context review: possible texture/font-space/timing/padding; not automatically corruption,80bac82a656a65c2e2259648e4a85402d5558e340583bf1251f0448f81aa97e8
work/full-audit/downloads/mega-assets-v1/jam-ready-assets.zip,jam-ready-assets/treasure-hunters/2D/platformer/The Crusty Crew/Sprites/Dialogue/Exclamation/Exclamation In 01.png,image-fully-transparent,Context review: possible texture/font-space/timing/padding; not automatically corruption,c8914dcc60635560a2a5addb684c9d14ebb1df2a6014bea8e7b6198a055a37f7
work/full-audit/downloads/mega-assets-v1/jam-ready-assets.zip,jam-ready-assets/treasure-hunters/2D/platformer/Wood and Paper UI/Sprites/Life Bars/Colors/1.png,image-uniform,Context review: possible texture/font-space/timing/padding; not automatically corruption,a787db1e90219cb8584744455909d6656f5c51b0a9941d16dcbdf7b4c2914319
work/full-audit/downloads/mega-assets-v1/jam-ready-assets.zip,jam-ready-assets/treasure-hunters/2D/platformer/Wood and Paper UI/Sprites/Yellow Button/12.png,image-uniform,Context review: possible texture/font-space/timing/padding; not automatically corruption,2e1e030c058d9ce30d4cbabce584599db1b5d2cc16c1a51d1ee5f67266ad56cb
work/full-audit/downloads/mega-assets-v1/jam-ready-assets.zip,jam-ready-assets/treasure-hunters/2D/platformer/Wood and Paper UI/Sprites/Green Button/12.png,image-uniform,Context review: possible texture/font-space/timing/padding; not automatically corruption,d9e6051897d8ed8178165c034e999a0389ad535a1fd7e3489eb1c717492a0f78
work/full-audit/downloads/mega-assets-v1/jam-ready-assets.zip,jam-ready-assets/kenney-rpg-urban-pack/2D/top-down-rpg/Bonus/Tiles/tile_0046.png,image-fully-transparent,Context review: possible texture/font-space/timing/padding; not automatically corruption,7e136302d0344399d1e6c30a83f881474a721828545169c8f50e21b02d713583
work/full-audit/downloads/mega-assets-v1/jam-ready-assets.zip,jam-ready-assets/kenney-rpg-urban-pack/2D/top-down-rpg/Bonus/Tiles/tile_0049.png,image-fully-transparent,Context review: possible texture/font-space/timing/padding; not automatically corruption,7e136302d0344399d1e6c30a83f881474a721828545169c8f50e21b02d713583
work/full-audit/downloads/mega-assets-v1/jam-ready-assets.zip,jam-ready-assets/kenney-rpg-urban-pack/2D/top-down-rpg/Bonus/Tiles/tile_0052.png,image-fully-transparent,Context review: possible texture/font-space/timing/padding; not automatically corruption,7e136302d0344399d1e6c30a83f881474a721828545169c8f50e21b02d713583
work/full-audit/downloads/mega-assets-v1/jam-ready-assets.zip,jam-ready-assets/kenney-rpg-urban-pack/2D/top-down-rpg/Tiles/tile_0036.png,image-uniform,Context review: possible texture/font-space/timing/padding; not automatically corruption,dd5bfceacb5b8c6beea2a83d41c28933823654a6873e0b07143bd422e0d9fddc
work/full-audit/downloads/mega-assets-v1/jam-ready-assets.zip,jam-ready-assets/kenney-road-textures-classic/2D/city/PNG/terrainTile2.png,image-uniform,Context review: possible texture/font-space/timing/padding; not automatically corruption,998f65cab21ff45d4ff052946542ecf740780604d96ce65989541dc1c4df651b
work/full-audit/downloads/mega-assets-v1/jam-ready-assets.zip,jam-ready-assets/kenney-road-textures-classic/2D/city/PNG/terrainTile4.png,image-uniform,Context review: possible texture/font-space/timing/padding; not automatically corruption,a137e824ee773088c1e1269225c9e7c69ee861c694a9f3d2d7df172412b296df
work/full-audit/downloads/mega-assets-v1/jam-ready-assets.zip,jam-ready-assets/kenney-road-textures-classic/2D/city/PNG/terrainTile5.png,image-uniform,Context review: possible texture/font-space/timing/padding; not automatically corruption,26b72e819f4ae5609f7e809dc7ab0233259b73b86e453fb1f6ede3313fd033c0
work/full-audit/downloads/mega-assets-v1/jam-ready-assets.zip,jam-ready-assets/kenney-road-textures-classic/2D/city/PNG/terrainTile6.png,image-uniform,Context review: possible texture/font-space/timing/padding; not automatically corruption,f8b5388ce8b4df36295ea8b10784858bb7a9f62c4da73001e63fb77fabe91cdc
work/full-audit/downloads/mega-assets-v1/jam-ready-assets.zip,jam-ready-assets/kenney-road-textures-classic/2D/city/PNG/terrainTile3.png,image-uniform,Context review: possible texture/font-space/timing/padding; not automatically corruption,cd6442462c8f191598275a0348a8c2fb21b7064907dea652cb669c66f568fb39
work/full-audit/downloads/mega-assets-v1/jam-ready-assets.zip,jam-ready-assets/kenney-road-textures-classic/2D/city/PNG/terrainTile1.png,image-uniform,Context review: possible texture/font-space/timing/padding; not automatically corruption,054efa57f730fbbaff21cdc602d686ebf393afa91888b563d5e673364b5ed400
work/full-audit/downloads/mega-assets-expansion-v1/cc0tree.zip,cc0tree/.nojekyll,expected-empty-marker,"Website/package marker, not an image",e3b0c44298fc1c149afbf4c8996fb92427ae41e4649b934ca495991b7852b855
work/full-audit/downloads/mega-assets-expansion-v1/fps-asset-kit.zip,fps-asset-kit/textures/Concrete048/Concrete048_2K-JPG_Metalness.jpg,image-uniform,Context review: possible texture/font-space/timing/padding; not automatically corruption,b6169d831ef164bb36b36a334635e7ebd7b4240da48463d13ca8bf27cce4cf38
work/full-audit/downloads/mega-assets-expansion-v1/fps-buildings-env-kit.zip,fps-buildings-env-kit/environment/skyboxes/polyhaven-hdri/kloppenheim_06_puresky_2k.hdr,secondary-decoder-pass,Decoded with ImageMagick instead of Pillow,99451201586489ef3288c97bfac2a2ac232a5491c51a1faf0ec8ea39f3ccd533
work/full-audit/downloads/mega-assets-expansion-v1/fps-buildings-env-kit.zip,fps-buildings-env-kit/environment/skyboxes/polyhaven-hdri/urban_alley_01_2k.hdr,secondary-decoder-pass,Decoded with ImageMagick instead of Pillow,85c5388aaa6ec275ec0f4a9869293b5fcfc88fa375dc5f1e348f43c702358dd1
work/full-audit/downloads/mega-assets-expansion-v1/fps-buildings-env-kit.zip,fps-buildings-env-kit/environment/skyboxes/polyhaven-hdri/urban_street_01_2k.hdr,secondary-decoder-pass,Decoded with ImageMagick instead of Pillow,f01830a4271be37a00af96f464c5346145b571ba2426866206650bb859e5e998
work/full-audit/downloads/mega-assets-expansion-v1/fps-buildings-env-kit.zip,fps-buildings-env-kit/environment/skyboxes/polyhaven-hdri/kloppenheim_02_puresky_2k.hdr,secondary-decoder-pass,Decoded with ImageMagick instead of Pillow,e06091a38c4c778b06123ba13dca8f2c91a21c13c14eec91048c5003815d21b8
work/full-audit/downloads/mega-assets-expansion-v1/fps-buildings-env-kit.zip,fps-buildings-env-kit/buildings/kenney-tiny-town/Tiles/tile_0025.png,image-uniform,Context review: possible texture/font-space/timing/padding; not automatically corruption,63519065228f5f8af6200d979fa54cd7f00650034ceea10a1609203a34b3ff9b
work/full-audit/downloads/mega-assets-expansion-v1/fps-buildings-env-kit.zip,fps-buildings-env-kit/buildings/kenney-tiny-town/Tiles/tile_0000.png,image-uniform,Context review: possible texture/font-space/timing/padding; not automatically corruption,d4c692ef80ee97b3395b885ae07020d42a106683ff3650df240f8e972bd5a041
work/full-audit/downloads/mega-assets-expansion-v1/fps-buildings-env-kit.zip,fps-buildings-env-kit/buildings/kenney-tiny-town/Tiles/tile_0109.png,image-uniform,Context review: possible texture/font-space/timing/padding; not automatically corruption,d1ff475a1ad0d4fd5d2c2a8b1fe3b96657d10f9c5b87d204138f1d7a58ac9d04
work/full-audit/downloads/mega-assets-expansion-v1/fps-buildings-env-kit.zip,fps-buildings-env-kit/military/kenney-desert-shooter-pack/PNG/Interface/Tiles/tile_0028.png,image-uniform,Context review: possible texture/font-space/timing/padding; not automatically corruption,0c6f5466cf01f83a090fcf7ee6155ea9db224bd3bc888812320fb671c922c840
work/full-audit/downloads/mega-assets-expansion-v1/fps-buildings-env-kit.zip,fps-buildings-env-kit/military/kenney-desert-shooter-pack/PNG/Interface/Tiles/tile_0031.png,image-uniform,Context review: possible texture/font-space/timing/padding; not automatically corruption,76d1f0982e100e3819215761cce2aa9e384165c8fbff7a1f57e567c5d539e9bd
work/full-audit/downloads/mega-assets-expansion-v1/fps-buildings-env-kit.zip,fps-buildings-env-kit/military/kenney-desert-shooter-pack/PNG/Interface/Tiles/tile_0025.png,image-uniform,Context review: possible texture/font-space/timing/padding; not automatically corruption,30f3f57efb48adce2477031deaf2c119aa4c1ca0e72d530aadb580e5ba8e8aaa
work/full-audit/downloads/mega-assets-expansion-v1/fps-buildings-env-kit.zip,fps-buildings-env-kit/military/kenney-desert-shooter-pack/PNG/Interface/Tiles/tile_0034.png,image-uniform,Context review: possible texture/font-space/timing/padding; not automatically corruption,3f97ef7911c98f76c8aa52ff6987cb7d71004042cb05540e9bc340950753fcbd
work/full-audit/downloads/mega-assets-expansion-v1/fps-buildings-env-kit.zip,fps-buildings-env-kit/military/kenney-desert-shooter-pack/PNG/Interface/Tiles/tile_0022.png,image-uniform,Context review: possible texture/font-space/timing/padding; not automatically corruption,3b621f5d5444b747c67f4016028562d9d2a56933e84eb8d901824d32b9f19e27
work/full-audit/downloads/mega-assets-expansion-v1/fps-buildings-env-kit.zip,fps-buildings-env-kit/military/kenney-desert-shooter-pack/PNG/Interface/Tiles/tile_0088.png,image-fully-transparent,Context review: possible texture/font-space/timing/padding; not automatically corruption,7055b76c0befa453a4d10e8e0be54f47b4d29e99fe8b72084ceb14b7e29ae51c
work/full-audit/downloads/mega-assets-expansion-v1/fps-buildings-env-kit.zip,fps-buildings-env-kit/military/kenney-desert-shooter-pack/PNG/Interface/Tiles/tile_0019.png,image-uniform,Context review: possible texture/font-space/timing/padding; not automatically corruption,3b621f5d5444b747c67f4016028562d9d2a56933e84eb8d901824d32b9f19e27
work/full-audit/downloads/mega-assets-expansion-v1/fps-buildings-env-kit.zip,fps-buildings-env-kit/military/kenney-desert-shooter-pack/PNG/Tiles/Tiles/tile_0140.png,image-uniform,Context review: possible texture/font-space/timing/padding; not automatically corruption,3858c7d29a3153aa46d6b3a4d471256f22768ace9da69163ff196ec304b05c72
work/full-audit/downloads/mega-assets-expansion-v1/fps-buildings-env-kit.zip,fps-buildings-env-kit/military/kenney-desert-shooter-pack/PNG/Tiles/Tiles/tile_0070.png,image-uniform,Context review: possible texture/font-space/timing/padding; not automatically corruption,0c6f5466cf01f83a090fcf7ee6155ea9db224bd3bc888812320fb671c922c840
work/full-audit/downloads/mega-assets-expansion-v1/fps-buildings-env-kit.zip,fps-buildings-env-kit/military/kenney-desert-shooter-pack/PNG/Tiles/Tiles/tile_0034.png,image-uniform,Context review: possible texture/font-space/timing/padding; not automatically corruption,e2267125fbb57dd36d985d3537dd24a7706731bf987f70741a2eeee5553c3648
work/full-audit/downloads/mega-assets-expansion-v1/fps-buildings-env-kit.zip,fps-buildings-env-kit/military/kenney-desert-shooter-pack/PNG/Tiles/Tiles/tile_0119.png,image-uniform,Context review: possible texture/font-space/timing/padding; not automatically corruption,e2267125fbb57dd36d985d3537dd24a7706731bf987f70741a2eeee5553c3648
work/full-audit/downloads/mega-assets-expansion-v1/fps-buildings-env-kit.zip,fps-buildings-env-kit/military/kenney-desert-shooter-pack/PNG/Tiles/Tiles/tile_0114.png,image-uniform,Context review: possible texture/font-space/timing/padding; not automatically corruption,09c0eb474b2ba06fc05ab6167e3f1df190691f80783f44b4c999447a9786af60
work/full-audit/downloads/mega-assets-expansion-v1/fps-buildings-env-kit.zip,fps-buildings-env-kit/military/kenney-desert-shooter-pack/PNG/Tiles/Tiles/tile_0064.png,image-uniform,Context review: possible texture/font-space/timing/padding; not automatically corruption,6a9b91b8f8ac26a2b21001b95a84976e1ef5a7953748bdb249cb7fde1c2fe572
work/full-audit/downloads/mega-assets-expansion-v1/fps-buildings-env-kit.zip,fps-buildings-env-kit/military/kenney-desert-shooter-pack/PNG/Tiles/Tiles/tile_0173.png,image-uniform,Context review: possible texture/font-space/timing/padding; not automatically corruption,a6de67dc19a8d80ac8abadb88e55d84ff31d430db7c32578295305c1b5c82cad
work/full-audit/downloads/mega-assets-expansion-v1/fps-buildings-env-kit.zip,fps-buildings-env-kit/military/kenney-desert-shooter-pack/PNG/Tiles/Tiles/tile_0109.png,image-uniform,Context review: possible texture/font-space/timing/padding; not automatically corruption,33012405758ab1bd14eb25c1abd7dcb35f0dc6d5fdb2657911b523fc3d7a930c
work/full-audit/downloads/mega-assets-expansion-v1/fps-buildings-env-kit.zip,fps-buildings-env-kit/military/kenney-desert-shooter-pack/PNG/Tiles/Tiles/tile_0029.png,image-uniform,Context review: possible texture/font-space/timing/padding; not automatically corruption,e2267125fbb57dd36d985d3537dd24a7706731bf987f70741a2eeee5553c3648
work/full-audit/downloads/mega-assets-expansion-v1/shorepine-kenney.zip,shorepine-kenney/2d/RPG Urban Pack/Bonus/Tiles/tile_0046.png,image-fully-transparent,Context review: possible texture/font-space/timing/padding; not automatically corruption,7e136302d0344399d1e6c30a83f881474a721828545169c8f50e21b02d713583
work/full-audit/downloads/mega-assets-expansion-v1/shorepine-kenney.zip,shorepine-kenney/2d/RPG Urban Pack/Bonus/Tiles/tile_0049.png,image-fully-transparent,Context review: possible texture/font-space/timing/padding; not automatically corruption,7e136302d0344399d1e6c30a83f881474a721828545169c8f50e21b02d713583
work/full-audit/downloads/mega-assets-expansion-v1/shorepine-kenney.zip,shorepine-kenney/2d/RPG Urban Pack/Bonus/Tiles/tile_0052.png,image-fully-transparent,Context review: possible texture/font-space/timing/padding; not automatically corruption,7e136302d0344399d1e6c30a83f881474a721828545169c8f50e21b02d713583
work/full-audit/downloads/mega-assets-expansion-v1/shorepine-kenney.zip,shorepine-kenney/2d/RPG Urban Pack/Tiles/tile_0036.png,image-uniform,Context review: possible texture/font-space/timing/padding; not automatically corruption,dd5bfceacb5b8c6beea2a83d41c28933823654a6873e0b07143bd422e0d9fddc
work/full-audit/downloads/mega-assets-expansion-v1/shorepine-kenney.zip,shorepine-kenney/2d/1-Bit Platformer Pack/Tiles/tile_0000.png,image-uniform,Context review: possible texture/font-space/timing/padding; not automatically corruption,c54c77883505b76b855c831d9a68405375092bbb6d9c610b636e2140f79bf6a5
work/full-audit/downloads/mega-assets-expansion-v1/shorepine-kenney.zip,shorepine-kenney/2d/1-Bit Platformer Pack/Tiles/tile_0136.png,image-uniform,Context review: possible texture/font-space/timing/padding; not automatically corruption,c54c77883505b76b855c831d9a68405375092bbb6d9c610b636e2140f79bf6a5
work/full-audit/downloads/mega-assets-expansion-v1/shorepine-kenney.zip,shorepine-kenney/2d/1-Bit Platformer Pack/Tiles/tile_0131.png,image-uniform,Context review: possible texture/font-space/timing/padding; not automatically corruption,c54c77883505b76b855c831d9a68405375092bbb6d9c610b636e2140f79bf6a5
work/full-audit/downloads/mega-assets-expansion-v1/shorepine-kenney.zip,shorepine-kenney/2d/1-Bit Platformer Pack/Tiles/tile_0375.png,image-uniform,Context review: possible texture/font-space/timing/padding; not automatically corruption,0877a415d43b26cfee45e09561e1d719b829499f06b93f843122f071107a0523
work/full-audit/downloads/mega-assets-expansion-v1/shorepine-kenney.zip,shorepine-kenney/2d/1-Bit Platformer Pack/Tiles/Transparent/tile_0000.png,image-fully-transparent,Context review: possible texture/font-space/timing/padding; not automatically corruption,7e136302d0344399d1e6c30a83f881474a721828545169c8f50e21b02d713583
work/full-audit/downloads/mega-assets-expansion-v1/shorepine-kenney.zip,shorepine-kenney/2d/1-Bit Platformer Pack/Tiles/Transparent/tile_0136.png,image-fully-transparent,Context review: possible texture/font-space/timing/padding; not automatically corruption,7e136302d0344399d1e6c30a83f881474a721828545169c8f50e21b02d713583
work/full-audit/downloads/mega-assets-expansion-v1/shorepine-kenney.zip,shorepine-kenney/2d/1-Bit Platformer Pack/Tiles/Transparent/tile_0131.png,image-fully-transparent,Context review: possible texture/font-space/timing/padding; not automatically corruption,7e136302d0344399d1e6c30a83f881474a721828545169c8f50e21b02d713583
work/full-audit/downloads/mega-assets-expansion-v1/shorepine-kenney.zip,shorepine-kenney/2d/1-Bit Platformer Pack/Tiles/Transparent/tile_0375.png,image-uniform,Context review: possible texture/font-space/timing/padding; not automatically corruption,0877a415d43b26cfee45e09561e1d719b829499f06b93f843122f071107a0523
work/full-audit/downloads/mega-assets-expansion-v1/shorepine-kenney.zip,shorepine-kenney/2d/1-Bit Platformer Pack/Tiles/Transparent/tile_0378.png,image-fully-transparent,Context review: possible texture/font-space/timing/padding; not automatically corruption,7e136302d0344399d1e6c30a83f881474a721828545169c8f50e21b02d713583
work/full-audit/downloads/mega-assets-expansion-v1/shorepine-kenney.zip,shorepine-kenney/2d/1-Bit Platformer Pack/Tiles/tile_0378.png,image-uniform,Context review: possible texture/font-space/timing/padding; not automatically corruption,c54c77883505b76b855c831d9a68405375092bbb6d9c610b636e2140f79bf6a5
work/full-audit/downloads/mega-assets-expansion-v1/shorepine-kenney.zip,shorepine-kenney/2d/Pico-8 Platformer/Tiles/tile_0002.png,image-uniform,Context review: possible texture/font-space/timing/padding; not automatically corruption,28746a85ab9b446c18aa71cebf0ae3bbfdec0552baafe8f4d52826fbb9679e72
work/full-audit/downloads/mega-assets-expansion-v1/shorepine-kenney.zip,shorepine-kenney/2d/Pico-8 Platformer/Tiles/tile_0000.png,image-uniform,Context review: possible texture/font-space/timing/padding; not automatically corruption,c5b2f055da656afd2629c6a9b05f24cb9467643a04c04416282076d8de12b2b9
work/full-audit/downloads/mega-assets-expansion-v1/shorepine-kenney.zip,shorepine-kenney/2d/Pico-8 Platformer/Tiles/tile_0019.png,image-uniform,Context review: possible texture/font-space/timing/padding; not automatically corruption,95dba9d0ede995a192a407481478147c668516aee85642f412e5c40581807ebd
work/full-audit/downloads/mega-assets-expansion-v1/shorepine-kenney.zip,shorepine-kenney/2d/Pico-8 Platformer/Tiles/tile_0026.png,image-uniform,Context review: possible texture/font-space/timing/padding; not automatically corruption,aaa0d3442e7c9d466e393e78688d1a4f935b503ba7ed32cfd86c32ac6d5c92b6
work/full-audit/downloads/mega-assets-expansion-v1/shorepine-kenney.zip,shorepine-kenney/2d/Pico-8 Platformer/Transparent/Tiles/tile_0002.png,image-uniform,Context review: possible texture/font-space/timing/padding; not automatically corruption,28746a85ab9b446c18aa71cebf0ae3bbfdec0552baafe8f4d52826fbb9679e72
work/full-audit/downloads/mega-assets-expansion-v1/shorepine-kenney.zip,shorepine-kenney/2d/Pico-8 Platformer/Transparent/Tiles/tile_0000.png,image-fully-transparent,Context review: possible texture/font-space/timing/padding; not automatically corruption,bf89207f958f31207b4876a2e4ce7be0aa3f5c6aeccd0ffe6c97fdfb471bf579
work/full-audit/downloads/mega-assets-expansion-v1/shorepine-kenney.zip,shorepine-kenney/2d/Pico-8 Platformer/Transparent/Tiles/tile_0019.png,image-uniform,Context review: possible texture/font-space/timing/padding; not automatically corruption,95dba9d0ede995a192a407481478147c668516aee85642f412e5c40581807ebd
work/full-audit/downloads/mega-assets-expansion-v1/shorepine-kenney.zip,shorepine-kenney/2d/Pico-8 Platformer/Transparent/Tiles/tile_0026.png,image-uniform,Context review: possible texture/font-space/timing/padding; not automatically corruption,aaa0d3442e7c9d466e393e78688d1a4f935b503ba7ed32cfd86c32ac6d5c92b6
work/full-audit/downloads/mega-assets-expansion-v1/shorepine-kenney.zip,shorepine-kenney/2d/Platformer Pack Nautical/nauticalTile_197.png,image-uniform,Context review: possible texture/font-space/timing/padding; not automatically corruption,56e8f15270e830f59bd4f6a5a350283a59733be1b92dc8e210959639098b0e4d
work/full-audit/downloads/mega-assets-expansion-v1/shorepine-kenney.zip,shorepine-kenney/2d/Platformer Pack Nautical/nauticalTile_002.png,image-uniform,Context review: possible texture/font-space/timing/padding; not automatically corruption,1f6adeaa8b74faee76db574ac1aaf50ebf6d7f64a064dc6fac812078656e80e3
work/full-audit/downloads/mega-assets-expansion-v1/shorepine-kenney.zip,shorepine-kenney/2d/Tower Defense/Retina/towerDefense_tile188.png,image-uniform,Context review: possible texture/font-space/timing/padding; not automatically corruption,9dce89de330aafe5c40347e1dfc75cc9da7667839cc51a7d84074bd789a4ea9e
work/full-audit/downloads/mega-assets-expansion-v1/shorepine-kenney.zip,shorepine-kenney/2d/Tower Defense/Retina/towerDefense_tile198.png,image-uniform,Context review: possible texture/font-space/timing/padding; not automatically corruption,9dce89de330aafe5c40347e1dfc75cc9da7667839cc51a7d84074bd789a4ea9e
work/full-audit/downloads/mega-assets-expansion-v1/shorepine-kenney.zip,shorepine-kenney/2d/Tower Defense/Retina/towerDefense_tile124.png,image-uniform,Context review: possible texture/font-space/timing/padding; not automatically corruption,b206fc4d3311a03aa12dc77026c98013cbd440fdb0ebef1503a39f3665607b32
work/full-audit/downloads/mega-assets-expansion-v1/shorepine-kenney.zip,shorepine-kenney/2d/Tower Defense/Retina/towerDefense_tile055.png,image-uniform,Context review: possible texture/font-space/timing/padding; not automatically corruption,ec1019593c97b802447a5c3cbbff2ba8f8d713c89bd2b359c1c34f787a11f84e
work/full-audit/downloads/mega-assets-expansion-v1/shorepine-kenney.zip,shorepine-kenney/2d/Tower Defense/Retina/towerDefense_tile262.png,image-uniform,Context review: possible texture/font-space/timing/padding; not automatically corruption,0226485e4585c1e0527a5ed0b9347c4cf28d99db845b7f05273b9cb9434dcf4f
work/full-audit/downloads/mega-assets-expansion-v1/shorepine-kenney.zip,shorepine-kenney/2d/Tower Defense/Retina/towerDefense_tile050.png,image-uniform,Context review: possible texture/font-space/timing/padding; not automatically corruption,ec1019593c97b802447a5c3cbbff2ba8f8d713c89bd2b359c1c34f787a11f84e
work/full-audit/downloads/mega-assets-expansion-v1/shorepine-kenney.zip,shorepine-kenney/2d/Tower Defense/Retina/towerDefense_tile267.png,image-uniform,Context review: possible texture/font-space/timing/padding; not automatically corruption,0226485e4585c1e0527a5ed0b9347c4cf28d99db845b7f05273b9cb9434dcf4f
work/full-audit/downloads/mega-assets-expansion-v1/shorepine-kenney.zip,shorepine-kenney/2d/Tower Defense/Retina/towerDefense_tile119.png,image-uniform,Context review: possible texture/font-space/timing/padding; not automatically corruption,b206fc4d3311a03aa12dc77026c98013cbd440fdb0ebef1503a39f3665607b32
work/full-audit/downloads/mega-assets-expansion-v1/shorepine-kenney.zip,shorepine-kenney/2d/Tower Defense/Retina/towerDefense_tile129.png,image-uniform,Context review: possible texture/font-space/timing/padding; not automatically corruption,b206fc4d3311a03aa12dc77026c98013cbd440fdb0ebef1503a39f3665607b32
work/full-audit/downloads/mega-assets-expansion-v1/shorepine-kenney.zip,shorepine-kenney/2d/Tower Defense/Retina/towerDefense_tile060.png,image-uniform,Context review: possible texture/font-space/timing/padding; not automatically corruption,ec1019593c97b802447a5c3cbbff2ba8f8d713c89bd2b359c1c34f787a11f84e
work/full-audit/downloads/mega-assets-expansion-v1/shorepine-kenney.zip,shorepine-kenney/2d/Tower Defense/Retina/towerDefense_tile193.png,image-uniform,Context review: possible texture/font-space/timing/padding; not automatically corruption,9dce89de330aafe5c40347e1dfc75cc9da7667839cc51a7d84074bd789a4ea9e
work/full-audit/downloads/mega-assets-expansion-v1/shorepine-kenney.zip,shorepine-kenney/2d/Tower Defense/Retina/towerDefense_tile257.png,image-uniform,Context review: possible texture/font-space/timing/padding; not automatically corruption,0226485e4585c1e0527a5ed0b9347c4cf28d99db845b7f05273b9cb9434dcf4f
work/full-audit/downloads/mega-assets-expansion-v1/shorepine-kenney.zip,shorepine-kenney/2d/Tower Defense/towerDefense_tile188.png,image-uniform,Context review: possible texture/font-space/timing/padding; not automatically corruption,b347aa689d4c8c68f92de5b0f5254523736c218b59118bdcc6d3a111b1cfd81d
work/full-audit/downloads/mega-assets-expansion-v1/shorepine-kenney.zip,shorepine-kenney/2d/Tower Defense/towerDefense_tile198.png,image-uniform,Context review: possible texture/font-space/timing/padding; not automatically corruption,b347aa689d4c8c68f92de5b0f5254523736c218b59118bdcc6d3a111b1cfd81d
work/full-audit/downloads/mega-assets-expansion-v1/shorepine-kenney.zip,shorepine-kenney/2d/Tower Defense/towerDefense_tile124.png,image-uniform,Context review: possible texture/font-space/timing/padding; not automatically corruption,6f03b3dba2c5139328b44e08cbe1ce69031a2db22546a59ef1829624be5718b7
work/full-audit/downloads/mega-assets-expansion-v1/shorepine-kenney.zip,shorepine-kenney/2d/Tower Defense/towerDefense_tile055.png,image-uniform,Context review: possible texture/font-space/timing/padding; not automatically corruption,276cb2fcac4ecb462c81a950cc1bf37186c67fce98f46488b139c07aeb55c20f
work/full-audit/downloads/mega-assets-expansion-v1/shorepine-kenney.zip,shorepine-kenney/2d/Tower Defense/towerDefense_tile262.png,image-uniform,Context review: possible texture/font-space/timing/padding; not automatically corruption,7dcca51c3e0fcf7e49f9b8f5a4a038801d7645af35e364b2eea83338e7397a93
work/full-audit/downloads/mega-assets-expansion-v1/shorepine-kenney.zip,shorepine-kenney/2d/Tower Defense/towerDefense_tile050.png,image-uniform,Context review: possible texture/font-space/timing/padding; not automatically corruption,276cb2fcac4ecb462c81a950cc1bf37186c67fce98f46488b139c07aeb55c20f
work/full-audit/downloads/mega-assets-expansion-v1/shorepine-kenney.zip,shorepine-kenney/2d/Tower Defense/towerDefense_tile267.png,image-uniform,Context review: possible texture/font-space/timing/padding; not automatically corruption,7dcca51c3e0fcf7e49f9b8f5a4a038801d7645af35e364b2eea83338e7397a93
work/full-audit/downloads/mega-assets-expansion-v1/shorepine-kenney.zip,shorepine-kenney/2d/Tower Defense/towerDefense_tile119.png,image-uniform,Context review: possible texture/font-space/timing/padding; not automatically corruption,6f03b3dba2c5139328b44e08cbe1ce69031a2db22546a59ef1829624be5718b7
work/full-audit/downloads/mega-assets-expansion-v1/shorepine-kenney.zip,shorepine-kenney/2d/Tower Defense/towerDefense_tile129.png,image-uniform,Context review: possible texture/font-space/timing/padding; not automatically corruption,6f03b3dba2c5139328b44e08cbe1ce69031a2db22546a59ef1829624be5718b7
work/full-audit/downloads/mega-assets-expansion-v1/shorepine-kenney.zip,shorepine-kenney/2d/Tower Defense/towerDefense_tile060.png,image-uniform,Context review: possible texture/font-space/timing/padding; not automatically corruption,276cb2fcac4ecb462c81a950cc1bf37186c67fce98f46488b139c07aeb55c20f
work/full-audit/downloads/mega-assets-expansion-v1/shorepine-kenney.zip,shorepine-kenney/2d/Tower Defense/towerDefense_tile193.png,image-uniform,Context review: possible texture/font-space/timing/padding; not automatically corruption,b347aa689d4c8c68f92de5b0f5254523736c218b59118bdcc6d3a111b1cfd81d
work/full-audit/downloads/mega-assets-expansion-v1/shorepine-kenney.zip,shorepine-kenney/2d/Tower Defense/towerDefense_tile257.png,image-uniform,Context review: possible texture/font-space/timing/padding; not automatically corruption,7dcca51c3e0fcf7e49f9b8f5a4a038801d7645af35e364b2eea83338e7397a93
work/full-audit/downloads/mega-assets-expansion-v1/shorepine-kenney.zip,shorepine-kenney/2d/Voxel Pack/Particles/square_orange.png,image-uniform,Context review: possible texture/font-space/timing/padding; not automatically corruption,d6ad05f15794d7789906ee5ab6456c5744c1f084f04870c8269efc5cebf768ec
work/full-audit/downloads/mega-assets-expansion-v1/shorepine-kenney.zip,shorepine-kenney/2d/Voxel Pack/Particles/square_blue.png,image-uniform,Context review: possible texture/font-space/timing/padding; not automatically corruption,45f93431bc56953c24877f2505a8c33812a57d1da1c2e209fc045026f38bcb3b
work/full-audit/downloads/mega-assets-expansion-v1/shorepine-kenney.zip,shorepine-kenney/2d/Voxel Pack/Particles/square_white.png,image-uniform,Context review: possible texture/font-space/timing/padding; not automatically corruption,0877a415d43b26cfee45e09561e1d719b829499f06b93f843122f071107a0523
work/full-audit/downloads/mega-assets-expansion-v1/shorepine-kenney.zip,shorepine-kenney/2d/Voxel Pack/Particles/square_red.png,image-uniform,Context review: possible texture/font-space/timing/padding; not automatically corruption,6b46a093b890deaca7e1f58586c3450f6b908ffff890713e6b43e17b98e2d5e6
work/full-audit/downloads/mega-assets-expansion-v1/shorepine-kenney.zip,shorepine-kenney/2d/Voxel Pack/Characters/Fox/fox_ear.png,image-uniform,Context review: possible texture/font-space/timing/padding; not automatically corruption,20c1b74e79fcfc7412db1ea03f29db202e872c9effc55e9ad352e9931383c0d1
work/full-audit/downloads/mega-assets-expansion-v1/shorepine-kenney.zip,shorepine-kenney/2d/Foliage Pack/Retina/Leaves/foliagePack_leaves_030.png,image-uniform,Context review: possible texture/font-space/timing/padding; not automatically corruption,ff7d9b32f5affc1b720d8486f3c8c3b2b6328c284356ac21e7d60a0a6a0840c1
work/full-audit/downloads/mega-assets-expansion-v1/shorepine-kenney.zip,shorepine-kenney/2d/Foliage Pack/Retina/Leaves/foliagePack_leaves_022.png,image-uniform,Context review: possible texture/font-space/timing/padding; not automatically corruption,6b4fc2a380a0c78891e7ec43acc4d89ddcb927a983d43755535a1ab72c02357e
work/full-audit/downloads/mega-assets-expansion-v1/shorepine-kenney.zip,shorepine-kenney/2d/Foliage Pack/Retina/Leaves/foliagePack_leaves_017.png,image-uniform,Context review: possible texture/font-space/timing/padding; not automatically corruption,6b4fc2a380a0c78891e7ec43acc4d89ddcb927a983d43755535a1ab72c02357e
work/full-audit/downloads/mega-assets-expansion-v1/shorepine-kenney.zip,shorepine-kenney/2d/Foliage Pack/Retina/Leaves/foliagePack_leaves_025.png,image-uniform,Context review: possible texture/font-space/timing/padding; not automatically corruption,ff7d9b32f5affc1b720d8486f3c8c3b2b6328c284356ac21e7d60a0a6a0840c1
work/full-audit/downloads/mega-assets-expansion-v1/shorepine-kenney.zip,shorepine-kenney/2d/Foliage Pack/Leaves/foliagePack_leaves_023.png,image-uniform,Context review: possible texture/font-space/timing/padding; not automatically corruption,826a668f37312bb0089bde580d01ffa86d2eb7378db6d53f32b27d71033c94f1
work/full-audit/downloads/mega-assets-expansion-v1/shorepine-kenney.zip,shorepine-kenney/2d/Foliage Pack/Leaves/foliagePack_leaves_018.png,image-uniform,Context review: possible texture/font-space/timing/padding; not automatically corruption,826a668f37312bb0089bde580d01ffa86d2eb7378db6d53f32b27d71033c94f1
work/full-audit/downloads/mega-assets-expansion-v1/shorepine-kenney.zip,shorepine-kenney/2d/Foliage Pack/Leaves/foliagePack_leaves_026.png,image-uniform,Context review: possible texture/font-space/timing/padding; not automatically corruption,9c4dafdcaaaecda7826183387bceea7061ad438178bada920840146fc4460ec0
work/full-audit/downloads/mega-assets-expansion-v1/shorepine-kenney.zip,shorepine-kenney/2d/Foliage Pack/Leaves/foliagePack_leaves_031.png,image-uniform,Context review: possible texture/font-space/timing/padding; not automatically corruption,9c4dafdcaaaecda7826183387bceea7061ad438178bada920840146fc4460ec0
work/full-audit/downloads/mega-assets-expansion-v1/shorepine-kenney.zip,shorepine-kenney/2d/Tiny Battle/Tiles/tile_0000.png,image-uniform,Context review: possible texture/font-space/timing/padding; not automatically corruption,d4c692ef80ee97b3395b885ae07020d42a106683ff3650df240f8e972bd5a041
work/full-audit/downloads/mega-assets-expansion-v1/shorepine-kenney.zip,shorepine-kenney/2d/Pixel Platformer Farm Expansion/Tiles/tile_0030.png,image-uniform,Context review: possible texture/font-space/timing/padding; not automatically corruption,504edc9662d85188361d1c13154a57ed6ced5afee8e19defe39627650c4e844e
work/full-audit/downloads/mega-assets-expansion-v1/shorepine-kenney.zip,shorepine-kenney/2d/Topdown Tanks/Environment/grass.png,image-uniform,Context review: possible texture/font-space/timing/padding; not automatically corruption,6b4fc2a380a0c78891e7ec43acc4d89ddcb927a983d43755535a1ab72c02357e
work/full-audit/downloads/mega-assets-expansion-v1/shorepine-kenney.zip,shorepine-kenney/2d/New Platformer Pack/Sprites/Backgrounds/background_solid_grass.png,image-uniform,Context review: possible texture/font-space/timing/padding; not automatically corruption,733c1fc081c98fe5ee354c6f208f5dbf58d1fcc0556d92b9c0cb605e7f562cd8
work/full-audit/downloads/mega-assets-expansion-v1/shorepine-kenney.zip,shorepine-kenney/2d/New Platformer Pack/Sprites/Backgrounds/Double/background_solid_grass.png,image-uniform,Context review: possible texture/font-space/timing/padding; not automatically corruption,32a24b54466f97bd996157be036e3f11ffd0bc0e4795d2913f9fd81f76922583
work/full-audit/downloads/mega-assets-expansion-v1/shorepine-kenney.zip,shorepine-kenney/2d/New Platformer Pack/Sprites/Backgrounds/Double/background_solid_dirt.png,image-uniform,Context review: possible texture/font-space/timing/padding; not automatically corruption,c9ef8691f6dacd3868fdbbb2aba3eded17d75b59737e8014801c90419202d7af
work/full-audit/downloads/mega-assets-expansion-v1/shorepine-kenney.zip,shorepine-kenney/2d/New Platformer Pack/Sprites/Backgrounds/Double/background_solid_sky.png,image-uniform,Context review: possible texture/font-space/timing/padding; not automatically corruption,55ccb7de46809cdc96ea4453884c4fff29beaf21f8283e11339e406c88d3f5db
work/full-audit/downloads/mega-assets-expansion-v1/shorepine-kenney.zip,shorepine-kenney/2d/New Platformer Pack/Sprites/Backgrounds/Double/background_solid_sand.png,image-uniform,Context review: possible texture/font-space/timing/padding; not automatically corruption,7790af96f1d388a9685745451dea6b2a6ed03893e1f353ab79e546282bb525a3
work/full-audit/downloads/mega-assets-expansion-v1/shorepine-kenney.zip,shorepine-kenney/2d/New Platformer Pack/Sprites/Backgrounds/Double/background_solid_cloud.png,image-uniform,Context review: possible texture/font-space/timing/padding; not automatically corruption,5e0c038a8685e7d84caceef281e687ae711090627c114bc19d2f49a58eac6ee6
work/full-audit/downloads/mega-assets-expansion-v1/shorepine-kenney.zip,shorepine-kenney/2d/New Platformer Pack/Sprites/Backgrounds/background_solid_dirt.png,image-uniform,Context review: possible texture/font-space/timing/padding; not automatically corruption,9cb5a19f8be0488b304c4f4ed146860063075cc7f06ef5e06d08d36edb7e07ea
work/full-audit/downloads/mega-assets-expansion-v1/shorepine-kenney.zip,shorepine-kenney/2d/New Platformer Pack/Sprites/Backgrounds/background_solid_sky.png,image-uniform,Context review: possible texture/font-space/timing/padding; not automatically corruption,2a5933f9f6d6a8495b32c544a80f1ca98031d8cb82639fc0ca6db44b76a313c9
work/full-audit/downloads/mega-assets-expansion-v1/shorepine-kenney.zip,shorepine-kenney/2d/New Platformer Pack/Sprites/Backgrounds/background_solid_sand.png,image-uniform,Context review: possible texture/font-space/timing/padding; not automatically corruption,5b4e4e58391aad81b20c9998ba2448703ef30e3c19b831d10a491aa2ee8812c3
work/full-audit/downloads/mega-assets-expansion-v1/shorepine-kenney.zip,shorepine-kenney/2d/New Platformer Pack/Sprites/Backgrounds/background_solid_cloud.png,image-uniform,Context review: possible texture/font-space/timing/padding; not automatically corruption,a31767e04c75e6abfb0821090784afb84e9d66df5c5d9afdab709347650ddb91
work/full-audit/downloads/mega-assets-expansion-v1/shorepine-kenney.zip,shorepine-kenney/2d/Micro Roguelike/Tiles/Colored/tile_0017.png,image-uniform,Context review: possible texture/font-space/timing/padding; not automatically corruption,2437f696b790af6aa3b9b4abf3afa9f9d4c71fc0b855ac45a1623ee7b4ea832e
work/full-audit/downloads/mega-assets-expansion-v1/shorepine-kenney.zip,shorepine-kenney/2d/Micro Roguelike/Tiles/Monochrome/tile_0017.png,image-uniform,Context review: possible texture/font-space/timing/padding; not automatically corruption,2437f696b790af6aa3b9b4abf3afa9f9d4c71fc0b855ac45a1623ee7b4ea832e
work/full-audit/downloads/mega-assets-expansion-v1/shorepine-kenney.zip,shorepine-kenney/2d/Platformer Pack Medieval/medievalTile_179.png,image-uniform,Context review: possible texture/font-space/timing/padding; not automatically corruption,150ae7b0ddfdac289bcc96e6a37fc5509e717b3d9c3bb8783582ba38b733732e
work/full-audit/downloads/mega-assets-expansion-v1/shorepine-kenney.zip,shorepine-kenney/2d/Platformer Pack Medieval/medievalTile_176.png,image-uniform,Context review: possible texture/font-space/timing/padding; not automatically corruption,150ae7b0ddfdac289bcc96e6a37fc5509e717b3d9c3bb8783582ba38b733732e
work/full-audit/downloads/mega-assets-expansion-v1/shorepine-kenney.zip,shorepine-kenney/2d/Emote Pack/Pixel/Style 8/emote__.png,image-fully-transparent,Context review: possible texture/font-space/timing/padding; not automatically corruption,7e136302d0344399d1e6c30a83f881474a721828545169c8f50e21b02d713583
work/full-audit/downloads/mega-assets-expansion-v1/shorepine-kenney.zip,shorepine-kenney/2d/Road Textures (Classic)/terrainTile2.png,image-uniform,Context review: possible texture/font-space/timing/padding; not automatically corruption,998f65cab21ff45d4ff052946542ecf740780604d96ce65989541dc1c4df651b
work/full-audit/downloads/mega-assets-expansion-v1/shorepine-kenney.zip,shorepine-kenney/2d/Road Textures (Classic)/terrainTile4.png,image-uniform,Context review: possible texture/font-space/timing/padding; not automatically corruption,a137e824ee773088c1e1269225c9e7c69ee861c694a9f3d2d7df172412b296df
work/full-audit/downloads/mega-assets-expansion-v1/shorepine-kenney.zip,shorepine-kenney/2d/Road Textures (Classic)/terrainTile5.png,image-uniform,Context review: possible texture/font-space/timing/padding; not automatically corruption,26b72e819f4ae5609f7e809dc7ab0233259b73b86e453fb1f6ede3313fd033c0
work/full-audit/downloads/mega-assets-expansion-v1/shorepine-kenney.zip,shorepine-kenney/2d/Road Textures (Classic)/terrainTile6.png,image-uniform,Context review: possible texture/font-space/timing/padding; not automatically corruption,f8b5388ce8b4df36295ea8b10784858bb7a9f62c4da73001e63fb77fabe91cdc
work/full-audit/downloads/mega-assets-expansion-v1/shorepine-kenney.zip,shorepine-kenney/2d/Road Textures (Classic)/terrainTile3.png,image-uniform,Context review: possible texture/font-space/timing/padding; not automatically corruption,cd6442462c8f191598275a0348a8c2fb21b7064907dea652cb669c66f568fb39
work/full-audit/downloads/mega-assets-expansion-v1/shorepine-kenney.zip,shorepine-kenney/2d/Road Textures (Classic)/terrainTile1.png,image-uniform,Context review: possible texture/font-space/timing/padding; not automatically corruption,054efa57f730fbbaff21cdc602d686ebf393afa91888b563d5e673364b5ed400
work/full-audit/downloads/mega-assets-expansion-v1/shorepine-kenney.zip,shorepine-kenney/2d/Fish Pack/background_terrain.png,image-uniform,Context review: possible texture/font-space/timing/padding; not automatically corruption,41ca248e190696be018377babe0b63c26ff468f91c1ef489ed643896e019f8a0
work/full-audit/downloads/mega-assets-expansion-v1/shorepine-kenney.zip,shorepine-kenney/2d/Fish Pack/Double/background_terrain.png,image-uniform,Context review: possible texture/font-space/timing/padding; not automatically corruption,354d46429528b347b0c0e994c952485c94269de19bd4ffa9face1ff46dd99f34
work/full-audit/downloads/mega-assets-expansion-v1/shorepine-kenney.zip,shorepine-kenney/2d/Topdown Shooter/Tiles/tile_377.png,image-uniform,Context review: possible texture/font-space/timing/padding; not automatically corruption,adab497918a924a224233c68df84dfef1663263d5c03fcae500ea912a6f9f4da
work/full-audit/downloads/mega-assets-expansion-v1/shorepine-kenney.zip,shorepine-kenney/2d/Topdown Shooter/Tiles/tile_401.png,image-uniform,Context review: possible texture/font-space/timing/padding; not automatically corruption,1e0f723af46c87354b8d588bda4872fe1dbc41d8ee7b5938d53413c40bfc9327
work/full-audit/downloads/mega-assets-expansion-v1/shorepine-kenney.zip,shorepine-kenney/2d/Topdown Shooter/Tiles/tile_398.png,image-uniform,Context review: possible texture/font-space/timing/padding; not automatically corruption,a286ab183195cb02f591a944b63f2fba1472def52a768a1d606e6a7a42753fa6
work/full-audit/downloads/mega-assets-expansion-v1/shorepine-kenney.zip,shorepine-kenney/2d/Topdown Shooter/Tiles/tile_93.png,image-uniform,Context review: possible texture/font-space/timing/padding; not automatically corruption,f8d2d89f643852079d8f6a09eb430dc1ae757e52b116a4445b82c06835f55a3a
work/full-audit/downloads/mega-assets-expansion-v1/shorepine-kenney.zip,shorepine-kenney/2d/Topdown Shooter/Tiles/tile_86.png,image-uniform,Context review: possible texture/font-space/timing/padding; not automatically corruption,f8d2d89f643852079d8f6a09eb430dc1ae757e52b116a4445b82c06835f55a3a
work/full-audit/downloads/mega-assets-expansion-v1/shorepine-kenney.zip,shorepine-kenney/2d/Topdown Shooter/Tiles/tile_331.png,image-uniform,Context review: possible texture/font-space/timing/padding; not automatically corruption,19125303b9327509a02d9cb26e6bf1c0a849034f97fdbb380442b74814aae93d
work/full-audit/downloads/mega-assets-expansion-v1/shorepine-kenney.zip,shorepine-kenney/2d/Topdown Shooter/Tiles/tile_169.png,image-uniform,Context review: possible texture/font-space/timing/padding; not automatically corruption,f8d2d89f643852079d8f6a09eb430dc1ae757e52b116a4445b82c06835f55a3a
work/full-audit/downloads/mega-assets-expansion-v1/shorepine-kenney.zip,shorepine-kenney/2d/Topdown Shooter/Tiles/tile_340.png,image-uniform,Context review: possible texture/font-space/timing/padding; not automatically corruption,f8d2d89f643852079d8f6a09eb430dc1ae757e52b116a4445b82c06835f55a3a
work/full-audit/downloads/mega-assets-expansion-v1/shorepine-kenney.zip,shorepine-kenney/2d/Topdown Shooter/Tiles/tile_178.png,image-uniform,Context review: possible texture/font-space/timing/padding; not automatically corruption,f8d2d89f643852079d8f6a09eb430dc1ae757e52b116a4445b82c06835f55a3a
work/full-audit/downloads/mega-assets-expansion-v1/shorepine-kenney.zip,shorepine-kenney/2d/Development Essentials/1û1 Pixels/pixel-transparent.png,image-fully-transparent,Context review: possible texture/font-space/timing/padding; not automatically corruption,63ef318d96b5d0d0ceba6e04a4e622b1158335cdc67c49e27839132c6f655058
work/full-audit/downloads/mega-assets-expansion-v1/shorepine-kenney.zip,shorepine-kenney/2d/Development Essentials/1û1 Pixels/pixel-black.png,image-uniform,Context review: possible texture/font-space/timing/padding; not automatically corruption,431ced6916a2a21a156e38701afe55bbd7f88969fbbfc56d7fe099d47f265460
work/full-audit/downloads/mega-assets-expansion-v1/shorepine-kenney.zip,shorepine-kenney/2d/Development Essentials/1û1 Pixels/pixel-white.png,image-uniform,Context review: possible texture/font-space/timing/padding; not automatically corruption,5e3d382db4dd83d59aa5742793ad6b7903409e865c83bcbc54835049f043bc15
work/full-audit/downloads/mega-assets-expansion-v1/shorepine-kenney.zip,shorepine-kenney/2d/Development Essentials/Normal map/default-normal.png,image-uniform,Context review: possible texture/font-space/timing/padding; not automatically corruption,3e811a48fb53eb2b38d370d9cf86b1a69bbbd4c91fe3e775ef90d5e163dc830a
work/full-audit/downloads/mega-assets-expansion-v1/shorepine-kenney.zip,shorepine-kenney/2d/Development Essentials/4û4 Pixels/pixel-transparent.png,image-fully-transparent,Context review: possible texture/font-space/timing/padding; not automatically corruption,ce05f11cb7adbfa934087d25ab0920e9f9e6c17dfeb14d12dbdadb5ecaf667e6
work/full-audit/downloads/mega-assets-expansion-v1/shorepine-kenney.zip,shorepine-kenney/2d/Development Essentials/4û4 Pixels/pixel-black.png,image-uniform,Context review: possible texture/font-space/timing/padding; not automatically corruption,f81708c74c8a3b626dd3fbd93ad08a17e88aaed7cde328161a990751e2ea0b87
work/full-audit/downloads/mega-assets-expansion-v1/shorepine-kenney.zip,shorepine-kenney/2d/Development Essentials/4û4 Pixels/pixel-white.png,image-uniform,Context review: possible texture/font-space/timing/padding; not automatically corruption,4c7b4fa5e80ad2a279bf6cc7681caa49180a54faba99f7f761c2e7da1d420b4c
work/full-audit/downloads/mega-assets-expansion-v1/shorepine-kenney.zip,shorepine-kenney/2d/Tiny Dungeon/Tiles/tile_0000.png,image-uniform,Context review: possible texture/font-space/timing/padding; not automatically corruption,ebf91e6638d484dc6bdaec5f30e91589252125146b70c2911f11fac7ebe17090
work/full-audit/downloads/mega-assets-expansion-v1/shorepine-kenney.zip,shorepine-kenney/2d/Tiny Dungeon/Tiles/tile_0048.png,image-uniform,Context review: possible texture/font-space/timing/padding; not automatically corruption,63519065228f5f8af6200d979fa54cd7f00650034ceea10a1609203a34b3ff9b
work/full-audit/downloads/mega-assets-expansion-v1/shorepine-kenney.zip,shorepine-kenney/2d/Abstract Platformer/Other/fluidRed.png,image-uniform,Context review: possible texture/font-space/timing/padding; not automatically corruption,ccdc14c6c409ac7f48ad496da6d547bb791d3234cc95237ef16c12fbf31ac043
work/full-audit/downloads/mega-assets-expansion-v1/shorepine-kenney.zip,shorepine-kenney/2d/Abstract Platformer/Other/fluidGreen.png,image-uniform,Context review: possible texture/font-space/timing/padding; not automatically corruption,c4d2a5db4f4f0c3d00e49cb6daf47905e02e8300e3d9210057ba3bd8b50f6436
work/full-audit/downloads/mega-assets-expansion-v1/shorepine-kenney.zip,shorepine-kenney/2d/Abstract Platformer/Other/fluidBrown.png,image-uniform,Context review: possible texture/font-space/timing/padding; not automatically corruption,3009bb9cbec31f3dc9644ed6bf5ed16cbb474058e14513c450fd92aa5cdfa3fd
work/full-audit/downloads/mega-assets-expansion-v1/shorepine-kenney.zip,shorepine-kenney/2d/Abstract Platformer/Other/lockRedMid.png,image-uniform,Context review: possible texture/font-space/timing/padding; not automatically corruption,ccdc14c6c409ac7f48ad496da6d547bb791d3234cc95237ef16c12fbf31ac043
work/full-audit/downloads/mega-assets-expansion-v1/shorepine-kenney.zip,shorepine-kenney/2d/Abstract Platformer/Other/plantStem_horizontal.png,image-uniform,Context review: possible texture/font-space/timing/padding; not automatically corruption,36ee26a06ef5878be709904f0afde531c603e2453e3a169eebe4a6400ef162ef
work/full-audit/downloads/mega-assets-expansion-v1/shorepine-kenney.zip,shorepine-kenney/2d/Abstract Platformer/Other/plantStem_vertical.png,image-uniform,Context review: possible texture/font-space/timing/padding; not automatically corruption,9529ac51ef59d36b9fc8bc8225fd4ccf894a3ce83e320042de439aac7d233915
work/full-audit/downloads/mega-assets-expansion-v1/shorepine-kenney.zip,shorepine-kenney/2d/Abstract Platformer/Other/lockGreenMid.png,image-uniform,Context review: possible texture/font-space/timing/padding; not automatically corruption,dc7181165c734dc0a5a76916c1d40318484f520929546a898119666898cfa048
work/full-audit/downloads/mega-assets-expansion-v1/shorepine-kenney.zip,shorepine-kenney/2d/Abstract Platformer/Other/fluidBlue.png,image-uniform,Context review: possible texture/font-space/timing/padding; not automatically corruption,5fbf88a60299133545c771446be59d2e98adefc37dc2823c6ff9ee7335a167c4
work/full-audit/downloads/mega-assets-expansion-v1/shorepine-kenney.zip,shorepine-kenney/2d/Abstract Platformer/Backgrounds/set2_background.png,image-uniform,Context review: possible texture/font-space/timing/padding; not automatically corruption,cb94c610f08d722ade949b1d2fe60314926120eb1108a538985a569fb27d0649
work/full-audit/downloads/mega-assets-expansion-v1/shorepine-kenney.zip,shorepine-kenney/2d/Abstract Platformer/Backgrounds/set4_background.png,image-uniform,Context review: possible texture/font-space/timing/padding; not automatically corruption,57ac148e422d70dd1e78749881f1aa47e657041f11a9932d53fb9e8dfdf06b72
work/full-audit/downloads/mega-assets-expansion-v1/shorepine-kenney.zip,shorepine-kenney/2d/Abstract Platformer/Backgrounds/set1_background.png,image-uniform,Context review: possible texture/font-space/timing/padding; not automatically corruption,c7f45bbcb9281520bad683a3f0f97c26bfb55c89871063de82fa9cf03071bd65
work/full-audit/downloads/mega-assets-expansion-v1/shorepine-kenney.zip,shorepine-kenney/2d/Abstract Platformer/Backgrounds/set3_background.png,image-uniform,Context review: possible texture/font-space/timing/padding; not automatically corruption,8b0add484e0ea58d690ddc360f5be4fa189b16d70bbf6fed1a9275ea7bc8a458
work/full-audit/downloads/mega-assets-expansion-v1/shorepine-kenney.zip,shorepine-kenney/2d/Abstract Platformer/Tiles/Yellow tiles/tileYellow_04.png,image-uniform,Context review: possible texture/font-space/timing/padding; not automatically corruption,c4d2a5db4f4f0c3d00e49cb6daf47905e02e8300e3d9210057ba3bd8b50f6436
work/full-audit/downloads/mega-assets-expansion-v1/shorepine-kenney.zip,shorepine-kenney/2d/Abstract Platformer/Tiles/Green tiles/tileGreen_03.png,image-uniform,Context review: possible texture/font-space/timing/padding; not automatically corruption,301216c2e49d7a5568e71d386c4652d97152cc0c7c000b00b50057fbabc04d96
work/full-audit/downloads/mega-assets-expansion-v1/shorepine-kenney.zip,shorepine-kenney/2d/Abstract Platformer/Tiles/Brown tiles/tileBrown_27.png,image-uniform,Context review: possible texture/font-space/timing/padding; not automatically corruption,3009bb9cbec31f3dc9644ed6bf5ed16cbb474058e14513c450fd92aa5cdfa3fd
work/full-audit/downloads/mega-assets-expansion-v1/shorepine-kenney.zip,shorepine-kenney/2d/Abstract Platformer/Tiles/Blue tiles/tileBlue_03.png,image-uniform,Context review: possible texture/font-space/timing/padding; not automatically corruption,55249b71a68d6ccc8bad9ef80b42c013e41ee01a0340fc7712612b49f814ba76
work/full-audit/downloads/mega-assets-expansion-v1/shorepine-kenney.zip,shorepine-kenney/2d/Pixel Shmup/Tiles/tile_0042.png,image-uniform,Context review: possible texture/font-space/timing/padding; not automatically corruption,8763cef38375a3b299dd885c9a39f10094a1d39cb1ff745b96957f6b76fc0472
work/full-audit/downloads/mega-assets-expansion-v1/shorepine-kenney.zip,shorepine-kenney/2d/Monochrome Pirates/Dot Matrix/Tiles/tile_0057.png,image-uniform,Context review: possible texture/font-space/timing/padding; not automatically corruption,51f2f5afd597cf211b06215f746674ee23bf86ae29dabac53de3ec1615d61a69
work/full-audit/downloads/mega-assets-expansion-v1/shorepine-kenney.zip,shorepine-kenney/2d/Monochrome Pirates/Dot Matrix/Tiles/tile_0000.png,image-uniform,Context review: possible texture/font-space/timing/padding; not automatically corruption,721770ff098f624775b36bfb5a20644132eb490b1b8b6e0bb237e5d7eee62bca
work/full-audit/downloads/mega-assets-expansion-v1/shorepine-kenney.zip,shorepine-kenney/2d/Monochrome Pirates/Dot Matrix/Tiles/tile_0017.png,image-uniform,Context review: possible texture/font-space/timing/padding; not automatically corruption,8445d6ec6a8728e687416d4911fe6db13cddb091feb68148f0f1cf6361a213e8
work/full-audit/downloads/mega-assets-expansion-v1/shorepine-kenney.zip,shorepine-kenney/2d/Monochrome Pirates/Monochrome/Tiles/tile_0057.png,image-uniform,Context review: possible texture/font-space/timing/padding; not automatically corruption,3cda9a435e73c5569b76877941b335e4063cbf2fe2a31c50fc07ce05fb08985f
work/full-audit/downloads/mega-assets-expansion-v1/shorepine-kenney.zip,shorepine-kenney/2d/Monochrome Pirates/Monochrome/Tiles/tile_0000.png,image-uniform,Context review: possible texture/font-space/timing/padding; not automatically corruption,928472ab843025677cfa56511dda1ca3c1147bf1e35e9c843e49489fea3764f3
work/full-audit/downloads/mega-assets-expansion-v1/shorepine-kenney.zip,shorepine-kenney/2d/Monochrome Pirates/Monochrome/Tiles/tile_0017.png,image-uniform,Context review: possible texture/font-space/timing/padding; not automatically corruption,3e7235c687a3fcd23ed3afa5f81b2f2397727690812350ea7d9798e6e9bfebd6
work/full-audit/downloads/mega-assets-expansion-v1/shorepine-kenney.zip,shorepine-kenney/2d/Monochrome Pirates/Tiles/tile_0057.png,image-uniform,Context review: possible texture/font-space/timing/padding; not automatically corruption,1f189559c8f0b29054ac23c2bcf1fdf7849b41f388cc7ace6f5d23722693c102
work/full-audit/downloads/mega-assets-expansion-v1/shorepine-kenney.zip,shorepine-kenney/2d/Monochrome Pirates/Tiles/tile_0000.png,image-uniform,Context review: possible texture/font-space/timing/padding; not automatically corruption,3b8dc9be7eeb4f0ea9afea1703b2146ffe6680e692a31051e27cdd357463f544
work/full-audit/downloads/mega-assets-expansion-v1/shorepine-kenney.zip,shorepine-kenney/2d/Monochrome Pirates/Tiles/tile_0017.png,image-uniform,Context review: possible texture/font-space/timing/padding; not automatically corruption,d2c3e4d7c75cd986abd0024f64e031b3a2b157f76484654c0e9562d1f9428d9e
work/full-audit/downloads/mega-assets-expansion-v1/shorepine-kenney.zip,shorepine-kenney/2d/Pixel Platformer Blocks/Tiles/Rock/tile_0037.png,image-uniform,Context review: possible texture/font-space/timing/padding; not automatically corruption,3b5d80d1df0edeadb95da2a95a7a74f17bbc9f09e0c6838f763366c6d086c25e
work/full-audit/downloads/mega-assets-expansion-v1/shorepine-kenney.zip,shorepine-kenney/2d/Pixel Platformer Blocks/Tiles/Stone/tile_0037.png,image-uniform,Context review: possible texture/font-space/timing/padding; not automatically corruption,70251180801c145040e2ea766fd613841b60e7d77ca65d37cd8dc08febaa8234
work/full-audit/downloads/mega-assets-expansion-v1/shorepine-kenney.zip,shorepine-kenney/2d/Pixel Platformer Blocks/Tiles/Sand/tile_0037.png,image-uniform,Context review: possible texture/font-space/timing/padding; not automatically corruption,6dedd66dbf2a8f11f8406af031c0007f7b2d270d4732e36992dfed46dd1c8c2b
work/full-audit/downloads/mega-assets-expansion-v1/shorepine-kenney.zip,shorepine-kenney/2d/Pixel Platformer Blocks/Tiles/Marble/tile_0037.png,image-uniform,Context review: possible texture/font-space/timing/padding; not automatically corruption,ff1610e5760ce2d8c87e1bdd5aa56a54dc661f7bae722e92ffe1667fb48a4012
work/full-audit/downloads/mega-assets-expansion-v1/shorepine-kenney.zip,shorepine-kenney/2d/Pixel Platformer/Tiles/tile_0038.png,image-uniform,Context review: possible texture/font-space/timing/padding; not automatically corruption,dffc34b815b01c2a199a8fce511b73294a09f0f003a182c4a16fa0e3a407b085
work/full-audit/downloads/mega-assets-expansion-v1/shorepine-kenney.zip,shorepine-kenney/2d/Pixel Platformer/Tiles/Backgrounds/tile_0004.png,image-uniform,Context review: possible texture/font-space/timing/padding; not automatically corruption,263af9a9100e75073bdec5ac0db5cf91a4de01311ac6bbb79adbf9991e212913
work/full-audit/downloads/mega-assets-expansion-v1/shorepine-kenney.zip,shorepine-kenney/2d/Pixel Platformer/Tiles/Backgrounds/tile_0006.png,image-uniform,Context review: possible texture/font-space/timing/padding; not automatically corruption,07f1f9bc17aa9ae866e5280835f91056feda5829371a3c0b33ba789287d2ac69
work/full-audit/downloads/mega-assets-expansion-v1/shorepine-kenney.zip,shorepine-kenney/2d/Pixel Platformer/Tiles/Backgrounds/tile_0002.png,image-uniform,Context review: possible texture/font-space/timing/padding; not automatically corruption,cd50302f080010eed7d828bfea4868c31b4cca49bb7a60f3cf69494b2e386f42
work/full-audit/downloads/mega-assets-expansion-v1/shorepine-kenney.zip,shorepine-kenney/2d/Pixel Platformer/Tiles/Backgrounds/tile_0007.png,image-uniform,Context review: possible texture/font-space/timing/padding; not automatically corruption,07f1f9bc17aa9ae866e5280835f91056feda5829371a3c0b33ba789287d2ac69
work/full-audit/downloads/mega-assets-expansion-v1/shorepine-kenney.zip,shorepine-kenney/2d/Pixel Platformer/Tiles/Backgrounds/tile_0018.png,image-uniform,Context review: possible texture/font-space/timing/padding; not automatically corruption,bf07c7802ababdf7066e4c7a684e89b156e597f3a221e0b77fe17e23b7103aff
work/full-audit/downloads/mega-assets-expansion-v1/shorepine-kenney.zip,shorepine-kenney/2d/Pixel Platformer/Tiles/Backgrounds/tile_0000.png,image-uniform,Context review: possible texture/font-space/timing/padding; not automatically corruption,cd50302f080010eed7d828bfea4868c31b4cca49bb7a60f3cf69494b2e386f42
work/full-audit/downloads/mega-assets-expansion-v1/shorepine-kenney.zip,shorepine-kenney/2d/Pixel Platformer/Tiles/Backgrounds/tile_0022.png,image-uniform,Context review: possible texture/font-space/timing/padding; not automatically corruption,8f8032fe4f9ea8a23ce2227918a04d9bf6db91e091374bd3f76b35cd11893c34
work/full-audit/downloads/mega-assets-expansion-v1/shorepine-kenney.zip,shorepine-kenney/2d/Pixel Platformer/Tiles/Backgrounds/tile_0021.png,image-uniform,Context review: possible texture/font-space/timing/padding; not automatically corruption,119d27d7927144853d3ab2ab9af72f1414581ef3c2c85f3f61a106d14d4d2292
work/full-audit/downloads/mega-assets-expansion-v1/shorepine-kenney.zip,shorepine-kenney/2d/Pixel Platformer/Tiles/Backgrounds/tile_0023.png,image-uniform,Context review: possible texture/font-space/timing/padding; not automatically corruption,8f8032fe4f9ea8a23ce2227918a04d9bf6db91e091374bd3f76b35cd11893c34
work/full-audit/downloads/mega-assets-expansion-v1/shorepine-kenney.zip,shorepine-kenney/2d/Pixel Platformer/Tiles/Backgrounds/tile_0017.png,image-uniform,Context review: possible texture/font-space/timing/padding; not automatically corruption,bf07c7802ababdf7066e4c7a684e89b156e597f3a221e0b77fe17e23b7103aff
work/full-audit/downloads/mega-assets-expansion-v1/shorepine-kenney.zip,shorepine-kenney/2d/Pixel Platformer/Tiles/Backgrounds/tile_0016.png,image-uniform,Context review: possible texture/font-space/timing/padding; not automatically corruption,bf07c7802ababdf7066e4c7a684e89b156e597f3a221e0b77fe17e23b7103aff
work/full-audit/downloads/mega-assets-expansion-v1/shorepine-kenney.zip,shorepine-kenney/2d/Pixel Platformer/Tiles/Backgrounds/tile_0019.png,image-uniform,Context review: possible texture/font-space/timing/padding; not automatically corruption,bf07c7802ababdf7066e4c7a684e89b156e597f3a221e0b77fe17e23b7103aff
work/full-audit/downloads/mega-assets-expansion-v1/shorepine-kenney.zip,shorepine-kenney/2d/Pixel Platformer/Tiles/Backgrounds/tile_0020.png,image-uniform,Context review: possible texture/font-space/timing/padding; not automatically corruption,119d27d7927144853d3ab2ab9af72f1414581ef3c2c85f3f61a106d14d4d2292
work/full-audit/downloads/mega-assets-expansion-v1/shorepine-kenney.zip,shorepine-kenney/2d/Pixel Platformer/Tiles/Backgrounds/tile_0005.png,image-uniform,Context review: possible texture/font-space/timing/padding; not automatically corruption,263af9a9100e75073bdec5ac0db5cf91a4de01311ac6bbb79adbf9991e212913
work/full-audit/downloads/mega-assets-expansion-v1/shorepine-kenney.zip,shorepine-kenney/2d/Pixel Platformer/Tiles/Backgrounds/tile_0001.png,image-uniform,Context review: possible texture/font-space/timing/padding; not automatically corruption,cd50302f080010eed7d828bfea4868c31b4cca49bb7a60f3cf69494b2e386f42
work/full-audit/downloads/mega-assets-expansion-v1/shorepine-kenney.zip,shorepine-kenney/2d/Pixel Platformer/Tiles/Backgrounds/tile_0003.png,image-uniform,Context review: possible texture/font-space/timing/padding; not automatically corruption,cd50302f080010eed7d828bfea4868c31b4cca49bb7a60f3cf69494b2e386f42
work/full-audit/downloads/mega-assets-expansion-v1/shorepine-kenney.zip,shorepine-kenney/2d/Platformer Assets Ice/tree.png,image-uniform,Context review: possible texture/font-space/timing/padding; not automatically corruption,b4b83b159a7c53c7ae822e82de6a5ebfeab6a2f95edd2c0eca5b37b676db2587
work/full-audit/downloads/mega-assets-expansion-v1/shorepine-kenney.zip,shorepine-kenney/2d/Platformer Assets Base/Background/bg.png,image-uniform,Context review: possible texture/font-space/timing/padding; not automatically corruption,6c997513dcdf0c19881c85cb8762c272ad40d90f47604474ffaea86a837f00dc
work/full-audit/downloads/mega-assets-expansion-v1/shorepine-kenney.zip,shorepine-kenney/2d/Platformer Assets Buildings/houseGray.png,image-uniform,Context review: possible texture/font-space/timing/padding; not automatically corruption,29db83a6974aeae4190d516402639cb2b887cb1cc67d33e45d0b2736d3db2537
work/full-audit/downloads/mega-assets-expansion-v1/shorepine-kenney.zip,shorepine-kenney/2d/Platformer Assets Buildings/houseBeige.png,image-uniform,Context review: possible texture/font-space/timing/padding; not automatically corruption,aae7d3336b2b8694e29787ac7a82a87e02a314a3f7c3aa5241f606dcf51948d8
work/full-audit/downloads/mega-assets-expansion-v1/shorepine-kenney.zip,shorepine-kenney/2d/Platformer Assets Buildings/houseDark.png,image-uniform,Context review: possible texture/font-space/timing/padding; not automatically corruption,f8568b98b497b1488bfdfd9308e9b08b609c7fee9dde504e4a63d9be0fd3cd20
work/full-audit/downloads/mega-assets-expansion-v1/shorepine-kenney.zip,shorepine-kenney/2d/Tiny Ski/Tiles/tile_0002.png,image-uniform,Context review: possible texture/font-space/timing/padding; not automatically corruption,22c020e087166227b8de6dae65cde91f19d06ae1959ff6b29c740521fdf695cd
work/full-audit/downloads/mega-assets-expansion-v1/shorepine-kenney.zip,shorepine-kenney/2d/Tiny Ski/Tiles/tile_0000.png,image-uniform,Context review: possible texture/font-space/timing/padding; not automatically corruption,ea5dc2919a2b516b9f5d4477cc53f335d0277bf16defc0dea9c62c2acf039ee2
work/full-audit/downloads/mega-assets-expansion-v1/shorepine-kenney.zip,shorepine-kenney/2d/Jumper Pack/Background/bg_layer1.png,image-uniform,Context review: possible texture/font-space/timing/padding; not automatically corruption,27e7aa05db99aee759f366f42aa1948322987e9d563c9a124924801dece8fb44
work/full-audit/downloads/mega-assets-expansion-v1/shorepine-kenney.zip,shorepine-kenney/2d/Tiny Town/Tiles/tile_0025.png,image-uniform,Context review: possible texture/font-space/timing/padding; not automatically corruption,63519065228f5f8af6200d979fa54cd7f00650034ceea10a1609203a34b3ff9b
work/full-audit/downloads/mega-assets-expansion-v1/shorepine-kenney.zip,shorepine-kenney/2d/Tiny Town/Tiles/tile_0000.png,image-uniform,Context review: possible texture/font-space/timing/padding; not automatically corruption,d4c692ef80ee97b3395b885ae07020d42a106683ff3650df240f8e972bd5a041
work/full-audit/downloads/mega-assets-expansion-v1/shorepine-kenney.zip,shorepine-kenney/2d/Tiny Town/Tiles/tile_0109.png,image-uniform,Context review: possible texture/font-space/timing/padding; not automatically corruption,d1ff475a1ad0d4fd5d2c2a8b1fe3b96657d10f9c5b87d204138f1d7a58ac9d04
work/full-audit/downloads/mega-assets-expansion-v1/shorepine-kenney.zip,shorepine-kenney/2d/Background Elements/Flat/sky.png,image-uniform,Context review: possible texture/font-space/timing/padding; not automatically corruption,7c5434ccede508fdadef606b02426c80c264c6e1400dd0ae9d9b0dde88dcfd22
work/full-audit/downloads/mega-assets-expansion-v1/shorepine-kenney.zip,shorepine-kenney/2d/Pixel Line Platformer/Tiles/tile_0000.png,image-uniform,Context review: possible texture/font-space/timing/padding; not automatically corruption,d795df972fc9d0ffd102f0c3e7d8bf79af920d5ee1b0442e8975b15c26d92528
work/full-audit/downloads/mega-assets-expansion-v1/shorepine-kenney.zip,shorepine-kenney/2d/Pixel Line Platformer/Tiles/tile_0017.png,image-uniform,Context review: possible texture/font-space/timing/padding; not automatically corruption,d795df972fc9d0ffd102f0c3e7d8bf79af920d5ee1b0442e8975b15c26d92528
work/full-audit/downloads/mega-assets-expansion-v1/shorepine-kenney.zip,shorepine-kenney/2d/Pixel Line Platformer/Tiles/tile_0014.png,image-uniform,Context review: possible texture/font-space/timing/padding; not automatically corruption,d795df972fc9d0ffd102f0c3e7d8bf79af920d5ee1b0442e8975b15c26d92528
work/full-audit/downloads/mega-assets-expansion-v1/shorepine-kenney.zip,shorepine-kenney/2d/Racing Pack/Tiles/Asphalt road/road_asphalt22.png,image-uniform,Context review: possible texture/font-space/timing/padding; not automatically corruption,dc2df40e30a4331ac1b889cf74edc08c7bf8d36df5143c215520cd4c11100f99
work/full-audit/downloads/mega-assets-expansion-v1/shorepine-kenney.zip,shorepine-kenney/2d/Racing Pack/Tiles/Sand road/road_sand18.png,image-uniform,Context review: possible texture/font-space/timing/padding; not automatically corruption,9dce89de330aafe5c40347e1dfc75cc9da7667839cc51a7d84074bd789a4ea9e
work/full-audit/downloads/mega-assets-expansion-v1/shorepine-kenney.zip,shorepine-kenney/2d/Racing Pack/Tiles/Dirt road/road_dirt21.png,image-uniform,Context review: possible texture/font-space/timing/padding; not automatically corruption,ec1019593c97b802447a5c3cbbff2ba8f8d713c89bd2b359c1c34f787a11f84e
work/full-audit/downloads/mega-assets-expansion-v1/shorepine-kenney.zip,shorepine-kenney/2d/Platformer Assets Pixel/tile_672.png,image-uniform,Context review: possible texture/font-space/timing/padding; not automatically corruption,b88f9604e23341d23ea0a13a55cbad42a624d36e5bcdd77f470b333be8cbcde6
work/full-audit/downloads/mega-assets-expansion-v1/shorepine-kenney.zip,shorepine-kenney/2d/Platformer Assets Pixel/tile_666.png,image-uniform,Context review: possible texture/font-space/timing/padding; not automatically corruption,c296a02212513599e6871a983409c09a29d2f3a12719de1bbc4d8321a17a08dd
work/full-audit/downloads/mega-assets-expansion-v1/shorepine-kenney.zip,shorepine-kenney/2d/Platformer Assets Pixel/tile_669.png,image-uniform,Context review: possible texture/font-space/timing/padding; not automatically corruption,a895d1f1a30268c513397e9a84334b0d50674a3253333178adb27770dd44427e
work/full-audit/downloads/mega-assets-expansion-v1/shorepine-kenney.zip,shorepine-kenney/2d/Platformer Assets Pixel/tile_616.png,image-uniform,Context review: possible texture/font-space/timing/padding; not automatically corruption,99a39fb8c604455370ed959628721f7ebb453dad4dbd6fc707625aa5f2bce2c7
work/full-audit/downloads/mega-assets-expansion-v1/shorepine-kenney.zip,shorepine-kenney/2d/Platformer Assets Pixel/tile_645.png,image-uniform,Context review: possible texture/font-space/timing/padding; not automatically corruption,99a39fb8c604455370ed959628721f7ebb453dad4dbd6fc707625aa5f2bce2c7
work/full-audit/downloads/mega-assets-expansion-v1/shorepine-kenney.zip,shorepine-kenney/2d/Minimap Pack/Tiles/Style E/tile_0015.png,image-uniform,Context review: possible texture/font-space/timing/padding; not automatically corruption,36ab7348c2eda7955f7cf302c9c84ba1115193e910d10fd29cec367dcbb6e38b
work/full-audit/downloads/mega-assets-expansion-v1/shorepine-kenney.zip,shorepine-kenney/2d/Minimap Pack/Tiles/Style E/tile_0014.png,image-uniform,Context review: possible texture/font-space/timing/padding; not automatically corruption,0bfbdeb4eb43dd7fece114e7ea3711bab5b995fabfc9bdae65e5e8be11025985
work/full-audit/downloads/mega-assets-expansion-v1/shorepine-kenney.zip,shorepine-kenney/2d/Minimap Pack/Tiles/Style E/tile_0020.png,image-uniform,Context review: possible texture/font-space/timing/padding; not automatically corruption,231b0b112695b542bd500c03fe5386f79eccc9eda998b3fa7be4b95e20d04bbd
work/full-audit/downloads/mega-assets-expansion-v1/shorepine-kenney.zip,shorepine-kenney/2d/Minimap Pack/Tiles/Style D/tile_0015.png,image-uniform,Context review: possible texture/font-space/timing/padding; not automatically corruption,36ab7348c2eda7955f7cf302c9c84ba1115193e910d10fd29cec367dcbb6e38b
work/full-audit/downloads/mega-assets-expansion-v1/shorepine-kenney.zip,shorepine-kenney/2d/Minimap Pack/Tiles/Style D/tile_0014.png,image-uniform,Context review: possible texture/font-space/timing/padding; not automatically corruption,3811edbac6b3ccfcf562e886be263324280d3bf8fb03b4c93e65a743c139911f
work/full-audit/downloads/mega-assets-expansion-v1/shorepine-kenney.zip,shorepine-kenney/2d/Minimap Pack/Tiles/Style D/tile_0020.png,image-uniform,Context review: possible texture/font-space/timing/padding; not automatically corruption,231b0b112695b542bd500c03fe5386f79eccc9eda998b3fa7be4b95e20d04bbd
work/full-audit/downloads/mega-assets-expansion-v1/shorepine-kenney.zip,shorepine-kenney/2d/Minimap Pack/Tiles/Style A/tile_0015.png,image-uniform,Context review: possible texture/font-space/timing/padding; not automatically corruption,36ab7348c2eda7955f7cf302c9c84ba1115193e910d10fd29cec367dcbb6e38b
work/full-audit/downloads/mega-assets-expansion-v1/shorepine-kenney.zip,shorepine-kenney/2d/Minimap Pack/Tiles/Style A/tile_0014.png,image-uniform,Context review: possible texture/font-space/timing/padding; not automatically corruption,f1dbfd3e86defab264b56ff3fe6e38eb749919b38e1e409108f155e343fc0a5a
work/full-audit/downloads/mega-assets-expansion-v1/shorepine-kenney.zip,shorepine-kenney/2d/Minimap Pack/Tiles/Style A/tile_0020.png,image-uniform,Context review: possible texture/font-space/timing/padding; not automatically corruption,231b0b112695b542bd500c03fe5386f79eccc9eda998b3fa7be4b95e20d04bbd
work/full-audit/downloads/mega-assets-expansion-v1/shorepine-kenney.zip,shorepine-kenney/2d/Minimap Pack/Tiles/Style C/tile_0014.png,image-uniform,Context review: possible texture/font-space/timing/padding; not automatically corruption,72622a1da25b684f226872415b3dc1dce9cf56b4f6f1be538965d1a95b9a000a
work/full-audit/downloads/mega-assets-expansion-v1/shorepine-kenney.zip,shorepine-kenney/2d/Minimap Pack/Tiles/Style F/tile_0015.png,image-uniform,Context review: possible texture/font-space/timing/padding; not automatically corruption,36ab7348c2eda7955f7cf302c9c84ba1115193e910d10fd29cec367dcbb6e38b
work/full-audit/downloads/mega-assets-expansion-v1/shorepine-kenney.zip,shorepine-kenney/2d/Minimap Pack/Tiles/Style F/tile_0014.png,image-uniform,Context review: possible texture/font-space/timing/padding; not automatically corruption,2f160daa0d7d10cab296de95516ba3295b296588296e1b5a31df47e61067ddce
work/full-audit/downloads/mega-assets-expansion-v1/shorepine-kenney.zip,shorepine-kenney/2d/Minimap Pack/Tiles/Style F/tile_0020.png,image-uniform,Context review: possible texture/font-space/timing/padding; not automatically corruption,231b0b112695b542bd500c03fe5386f79eccc9eda998b3fa7be4b95e20d04bbd
work/full-audit/downloads/mega-assets-expansion-v1/shorepine-kenney.zip,shorepine-kenney/2d/Minimap Pack/Tiles/Style B/tile_0014.png,image-uniform,Context review: possible texture/font-space/timing/padding; not automatically corruption,2f160daa0d7d10cab296de95516ba3295b296588296e1b5a31df47e61067ddce
work/full-audit/downloads/mega-assets-expansion-v1/shorepine-kenney.zip,shorepine-kenney/2d/Platformer Assets Holiday/xmasTree_22.png,image-uniform,Context review: possible texture/font-space/timing/padding; not automatically corruption,b4b83b159a7c53c7ae822e82de6a5ebfeab6a2f95edd2c0eca5b37b676db2587
work/full-audit/downloads/mega-assets-expansion-v1/shorepine-kenney.zip,shorepine-kenney/2d/Platformer Assets Holiday/xmasTree_07.png,image-uniform,Context review: possible texture/font-space/timing/padding; not automatically corruption,b4b83b159a7c53c7ae822e82de6a5ebfeab6a2f95edd2c0eca5b37b676db2587
work/full-audit/downloads/mega-assets-expansion-v1/shorepine-kenney.zip,shorepine-kenney/2d/Platformer Assets Holiday/xmasTree_02.png,image-uniform,Context review: possible texture/font-space/timing/padding; not automatically corruption,b4b83b159a7c53c7ae822e82de6a5ebfeab6a2f95edd2c0eca5b37b676db2587
work/full-audit/downloads/mega-assets-expansion-v1/shorepine-kenney.zip,shorepine-kenney/2d/Platformer Assets Holiday/xmasTree_32.png,image-uniform,Context review: possible texture/font-space/timing/padding; not automatically corruption,b4b83b159a7c53c7ae822e82de6a5ebfeab6a2f95edd2c0eca5b37b676db2587
work/full-audit/downloads/mega-assets-expansion-v1/shorepine-kenney.zip,shorepine-kenney/2d/Platformer Assets Holiday/xmasTree_17.png,image-uniform,Context review: possible texture/font-space/timing/padding; not automatically corruption,b4b83b159a7c53c7ae822e82de6a5ebfeab6a2f95edd2c0eca5b37b676db2587
work/full-audit/downloads/mega-assets-expansion-v1/shorepine-kenney.zip,shorepine-kenney/2d/Pirate Pack/Retina/Tiles/tile_23.png,image-uniform,Context review: possible texture/font-space/timing/padding; not automatically corruption,b206fc4d3311a03aa12dc77026c98013cbd440fdb0ebef1503a39f3665607b32
work/full-audit/downloads/mega-assets-expansion-v1/shorepine-kenney.zip,shorepine-kenney/2d/Pirate Pack/Retina/Tiles/tile_18.png,image-uniform,Context review: possible texture/font-space/timing/padding; not automatically corruption,16c47864c8b66323c3525cab40dbc2b8d53a3b659a2b1313e4127956b1ee4be4
work/full-audit/downloads/mega-assets-expansion-v1/shorepine-kenney.zip,shorepine-kenney/2d/Pirate Pack/Tiles/tile_23.png,image-uniform,Context review: possible texture/font-space/timing/padding; not automatically corruption,6f03b3dba2c5139328b44e08cbe1ce69031a2db22546a59ef1829624be5718b7
work/full-audit/downloads/mega-assets-expansion-v1/shorepine-kenney.zip,shorepine-kenney/2d/Pirate Pack/Tiles/tile_18.png,image-uniform,Context review: possible texture/font-space/timing/padding; not automatically corruption,aaf9eff48a7f0ed848fc9a849ceae825ff5cca1c62cacb77152c6e27b98e447c
work/full-audit/downloads/mega-assets-expansion-v1/shorepine-kenney.zip,shorepine-kenney/2d/Pico-8 City/Tiles/tile_0002.png,image-uniform,Context review: possible texture/font-space/timing/padding; not automatically corruption,95dba9d0ede995a192a407481478147c668516aee85642f412e5c40581807ebd
work/full-audit/downloads/mega-assets-expansion-v1/shorepine-kenney.zip,shorepine-kenney/2d/Pico-8 City/Tiles/tile_0044.png,image-uniform,Context review: possible texture/font-space/timing/padding; not automatically corruption,6430be85c73823985c131722d49d202cb3aff4627bb07638ef4d16cb86e71710
work/full-audit/downloads/mega-assets-expansion-v1/shorepine-kenney.zip,shorepine-kenney/2d/Pico-8 City/Tiles/tile_0170.png,image-uniform,Context review: possible texture/font-space/timing/padding; not automatically corruption,6430be85c73823985c131722d49d202cb3aff4627bb07638ef4d16cb86e71710
work/full-audit/downloads/mega-assets-expansion-v1/shorepine-kenney.zip,shorepine-kenney/2d/Pico-8 City/Tiles/tile_0289.png,image-uniform,Context review: possible texture/font-space/timing/padding; not automatically corruption,28746a85ab9b446c18aa71cebf0ae3bbfdec0552baafe8f4d52826fbb9679e72
work/full-audit/downloads/mega-assets-expansion-v1/shorepine-kenney.zip,shorepine-kenney/2d/Pico-8 City/Tiles/tile_0000.png,image-uniform,Context review: possible texture/font-space/timing/padding; not automatically corruption,3395e1298e553d7c6f8516b5051d2f0163068f0f0ea8ed864396923acb5b025e
work/full-audit/downloads/mega-assets-expansion-v1/shorepine-kenney.zip,shorepine-kenney/2d/Pico-8 City/Tiles/tile_0034.png,image-uniform,Context review: possible texture/font-space/timing/padding; not automatically corruption,95dba9d0ede995a192a407481478147c668516aee85642f412e5c40581807ebd
work/full-audit/downloads/mega-assets-expansion-v1/shorepine-kenney.zip,shorepine-kenney/2d/Pico-8 City/Tiles/tile_0121.png,image-uniform,Context review: possible texture/font-space/timing/padding; not automatically corruption,28746a85ab9b446c18aa71cebf0ae3bbfdec0552baafe8f4d52826fbb9679e72
work/full-audit/downloads/mega-assets-expansion-v1/shorepine-kenney.zip,shorepine-kenney/2d/Pico-8 City/Tiles/tile_0126.png,image-uniform,Context review: possible texture/font-space/timing/padding; not automatically corruption,6430be85c73823985c131722d49d202cb3aff4627bb07638ef4d16cb86e71710
work/full-audit/downloads/mega-assets-expansion-v1/shorepine-kenney.zip,shorepine-kenney/2d/Pico-8 City/Tiles/tile_0175.png,image-uniform,Context review: possible texture/font-space/timing/padding; not automatically corruption,aaa0d3442e7c9d466e393e78688d1a4f935b503ba7ed32cfd86c32ac6d5c92b6
work/full-audit/downloads/mega-assets-expansion-v1/shorepine-kenney.zip,shorepine-kenney/2d/Pico-8 City/Tiles/tile_0039.png,image-uniform,Context review: possible texture/font-space/timing/padding; not automatically corruption,cbfee562b6f373f82c2cd8872344f8279e5da2d7bf824857fd1fba9d99be0aac
work/full-audit/downloads/mega-assets-expansion-v1/shorepine-kenney.zip,shorepine-kenney/2d/Pico-8 City/Tiles/tile_0131.png,image-uniform,Context review: possible texture/font-space/timing/padding; not automatically corruption,7e3a18778bfcbce963270934600e907fe99a5d9cf509684d23223d3eac76ee66
work/full-audit/downloads/mega-assets-expansion-v1/shorepine-kenney.zip,shorepine-kenney/2d/Pico-8 City/Tiles/tile_0185.png,image-uniform,Context review: possible texture/font-space/timing/padding; not automatically corruption,7e3a18778bfcbce963270934600e907fe99a5d9cf509684d23223d3eac76ee66
work/full-audit/downloads/mega-assets-expansion-v1/shorepine-kenney.zip,shorepine-kenney/2d/Pico-8 City/Tiles/tile_0001.png,image-uniform,Context review: possible texture/font-space/timing/padding; not automatically corruption,cbfee562b6f373f82c2cd8872344f8279e5da2d7bf824857fd1fba9d99be0aac
work/full-audit/downloads/mega-assets-expansion-v1/shorepine-kenney.zip,shorepine-kenney/2d/Pico-8 City/Tiles/tile_0029.png,image-uniform,Context review: possible texture/font-space/timing/padding; not automatically corruption,3395e1298e553d7c6f8516b5051d2f0163068f0f0ea8ed864396923acb5b025e
work/full-audit/downloads/mega-assets-expansion-v1/shorepine-kenney.zip,shorepine-kenney/2d/Pico-8 City/Tiles/tile_0003.png,image-uniform,Context review: possible texture/font-space/timing/padding; not automatically corruption,6430be85c73823985c131722d49d202cb3aff4627bb07638ef4d16cb86e71710
work/full-audit/downloads/mega-assets-expansion-v1/shorepine-kenney.zip,shorepine-kenney/2d/Desert Shooter Pack/Interface/Tiles/tile_0028.png,image-uniform,Context review: possible texture/font-space/timing/padding; not automatically corruption,0c6f5466cf01f83a090fcf7ee6155ea9db224bd3bc888812320fb671c922c840
work/full-audit/downloads/mega-assets-expansion-v1/shorepine-kenney.zip,shorepine-kenney/2d/Desert Shooter Pack/Interface/Tiles/tile_0031.png,image-uniform,Context review: possible texture/font-space/timing/padding; not automatically corruption,76d1f0982e100e3819215761cce2aa9e384165c8fbff7a1f57e567c5d539e9bd
work/full-audit/downloads/mega-assets-expansion-v1/shorepine-kenney.zip,shorepine-kenney/2d/Desert Shooter Pack/Interface/Tiles/tile_0025.png,image-uniform,Context review: possible texture/font-space/timing/padding; not automatically corruption,30f3f57efb48adce2477031deaf2c119aa4c1ca0e72d530aadb580e5ba8e8aaa
work/full-audit/downloads/mega-assets-expansion-v1/shorepine-kenney.zip,shorepine-kenney/2d/Desert Shooter Pack/Interface/Tiles/tile_0034.png,image-uniform,Context review: possible texture/font-space/timing/padding; not automatically corruption,3f97ef7911c98f76c8aa52ff6987cb7d71004042cb05540e9bc340950753fcbd
work/full-audit/downloads/mega-assets-expansion-v1/shorepine-kenney.zip,shorepine-kenney/2d/Desert Shooter Pack/Interface/Tiles/tile_0022.png,image-uniform,Context review: possible texture/font-space/timing/padding; not automatically corruption,3b621f5d5444b747c67f4016028562d9d2a56933e84eb8d901824d32b9f19e27
work/full-audit/downloads/mega-assets-expansion-v1/shorepine-kenney.zip,shorepine-kenney/2d/Desert Shooter Pack/Interface/Tiles/tile_0088.png,image-fully-transparent,Context review: possible texture/font-space/timing/padding; not automatically corruption,7055b76c0befa453a4d10e8e0be54f47b4d29e99fe8b72084ceb14b7e29ae51c
work/full-audit/downloads/mega-assets-expansion-v1/shorepine-kenney.zip,shorepine-kenney/2d/Desert Shooter Pack/Interface/Tiles/tile_0019.png,image-uniform,Context review: possible texture/font-space/timing/padding; not automatically corruption,3b621f5d5444b747c67f4016028562d9d2a56933e84eb8d901824d32b9f19e27
work/full-audit/downloads/mega-assets-expansion-v1/shorepine-kenney.zip,shorepine-kenney/2d/Desert Shooter Pack/Tiles/Tiles/tile_0140.png,image-uniform,Context review: possible texture/font-space/timing/padding; not automatically corruption,3858c7d29a3153aa46d6b3a4d471256f22768ace9da69163ff196ec304b05c72
work/full-audit/downloads/mega-assets-expansion-v1/shorepine-kenney.zip,shorepine-kenney/2d/Desert Shooter Pack/Tiles/Tiles/tile_0070.png,image-uniform,Context review: possible texture/font-space/timing/padding; not automatically corruption,0c6f5466cf01f83a090fcf7ee6155ea9db224bd3bc888812320fb671c922c840
work/full-audit/downloads/mega-assets-expansion-v1/shorepine-kenney.zip,shorepine-kenney/2d/Desert Shooter Pack/Tiles/Tiles/tile_0034.png,image-uniform,Context review: possible texture/font-space/timing/padding; not automatically corruption,e2267125fbb57dd36d985d3537dd24a7706731bf987f70741a2eeee5553c3648
work/full-audit/downloads/mega-assets-expansion-v1/shorepine-kenney.zip,shorepine-kenney/2d/Desert Shooter Pack/Tiles/Tiles/tile_0119.png,image-uniform,Context review: possible texture/font-space/timing/padding; not automatically corruption,e2267125fbb57dd36d985d3537dd24a7706731bf987f70741a2eeee5553c3648
work/full-audit/downloads/mega-assets-expansion-v1/shorepine-kenney.zip,shorepine-kenney/2d/Desert Shooter Pack/Tiles/Tiles/tile_0114.png,image-uniform,Context review: possible texture/font-space/timing/padding; not automatically corruption,09c0eb474b2ba06fc05ab6167e3f1df190691f80783f44b4c999447a9786af60
work/full-audit/downloads/mega-assets-expansion-v1/shorepine-kenney.zip,shorepine-kenney/2d/Desert Shooter Pack/Tiles/Tiles/tile_0064.png,image-uniform,Context review: possible texture/font-space/timing/padding; not automatically corruption,6a9b91b8f8ac26a2b21001b95a84976e1ef5a7953748bdb249cb7fde1c2fe572
work/full-audit/downloads/mega-assets-expansion-v1/shorepine-kenney.zip,shorepine-kenney/2d/Desert Shooter Pack/Tiles/Tiles/tile_0173.png,image-uniform,Context review: possible texture/font-space/timing/padding; not automatically corruption,a6de67dc19a8d80ac8abadb88e55d84ff31d430db7c32578295305c1b5c82cad
work/full-audit/downloads/mega-assets-expansion-v1/shorepine-kenney.zip,shorepine-kenney/2d/Desert Shooter Pack/Tiles/Tiles/tile_0109.png,image-uniform,Context review: possible texture/font-space/timing/padding; not automatically corruption,33012405758ab1bd14eb25c1abd7dcb35f0dc6d5fdb2657911b523fc3d7a930c
work/full-audit/downloads/mega-assets-expansion-v1/shorepine-kenney.zip,shorepine-kenney/2d/Desert Shooter Pack/Tiles/Tiles/tile_0029.png,image-uniform,Context review: possible texture/font-space/timing/padding; not automatically corruption,e2267125fbb57dd36d985d3537dd24a7706731bf987f70741a2eeee5553c3648
work/full-audit/downloads/mega-assets-expansion-v1/shorepine-kenney.zip,shorepine-kenney/2d/Holiday Pack 2016/Topdown pack/Retina/topdownTile_30.png,image-uniform,Context review: possible texture/font-space/timing/padding; not automatically corruption,a94fd878736286407700c73b32b6f1803d48799a70e085f2b2ff4b5d106d6390
work/full-audit/downloads/mega-assets-expansion-v1/shorepine-kenney.zip,shorepine-kenney/2d/Holiday Pack 2016/Topdown pack/Retina/topdownTile_25.png,image-uniform,Context review: possible texture/font-space/timing/padding; not automatically corruption,b206fc4d3311a03aa12dc77026c98013cbd440fdb0ebef1503a39f3665607b32
work/full-audit/downloads/mega-assets-expansion-v1/shorepine-kenney.zip,shorepine-kenney/2d/Holiday Pack 2016/Topdown pack/topdownTile_30.png,image-uniform,Context review: possible texture/font-space/timing/padding; not automatically corruption,32ce6ca022bdc83f81b03d4334520fed7b922671444f90f13962de4e0ad59462
work/full-audit/downloads/mega-assets-expansion-v1/shorepine-kenney.zip,shorepine-kenney/2d/Holiday Pack 2016/Topdown pack/topdownTile_25.png,image-uniform,Context review: possible texture/font-space/timing/padding; not automatically corruption,6f03b3dba2c5139328b44e08cbe1ce69031a2db22546a59ef1829624be5718b7
work/full-audit/downloads/mega-assets-expansion-v1/shorepine-kenney.zip,shorepine-kenney/2d/Puzzle Pack 1/buttonDefault_mid.png,image-uniform,Context review: possible texture/font-space/timing/padding; not automatically corruption,28676c0f5d80bbe32d5e7132116f06719aa8aa219510232fa709ffa66e406d51
work/full-audit/downloads/mega-assets-expansion-v1/shorepine-kenney.zip,shorepine-kenney/2d/Puzzle Pack 1/Double/buttonDefault_mid.png,image-uniform,Context review: possible texture/font-space/timing/padding; not automatically corruption,9015b9824012c67dbbc5e78280670684dab91b679eaefd5db44f1f6dc2b76489
work/full-audit/downloads/mega-assets-expansion-v1/shorepine-kenney.zip,shorepine-kenney/2d/Puzzle Pack 1/Double/buttonSelected_mid.png,image-uniform,Context review: possible texture/font-space/timing/padding; not automatically corruption,83e0ff03818ae9b374c6e42fc187e82c7213b61bdc2dc4b2ba17d27afd9f826b
work/full-audit/downloads/mega-assets-expansion-v1/shorepine-kenney.zip,shorepine-kenney/2d/Puzzle Pack 1/buttonSelected_mid.png,image-uniform,Context review: possible texture/font-space/timing/padding; not automatically corruption,94715e654091670b3bea05b19514edefc32f2a1c50a8d0ec57a10ad6b978821c
work/full-audit/downloads/mega-assets-expansion-v1/shorepine-kenney.zip,shorepine-kenney/2d/Road Textures/Retina/roadTexture_37.png,image-uniform,Context review: possible texture/font-space/timing/padding; not automatically corruption,35363cc307c309f39a8d0dde58b59c233469db75c6b5995123d6d621b042d268
work/full-audit/downloads/mega-assets-expansion-v1/shorepine-kenney.zip,shorepine-kenney/2d/Road Textures/Retina/roadTexture_26.png,image-uniform,Context review: possible texture/font-space/timing/padding; not automatically corruption,b30cfaa69c8f900f3befbd622e5414c8473cc7b445b361f288b7463671d40195
work/full-audit/downloads/mega-assets-expansion-v1/shorepine-kenney.zip,shorepine-kenney/2d/Road Textures/Retina/roadTexture_38.png,image-uniform,Context review: possible texture/font-space/timing/padding; not automatically corruption,4f052d1dcc389e3b54b7e3c357ae49f5a322bb631ec5df3c125752774d5b30b5
work/full-audit/downloads/mega-assets-expansion-v1/shorepine-kenney.zip,shorepine-kenney/2d/Road Textures/Retina/roadTexture_25.png,image-uniform,Context review: possible texture/font-space/timing/padding; not automatically corruption,4c01b63503163bfb6fbc5fed78fd8e0f380699dcc3fcb112bef0865b6ac81dbc
work/full-audit/downloads/mega-assets-expansion-v1/shorepine-kenney.zip,shorepine-kenney/2d/Road Textures/roadTexture_37.png,image-uniform,Context review: possible texture/font-space/timing/padding; not automatically corruption,359c2946132c2f8a635ba691b890f974a87a46184f1b1d6faeac10631c75f0bb
work/full-audit/downloads/mega-assets-expansion-v1/shorepine-kenney.zip,shorepine-kenney/2d/Road Textures/roadTexture_26.png,image-uniform,Context review: possible texture/font-space/timing/padding; not automatically corruption,6fa0eba73717b6fbfc853e4546f7fae71a2d7674b76933c42ae4ad5ba2ca96be
work/full-audit/downloads/mega-assets-expansion-v1/shorepine-kenney.zip,shorepine-kenney/2d/Road Textures/roadTexture_38.png,image-uniform,Context review: possible texture/font-space/timing/padding; not automatically corruption,e1a645d31c957a1fa18294f80bad53d508503cf90108c3dc2901d1c39864bca9
work/full-audit/downloads/mega-assets-expansion-v1/shorepine-kenney.zip,shorepine-kenney/2d/Road Textures/roadTexture_25.png,image-uniform,Context review: possible texture/font-space/timing/padding; not automatically corruption,9931c79ecccfa2f64991477b3d9ff27786b4669406b4c809041de73915741313
work/full-audit/downloads/mega-assets-expansion-v1/shorepine-kenney.zip,shorepine-kenney/2d/Roguelike City Pack/Tiles/tile_0006.png,image-uniform,Context review: possible texture/font-space/timing/padding; not automatically corruption,a46522c9230d2c6741177447f4de8b5a8f50ff063e157836f9b7bd4303f42697
work/full-audit/downloads/mega-assets-expansion-v1/shorepine-kenney.zip,shorepine-kenney/2d/Roguelike City Pack/Tiles/tile_0022.png,image-uniform,Context review: possible texture/font-space/timing/padding; not automatically corruption,27d21b8f2ad9f15e1e1ac0e7dd3e1784b8a51117070f183be2adc92c78c8ee3d
work/full-audit/downloads/mega-assets-expansion-v1/shorepine-kenney.zip,shorepine-kenney/2d/Roguelike City Pack/Tiles/tile_0030.png,image-uniform,Context review: possible texture/font-space/timing/padding; not automatically corruption,dc019ff31ae3c4e8a521135dceee96c271692870787cfb4b945b841172e77830
work/full-audit/downloads/mega-assets-expansion-v1/shorepine-kenney.zip,shorepine-kenney/2d/Roguelike City Pack/Tiles/tile_0014.png,image-uniform,Context review: possible texture/font-space/timing/padding; not automatically corruption,a14db732f04be9eed97ca873dcc73a7dc28d2fe72b2f067b9c6eb1200933aec5
work/full-audit/downloads/mega-assets-expansion-v1/shorepine-kenney.zip,shorepine-kenney/ui/UI Pack - Pixel Adventure/Tiles/Small tiles/Thick outline/tile_0043.png,image-fully-transparent,Context review: possible texture/font-space/timing/padding; not automatically corruption,7055b76c0befa453a4d10e8e0be54f47b4d29e99fe8b72084ceb14b7e29ae51c
work/full-audit/downloads/mega-assets-expansion-v1/shorepine-kenney.zip,shorepine-kenney/ui/UI Pack - Pixel Adventure/Tiles/Small tiles/Thick outline/tile_0044.png,image-fully-transparent,Context review: possible texture/font-space/timing/padding; not automatically corruption,7055b76c0befa453a4d10e8e0be54f47b4d29e99fe8b72084ceb14b7e29ae51c
work/full-audit/downloads/mega-assets-expansion-v1/shorepine-kenney.zip,shorepine-kenney/ui/UI Pack - Pixel Adventure/Tiles/Small tiles/Thick outline/tile_0068.png,image-fully-transparent,Context review: possible texture/font-space/timing/padding; not automatically corruption,2f4249eaad35cb2d714aa1c2d6ca03d309dd726eecfc77aa4dadf80fbf9913d3
work/full-audit/downloads/mega-assets-expansion-v1/shorepine-kenney.zip,shorepine-kenney/ui/UI Pack - Pixel Adventure/Tiles/Small tiles/Thick outline/tile_0066.png,image-fully-transparent,Context review: possible texture/font-space/timing/padding; not automatically corruption,7055b76c0befa453a4d10e8e0be54f47b4d29e99fe8b72084ceb14b7e29ae51c
work/full-audit/downloads/mega-assets-expansion-v1/shorepine-kenney.zip,shorepine-kenney/ui/UI Pack - Pixel Adventure/Tiles/Small tiles/Thick outline/tile_0022.png,image-fully-transparent,Context review: possible texture/font-space/timing/padding; not automatically corruption,2f4249eaad35cb2d714aa1c2d6ca03d309dd726eecfc77aa4dadf80fbf9913d3
work/full-audit/downloads/mega-assets-expansion-v1/shorepine-kenney.zip,shorepine-kenney/ui/UI Pack - Pixel Adventure/Tiles/Small tiles/Thick outline/tile_0021.png,image-fully-transparent,Context review: possible texture/font-space/timing/padding; not automatically corruption,7055b76c0befa453a4d10e8e0be54f47b4d29e99fe8b72084ceb14b7e29ae51c
work/full-audit/downloads/mega-assets-expansion-v1/shorepine-kenney.zip,shorepine-kenney/ui/UI Pack - Pixel Adventure/Tiles/Small tiles/Thick outline/tile_0067.png,image-fully-transparent,Context review: possible texture/font-space/timing/padding; not automatically corruption,7055b76c0befa453a4d10e8e0be54f47b4d29e99fe8b72084ceb14b7e29ae51c
work/full-audit/downloads/mega-assets-expansion-v1/shorepine-kenney.zip,shorepine-kenney/ui/UI Pack - Pixel Adventure/Tiles/Small tiles/Thick outline/tile_0045.png,image-fully-transparent,Context review: possible texture/font-space/timing/padding; not automatically corruption,2f4249eaad35cb2d714aa1c2d6ca03d309dd726eecfc77aa4dadf80fbf9913d3
work/full-audit/downloads/mega-assets-expansion-v1/shorepine-kenney.zip,shorepine-kenney/ui/UI Pack - Pixel Adventure/Tiles/Small tiles/Thick outline/tile_0020.png,image-fully-transparent,Context review: possible texture/font-space/timing/padding; not automatically corruption,7055b76c0befa453a4d10e8e0be54f47b4d29e99fe8b72084ceb14b7e29ae51c
work/full-audit/downloads/mega-assets-expansion-v1/shorepine-kenney.zip,shorepine-kenney/ui/UI Pack - Pixel Adventure/Tiles/Small tiles/Thin outline/tile_0043.png,image-fully-transparent,Context review: possible texture/font-space/timing/padding; not automatically corruption,7055b76c0befa453a4d10e8e0be54f47b4d29e99fe8b72084ceb14b7e29ae51c
work/full-audit/downloads/mega-assets-expansion-v1/shorepine-kenney.zip,shorepine-kenney/ui/UI Pack - Pixel Adventure/Tiles/Small tiles/Thin outline/tile_0044.png,image-fully-transparent,Context review: possible texture/font-space/timing/padding; not automatically corruption,7055b76c0befa453a4d10e8e0be54f47b4d29e99fe8b72084ceb14b7e29ae51c
work/full-audit/downloads/mega-assets-expansion-v1/shorepine-kenney.zip,shorepine-kenney/ui/UI Pack - Pixel Adventure/Tiles/Small tiles/Thin outline/tile_0068.png,image-fully-transparent,Context review: possible texture/font-space/timing/padding; not automatically corruption,7055b76c0befa453a4d10e8e0be54f47b4d29e99fe8b72084ceb14b7e29ae51c
work/full-audit/downloads/mega-assets-expansion-v1/shorepine-kenney.zip,shorepine-kenney/ui/UI Pack - Pixel Adventure/Tiles/Small tiles/Thin outline/tile_0066.png,image-fully-transparent,Context review: possible texture/font-space/timing/padding; not automatically corruption,7055b76c0befa453a4d10e8e0be54f47b4d29e99fe8b72084ceb14b7e29ae51c
work/full-audit/downloads/mega-assets-expansion-v1/shorepine-kenney.zip,shorepine-kenney/ui/UI Pack - Pixel Adventure/Tiles/Small tiles/Thin outline/tile_0022.png,image-fully-transparent,Context review: possible texture/font-space/timing/padding; not automatically corruption,7055b76c0befa453a4d10e8e0be54f47b4d29e99fe8b72084ceb14b7e29ae51c
work/full-audit/downloads/mega-assets-expansion-v1/shorepine-kenney.zip,shorepine-kenney/ui/UI Pack - Pixel Adventure/Tiles/Small tiles/Thin outline/tile_0021.png,image-fully-transparent,Context review: possible texture/font-space/timing/padding; not automatically corruption,7055b76c0befa453a4d10e8e0be54f47b4d29e99fe8b72084ceb14b7e29ae51c
work/full-audit/downloads/mega-assets-expansion-v1/shorepine-kenney.zip,shorepine-kenney/ui/UI Pack - Pixel Adventure/Tiles/Small tiles/Thin outline/tile_0067.png,image-fully-transparent,Context review: possible texture/font-space/timing/padding; not automatically corruption,7055b76c0befa453a4d10e8e0be54f47b4d29e99fe8b72084ceb14b7e29ae51c
work/full-audit/downloads/mega-assets-expansion-v1/shorepine-kenney.zip,shorepine-kenney/ui/UI Pack - Pixel Adventure/Tiles/Small tiles/Thin outline/tile_0045.png,image-fully-transparent,Context review: possible texture/font-space/timing/padding; not automatically corruption,7055b76c0befa453a4d10e8e0be54f47b4d29e99fe8b72084ceb14b7e29ae51c
work/full-audit/downloads/mega-assets-expansion-v1/shorepine-kenney.zip,shorepine-kenney/ui/UI Pack - Pixel Adventure/Tiles/Small tiles/Thin outline/tile_0020.png,image-fully-transparent,Context review: possible texture/font-space/timing/padding; not automatically corruption,7055b76c0befa453a4d10e8e0be54f47b4d29e99fe8b72084ceb14b7e29ae51c
work/full-audit/downloads/mega-assets-expansion-v1/shorepine-kenney.zip,shorepine-kenney/ui/UI Pack - Pixel Adventure/Tiles/Large tiles/Thick outline/tile_0010.png,image-fully-transparent,Context review: possible texture/font-space/timing/padding; not automatically corruption,37beabe871ded30cbc18ff4c373df256a6f34b86c3a3180e59604f8486b74c04
work/full-audit/downloads/mega-assets-expansion-v1/shorepine-kenney.zip,shorepine-kenney/ui/UI Pack - Pixel Adventure/Tiles/Large tiles/Thick outline/tile_0037.png,image-fully-transparent,Context review: possible texture/font-space/timing/padding; not automatically corruption,37beabe871ded30cbc18ff4c373df256a6f34b86c3a3180e59604f8486b74c04
work/full-audit/downloads/mega-assets-expansion-v1/shorepine-kenney.zip,shorepine-kenney/ui/UI Pack - Pixel Adventure/Tiles/Large tiles/Thick outline/tile_0036.png,image-fully-transparent,Context review: possible texture/font-space/timing/padding; not automatically corruption,37beabe871ded30cbc18ff4c373df256a6f34b86c3a3180e59604f8486b74c04
work/full-audit/downloads/mega-assets-expansion-v1/shorepine-kenney.zip,shorepine-kenney/ui/UI Pack - Pixel Adventure/Tiles/Large tiles/Thick outline/tile_0038.png,image-fully-transparent,Context review: possible texture/font-space/timing/padding; not automatically corruption,37beabe871ded30cbc18ff4c373df256a6f34b86c3a3180e59604f8486b74c04
work/full-audit/downloads/mega-assets-expansion-v1/shorepine-kenney.zip,shorepine-kenney/ui/UI Pack - Pixel Adventure/Tiles/Large tiles/Thick outline/tile_0025.png,image-fully-transparent,Context review: possible texture/font-space/timing/padding; not automatically corruption,37beabe871ded30cbc18ff4c373df256a6f34b86c3a3180e59604f8486b74c04
work/full-audit/downloads/mega-assets-expansion-v1/shorepine-kenney.zip,shorepine-kenney/ui/UI Pack - Pixel Adventure/Tiles/Large tiles/Thick outline/tile_0011.png,image-fully-transparent,Context review: possible texture/font-space/timing/padding; not automatically corruption,37beabe871ded30cbc18ff4c373df256a6f34b86c3a3180e59604f8486b74c04
work/full-audit/downloads/mega-assets-expansion-v1/shorepine-kenney.zip,shorepine-kenney/ui/UI Pack - Pixel Adventure/Tiles/Large tiles/Thick outline/tile_0024.png,image-fully-transparent,Context review: possible texture/font-space/timing/padding; not automatically corruption,37beabe871ded30cbc18ff4c373df256a6f34b86c3a3180e59604f8486b74c04
work/full-audit/downloads/mega-assets-expansion-v1/shorepine-kenney.zip,shorepine-kenney/ui/UI Pack - Pixel Adventure/Tiles/Large tiles/Thick outline/tile_0012.png,image-fully-transparent,Context review: possible texture/font-space/timing/padding; not automatically corruption,37beabe871ded30cbc18ff4c373df256a6f34b86c3a3180e59604f8486b74c04
work/full-audit/downloads/mega-assets-expansion-v1/shorepine-kenney.zip,shorepine-kenney/ui/UI Pack - Pixel Adventure/Tiles/Large tiles/Thick outline/tile_0023.png,image-fully-transparent,Context review: possible texture/font-space/timing/padding; not automatically corruption,37beabe871ded30cbc18ff4c373df256a6f34b86c3a3180e59604f8486b74c04
work/full-audit/downloads/mega-assets-expansion-v1/shorepine-kenney.zip,shorepine-kenney/ui/UI Pack - Pixel Adventure/Tiles/Large tiles/Thin outline/tile_0010.png,image-fully-transparent,Context review: possible texture/font-space/timing/padding; not automatically corruption,37beabe871ded30cbc18ff4c373df256a6f34b86c3a3180e59604f8486b74c04
work/full-audit/downloads/mega-assets-expansion-v1/shorepine-kenney.zip,shorepine-kenney/ui/UI Pack - Pixel Adventure/Tiles/Large tiles/Thin outline/tile_0037.png,image-fully-transparent,Context review: possible texture/font-space/timing/padding; not automatically corruption,37beabe871ded30cbc18ff4c373df256a6f34b86c3a3180e59604f8486b74c04
work/full-audit/downloads/mega-assets-expansion-v1/shorepine-kenney.zip,shorepine-kenney/ui/UI Pack - Pixel Adventure/Tiles/Large tiles/Thin outline/tile_0036.png,image-fully-transparent,Context review: possible texture/font-space/timing/padding; not automatically corruption,37beabe871ded30cbc18ff4c373df256a6f34b86c3a3180e59604f8486b74c04
work/full-audit/downloads/mega-assets-expansion-v1/shorepine-kenney.zip,shorepine-kenney/ui/UI Pack - Pixel Adventure/Tiles/Large tiles/Thin outline/tile_0038.png,image-fully-transparent,Context review: possible texture/font-space/timing/padding; not automatically corruption,37beabe871ded30cbc18ff4c373df256a6f34b86c3a3180e59604f8486b74c04
work/full-audit/downloads/mega-assets-expansion-v1/shorepine-kenney.zip,shorepine-kenney/ui/UI Pack - Pixel Adventure/Tiles/Large tiles/Thin outline/tile_0025.png,image-fully-transparent,Context review: possible texture/font-space/timing/padding; not automatically corruption,37beabe871ded30cbc18ff4c373df256a6f34b86c3a3180e59604f8486b74c04
work/full-audit/downloads/mega-assets-expansion-v1/shorepine-kenney.zip,shorepine-kenney/ui/UI Pack - Pixel Adventure/Tiles/Large tiles/Thin outline/tile_0011.png,image-fully-transparent,Context review: possible texture/font-space/timing/padding; not automatically corruption,37beabe871ded30cbc18ff4c373df256a6f34b86c3a3180e59604f8486b74c04
work/full-audit/downloads/mega-assets-expansion-v1/shorepine-kenney.zip,shorepine-kenney/ui/UI Pack - Pixel Adventure/Tiles/Large tiles/Thin outline/tile_0024.png,image-fully-transparent,Context review: possible texture/font-space/timing/padding; not automatically corruption,37beabe871ded30cbc18ff4c373df256a6f34b86c3a3180e59604f8486b74c04
work/full-audit/downloads/mega-assets-expansion-v1/shorepine-kenney.zip,shorepine-kenney/ui/UI Pack - Pixel Adventure/Tiles/Large tiles/Thin outline/tile_0012.png,image-fully-transparent,Context review: possible texture/font-space/timing/padding; not automatically corruption,37beabe871ded30cbc18ff4c373df256a6f34b86c3a3180e59604f8486b74c04
work/full-audit/downloads/mega-assets-expansion-v1/shorepine-kenney.zip,shorepine-kenney/ui/UI Pack - Pixel Adventure/Tiles/Large tiles/Thin outline/tile_0023.png,image-fully-transparent,Context review: possible texture/font-space/timing/padding; not automatically corruption,37beabe871ded30cbc18ff4c373df256a6f34b86c3a3180e59604f8486b74c04
work/full-audit/downloads/mega-assets-expansion-v1/shorepine-kenney.zip,shorepine-kenney/ui/Cursor Pixel Pack/Tiles/tile_0116.png,image-fully-transparent,Context review: possible texture/font-space/timing/padding; not automatically corruption,7055b76c0befa453a4d10e8e0be54f47b4d29e99fe8b72084ceb14b7e29ae51c
work/full-audit/downloads/mega-assets-expansion-v1/shorepine-kenney.zip,shorepine-kenney/ui/Cursor Pixel Pack/Tiles/tile_0208.png,image-fully-transparent,Context review: possible texture/font-space/timing/padding; not automatically corruption,7055b76c0befa453a4d10e8e0be54f47b4d29e99fe8b72084ceb14b7e29ae51c
work/full-audit/downloads/mega-assets-expansion-v1/shorepine-kenney.zip,shorepine-kenney/ui/Cursor Pixel Pack/Tiles/tile_0112.png,image-fully-transparent,Context review: possible texture/font-space/timing/padding; not automatically corruption,7055b76c0befa453a4d10e8e0be54f47b4d29e99fe8b72084ceb14b7e29ae51c
work/full-audit/downloads/mega-assets-expansion-v1/shorepine-kenney.zip,shorepine-kenney/ui/Cursor Pixel Pack/Tiles/tile_0188.png,image-fully-transparent,Context review: possible texture/font-space/timing/padding; not automatically corruption,7055b76c0befa453a4d10e8e0be54f47b4d29e99fe8b72084ceb14b7e29ae51c
work/full-audit/downloads/mega-assets-expansion-v1/shorepine-kenney.zip,shorepine-kenney/ui/Cursor Pixel Pack/Tiles/tile_0113.png,image-fully-transparent,Context review: possible texture/font-space/timing/padding; not automatically corruption,7055b76c0befa453a4d10e8e0be54f47b4d29e99fe8b72084ceb14b7e29ae51c
work/full-audit/downloads/mega-assets-expansion-v1/shorepine-kenney.zip,shorepine-kenney/ui/Cursor Pixel Pack/Tiles/tile_0170.png,image-fully-transparent,Context review: possible texture/font-space/timing/padding; not automatically corruption,7055b76c0befa453a4d10e8e0be54f47b4d29e99fe8b72084ceb14b7e29ae51c
work/full-audit/downloads/mega-assets-expansion-v1/shorepine-kenney.zip,shorepine-kenney/ui/Cursor Pixel Pack/Tiles/tile_0214.png,image-fully-transparent,Context review: possible texture/font-space/timing/padding; not automatically corruption,7055b76c0befa453a4d10e8e0be54f47b4d29e99fe8b72084ceb14b7e29ae51c
work/full-audit/downloads/mega-assets-expansion-v1/shorepine-kenney.zip,shorepine-kenney/ui/Cursor Pixel Pack/Tiles/tile_0171.png,image-fully-transparent,Context review: possible texture/font-space/timing/padding; not automatically corruption,7055b76c0befa453a4d10e8e0be54f47b4d29e99fe8b72084ceb14b7e29ae51c
work/full-audit/downloads/mega-assets-expansion-v1/shorepine-kenney.zip,shorepine-kenney/ui/Cursor Pixel Pack/Tiles/tile_0104.png,image-fully-transparent,Context review: possible texture/font-space/timing/padding; not automatically corruption,7055b76c0befa453a4d10e8e0be54f47b4d29e99fe8b72084ceb14b7e29ae51c
work/full-audit/downloads/mega-assets-expansion-v1/shorepine-kenney.zip,shorepine-kenney/ui/Cursor Pixel Pack/Tiles/tile_0101.png,image-fully-transparent,Context review: possible texture/font-space/timing/padding; not automatically corruption,7055b76c0befa453a4d10e8e0be54f47b4d29e99fe8b72084ceb14b7e29ae51c
work/full-audit/downloads/mega-assets-expansion-v1/shorepine-kenney.zip,shorepine-kenney/ui/Cursor Pixel Pack/Tiles/tile_0174.png,image-fully-transparent,Context review: possible texture/font-space/timing/padding; not automatically corruption,7055b76c0befa453a4d10e8e0be54f47b4d29e99fe8b72084ceb14b7e29ae51c
work/full-audit/downloads/mega-assets-expansion-v1/shorepine-kenney.zip,shorepine-kenney/ui/Cursor Pixel Pack/Tiles/tile_0079.png,image-fully-transparent,Context review: possible texture/font-space/timing/padding; not automatically corruption,7055b76c0befa453a4d10e8e0be54f47b4d29e99fe8b72084ceb14b7e29ae51c
work/full-audit/downloads/mega-assets-expansion-v1/shorepine-kenney.zip,shorepine-kenney/ui/Cursor Pixel Pack/Tiles/tile_0197.png,image-fully-transparent,Context review: possible texture/font-space/timing/padding; not automatically corruption,7055b76c0befa453a4d10e8e0be54f47b4d29e99fe8b72084ceb14b7e29ae51c
work/full-audit/downloads/mega-assets-expansion-v1/shorepine-kenney.zip,shorepine-kenney/ui/Cursor Pixel Pack/Tiles/tile_0144.png,image-fully-transparent,Context review: possible texture/font-space/timing/padding; not automatically corruption,7055b76c0befa453a4d10e8e0be54f47b4d29e99fe8b72084ceb14b7e29ae51c
work/full-audit/downloads/mega-assets-expansion-v1/shorepine-kenney.zip,shorepine-kenney/ui/Cursor Pixel Pack/Tiles/tile_0119.png,image-fully-transparent,Context review: possible texture/font-space/timing/padding; not automatically corruption,7055b76c0befa453a4d10e8e0be54f47b4d29e99fe8b72084ceb14b7e29ae51c
work/full-audit/downloads/mega-assets-expansion-v1/shorepine-kenney.zip,shorepine-kenney/ui/Cursor Pixel Pack/Tiles/tile_0215.png,image-fully-transparent,Context review: possible texture/font-space/timing/padding; not automatically corruption,7055b76c0befa453a4d10e8e0be54f47b4d29e99fe8b72084ceb14b7e29ae51c
work/full-audit/downloads/mega-assets-expansion-v1/shorepine-kenney.zip,shorepine-kenney/ui/Cursor Pixel Pack/Tiles/tile_0103.png,image-fully-transparent,Context review: possible texture/font-space/timing/padding; not automatically corruption,7055b76c0befa453a4d10e8e0be54f47b4d29e99fe8b72084ceb14b7e29ae51c
work/full-audit/downloads/mega-assets-expansion-v1/shorepine-kenney.zip,shorepine-kenney/ui/Cursor Pixel Pack/Tiles/tile_0115.png,image-fully-transparent,Context review: possible texture/font-space/timing/padding; not automatically corruption,7055b76c0befa453a4d10e8e0be54f47b4d29e99fe8b72084ceb14b7e29ae51c
work/full-audit/downloads/mega-assets-expansion-v1/shorepine-kenney.zip,shorepine-kenney/ui/Cursor Pixel Pack/Tiles/tile_0217.png,image-fully-transparent,Context review: possible texture/font-space/timing/padding; not automatically corruption,7055b76c0befa453a4d10e8e0be54f47b4d29e99fe8b72084ceb14b7e29ae51c
work/full-audit/downloads/mega-assets-expansion-v1/shorepine-kenney.zip,shorepine-kenney/ui/Cursor Pixel Pack/Tiles/tile_0169.png,image-fully-transparent,Context review: possible texture/font-space/timing/padding; not automatically corruption,7055b76c0befa453a4d10e8e0be54f47b4d29e99fe8b72084ceb14b7e29ae51c
work/full-audit/downloads/mega-assets-expansion-v1/shorepine-kenney.zip,shorepine-kenney/ui/Cursor Pixel Pack/Tiles/tile_0100.png,image-fully-transparent,Context review: possible texture/font-space/timing/padding; not automatically corruption,7055b76c0befa453a4d10e8e0be54f47b4d29e99fe8b72084ceb14b7e29ae51c
work/full-audit/downloads/mega-assets-expansion-v1/shorepine-kenney.zip,shorepine-kenney/ui/Cursor Pixel Pack/Tiles/tile_0117.png,image-fully-transparent,Context review: possible texture/font-space/timing/padding; not automatically corruption,7055b76c0befa453a4d10e8e0be54f47b4d29e99fe8b72084ceb14b7e29ae51c
work/full-audit/downloads/mega-assets-expansion-v1/shorepine-kenney.zip,shorepine-kenney/ui/Cursor Pixel Pack/Tiles/tile_0125.png,image-fully-transparent,Context review: possible texture/font-space/timing/padding; not automatically corruption,7055b76c0befa453a4d10e8e0be54f47b4d29e99fe8b72084ceb14b7e29ae51c
work/full-audit/downloads/mega-assets-expansion-v1/shorepine-kenney.zip,shorepine-kenney/ui/Cursor Pixel Pack/Tiles/tile_0099.png,image-fully-transparent,Context review: possible texture/font-space/timing/padding; not automatically corruption,7055b76c0befa453a4d10e8e0be54f47b4d29e99fe8b72084ceb14b7e29ae51c
work/full-audit/downloads/mega-assets-expansion-v1/shorepine-kenney.zip,shorepine-kenney/ui/Cursor Pixel Pack/Tiles/tile_0114.png,image-fully-transparent,Context review: possible texture/font-space/timing/padding; not automatically corruption,7055b76c0befa453a4d10e8e0be54f47b4d29e99fe8b72084ceb14b7e29ae51c
work/full-audit/downloads/mega-assets-expansion-v1/shorepine-kenney.zip,shorepine-kenney/ui/Cursor Pixel Pack/Tiles/tile_0218.png,image-fully-transparent,Context review: possible texture/font-space/timing/padding; not automatically corruption,7055b76c0befa453a4d10e8e0be54f47b4d29e99fe8b72084ceb14b7e29ae51c
work/full-audit/downloads/mega-assets-expansion-v1/shorepine-kenney.zip,shorepine-kenney/ui/Cursor Pixel Pack/Tiles/tile_0216.png,image-fully-transparent,Context review: possible texture/font-space/timing/padding; not automatically corruption,7055b76c0befa453a4d10e8e0be54f47b4d29e99fe8b72084ceb14b7e29ae51c
work/full-audit/downloads/mega-assets-expansion-v1/shorepine-kenney.zip,shorepine-kenney/ui/Cursor Pixel Pack/Tiles/tile_0173.png,image-fully-transparent,Context review: possible texture/font-space/timing/padding; not automatically corruption,7055b76c0befa453a4d10e8e0be54f47b4d29e99fe8b72084ceb14b7e29ae51c
work/full-audit/downloads/mega-assets-expansion-v1/shorepine-kenney.zip,shorepine-kenney/ui/Cursor Pixel Pack/Tiles/tile_0213.png,image-fully-transparent,Context review: possible texture/font-space/timing/padding; not automatically corruption,7055b76c0befa453a4d10e8e0be54f47b4d29e99fe8b72084ceb14b7e29ae51c
work/full-audit/downloads/mega-assets-expansion-v1/shorepine-kenney.zip,shorepine-kenney/ui/Cursor Pixel Pack/Tiles/tile_0207.png,image-fully-transparent,Context review: possible texture/font-space/timing/padding; not automatically corruption,7055b76c0befa453a4d10e8e0be54f47b4d29e99fe8b72084ceb14b7e29ae51c
work/full-audit/downloads/mega-assets-expansion-v1/shorepine-kenney.zip,shorepine-kenney/ui/Cursor Pixel Pack/Tiles/tile_0172.png,image-fully-transparent,Context review: possible texture/font-space/timing/padding; not automatically corruption,7055b76c0befa453a4d10e8e0be54f47b4d29e99fe8b72084ceb14b7e29ae51c
work/full-audit/downloads/mega-assets-expansion-v1/shorepine-kenney.zip,shorepine-kenney/ui/Cursor Pixel Pack/Tiles/tile_0059.png,image-fully-transparent,Context review: possible texture/font-space/timing/padding; not automatically corruption,7055b76c0befa453a4d10e8e0be54f47b4d29e99fe8b72084ceb14b7e29ae51c
work/full-audit/downloads/mega-assets-expansion-v1/shorepine-kenney.zip,shorepine-kenney/ui/Cursor Pixel Pack/Tiles/tile_0105.png,image-fully-transparent,Context review: possible texture/font-space/timing/padding; not automatically corruption,7055b76c0befa453a4d10e8e0be54f47b4d29e99fe8b72084ceb14b7e29ae51c
work/full-audit/downloads/mega-assets-expansion-v1/shorepine-kenney.zip,shorepine-kenney/ui/Cursor Pixel Pack/Tiles/tile_0145.png,image-fully-transparent,Context review: possible texture/font-space/timing/padding; not automatically corruption,7055b76c0befa453a4d10e8e0be54f47b4d29e99fe8b72084ceb14b7e29ae51c
work/full-audit/downloads/mega-assets-expansion-v1/shorepine-kenney.zip,shorepine-kenney/ui/Cursor Pixel Pack/Tiles/tile_0219.png,image-fully-transparent,Context review: possible texture/font-space/timing/padding; not automatically corruption,7055b76c0befa453a4d10e8e0be54f47b4d29e99fe8b72084ceb14b7e29ae51c
work/full-audit/downloads/mega-assets-expansion-v1/shorepine-kenney.zip,shorepine-kenney/ui/Cursor Pixel Pack/Tiles/tile_0118.png,image-fully-transparent,Context review: possible texture/font-space/timing/padding; not automatically corruption,7055b76c0befa453a4d10e8e0be54f47b4d29e99fe8b72084ceb14b7e29ae51c
work/full-audit/downloads/mega-assets-expansion-v1/shorepine-kenney.zip,shorepine-kenney/ui/Cursor Pixel Pack/Tiles/tile_0187.png,image-fully-transparent,Context review: possible texture/font-space/timing/padding; not automatically corruption,7055b76c0befa453a4d10e8e0be54f47b4d29e99fe8b72084ceb14b7e29ae51c
work/full-audit/downloads/mega-assets-expansion-v1/shorepine-kenney.zip,shorepine-kenney/ui/Cursor Pixel Pack/Tiles/tile_0102.png,image-fully-transparent,Context review: possible texture/font-space/timing/padding; not automatically corruption,7055b76c0befa453a4d10e8e0be54f47b4d29e99fe8b72084ceb14b7e29ae51c
work/full-audit/downloads/mega-assets-expansion-v1/tiddybub-2d-assets.zip,tiddybub-2d-assets/misc/tower-defense-top-down/PNG/Retina/towerDefense_tile188.png,image-uniform,Context review: possible texture/font-space/timing/padding; not automatically corruption,045b65e168e1f0285bee3749a41ba807cf33ee81a023b8b458f09882adfa728f
work/full-audit/downloads/mega-assets-expansion-v1/tiddybub-2d-assets.zip,tiddybub-2d-assets/misc/tower-defense-top-down/PNG/Retina/towerDefense_tile198.png,image-uniform,Context review: possible texture/font-space/timing/padding; not automatically corruption,35b636a798526484425837dde797fe1b0e014f09b7d97717a5ff580f8a4303c4
work/full-audit/downloads/mega-assets-expansion-v1/tiddybub-2d-assets.zip,tiddybub-2d-assets/misc/tower-defense-top-down/PNG/Retina/towerDefense_tile124.png,image-uniform,Context review: possible texture/font-space/timing/padding; not automatically corruption,3f55fc9bfae38bd061f0d9841ca63a7f415db4c4ff8b568af29940e559c73382
work/full-audit/downloads/mega-assets-expansion-v1/tiddybub-2d-assets.zip,tiddybub-2d-assets/misc/tower-defense-top-down/PNG/Retina/towerDefense_tile055.png,image-uniform,Context review: possible texture/font-space/timing/padding; not automatically corruption,2bd4f08e4c40c691861e4b7faf2ed84245805c7ebb9283005f9751ac4beccb9c
work/full-audit/downloads/mega-assets-expansion-v1/tiddybub-2d-assets.zip,tiddybub-2d-assets/misc/tower-defense-top-down/PNG/Retina/towerDefense_tile262.png,image-uniform,Context review: possible texture/font-space/timing/padding; not automatically corruption,7d215475d576c49956a420d6317750c49a3e2fbb8f2657d0d6c6af21ef847079
work/full-audit/downloads/mega-assets-expansion-v1/tiddybub-2d-assets.zip,tiddybub-2d-assets/misc/tower-defense-top-down/PNG/Retina/towerDefense_tile050.png,image-uniform,Context review: possible texture/font-space/timing/padding; not automatically corruption,0db8fba05acbc36808299d761355d4763352852187ecb5c5709aa0afa3785057
work/full-audit/downloads/mega-assets-expansion-v1/tiddybub-2d-assets.zip,tiddybub-2d-assets/misc/tower-defense-top-down/PNG/Retina/towerDefense_tile267.png,image-uniform,Context review: possible texture/font-space/timing/padding; not automatically corruption,80d6e67a2845d9d12d0e5b1e0db78d8a6db86774c2559f4063c7a24a92c97d7a
work/full-audit/downloads/mega-assets-expansion-v1/tiddybub-2d-assets.zip,tiddybub-2d-assets/misc/tower-defense-top-down/PNG/Retina/towerDefense_tile119.png,image-uniform,Context review: possible texture/font-space/timing/padding; not automatically corruption,e66a0d9e96347bf2227294e35e91e7c3fa856e48cecc7bb1d58251eb4b3bcd40
work/full-audit/downloads/mega-assets-expansion-v1/tiddybub-2d-assets.zip,tiddybub-2d-assets/misc/tower-defense-top-down/PNG/Retina/towerDefense_tile129.png,image-uniform,Context review: possible texture/font-space/timing/padding; not automatically corruption,e52c6b0c2383fcf7799d0288cd3ad5ea2fa0eb72eca0ac86846aacb858626f52
work/full-audit/downloads/mega-assets-expansion-v1/tiddybub-2d-assets.zip,tiddybub-2d-assets/misc/tower-defense-top-down/PNG/Retina/towerDefense_tile060.png,image-uniform,Context review: possible texture/font-space/timing/padding; not automatically corruption,18e81a2a4e2c4edd8113e705d251d501977fd2a8d7d97b03bcb626af626a151a
work/full-audit/downloads/mega-assets-expansion-v1/tiddybub-2d-assets.zip,tiddybub-2d-assets/misc/tower-defense-top-down/PNG/Retina/towerDefense_tile193.png,image-uniform,Context review: possible texture/font-space/timing/padding; not automatically corruption,2aa7c463b40e2d3943e51aa4711f15dac5470a434ec4278ca23c504853cfd293
work/full-audit/downloads/mega-assets-expansion-v1/tiddybub-2d-assets.zip,tiddybub-2d-assets/misc/tower-defense-top-down/PNG/Retina/towerDefense_tile257.png,image-uniform,Context review: possible texture/font-space/timing/padding; not automatically corruption,d5af3f4fd48080962300974c1242716e24ea556f60bd0c0f74a92aa0457e2ea8
work/full-audit/downloads/mega-assets-expansion-v1/tiddybub-2d-assets.zip,tiddybub-2d-assets/misc/tower-defense-top-down/PNG/Default size/towerDefense_tile188.png,image-uniform,Context review: possible texture/font-space/timing/padding; not automatically corruption,564225325672b78b79a77dbcf5f8410b848fd49aa758662b4a0ec97d2f2d77d5
work/full-audit/downloads/mega-assets-expansion-v1/tiddybub-2d-assets.zip,tiddybub-2d-assets/misc/tower-defense-top-down/PNG/Default size/towerDefense_tile198.png,image-uniform,Context review: possible texture/font-space/timing/padding; not automatically corruption,4e2fd0d5262a271e644182bfbaf7654845d5e8d87efc9ddc457662ffd320eec0
work/full-audit/downloads/mega-assets-expansion-v1/tiddybub-2d-assets.zip,tiddybub-2d-assets/misc/tower-defense-top-down/PNG/Default size/towerDefense_tile124.png,image-uniform,Context review: possible texture/font-space/timing/padding; not automatically corruption,20d86b863121e20bcf018a7880f09757ccf520d789eb1edaa309154047fe2e22
work/full-audit/downloads/mega-assets-expansion-v1/tiddybub-2d-assets.zip,tiddybub-2d-assets/misc/tower-defense-top-down/PNG/Default size/towerDefense_tile055.png,image-uniform,Context review: possible texture/font-space/timing/padding; not automatically corruption,1c802133b5bb85e475b6079b743caa4cf33aea7cf5e2c31e95c4e3debb24a645
work/full-audit/downloads/mega-assets-expansion-v1/tiddybub-2d-assets.zip,tiddybub-2d-assets/misc/tower-defense-top-down/PNG/Default size/towerDefense_tile262.png,image-uniform,Context review: possible texture/font-space/timing/padding; not automatically corruption,f1d02b8be1719ff0374e1eaa7ddd5125c0b72480e96e13b68526f30cf4bfdd15
work/full-audit/downloads/mega-assets-expansion-v1/tiddybub-2d-assets.zip,tiddybub-2d-assets/misc/tower-defense-top-down/PNG/Default size/towerDefense_tile050.png,image-uniform,Context review: possible texture/font-space/timing/padding; not automatically corruption,9d2362c129669bae9884a0b8e427517d9dc9b7c9b73f6ed2444c7e58a28df30e
work/full-audit/downloads/mega-assets-expansion-v1/tiddybub-2d-assets.zip,tiddybub-2d-assets/misc/tower-defense-top-down/PNG/Default size/towerDefense_tile267.png,image-uniform,Context review: possible texture/font-space/timing/padding; not automatically corruption,7ba6b247be07c51c45934a85a3c9587e07f6856ff004699e0bbbc3d0054fb075
work/full-audit/downloads/mega-assets-expansion-v1/tiddybub-2d-assets.zip,tiddybub-2d-assets/misc/tower-defense-top-down/PNG/Default size/towerDefense_tile119.png,image-uniform,Context review: possible texture/font-space/timing/padding; not automatically corruption,8784c686d1e582eb4e14253f0f5f0507e245ab25442eef49e18f7d4b4ab29d8b
work/full-audit/downloads/mega-assets-expansion-v1/tiddybub-2d-assets.zip,tiddybub-2d-assets/misc/tower-defense-top-down/PNG/Default size/towerDefense_tile129.png,image-uniform,Context review: possible texture/font-space/timing/padding; not automatically corruption,bde3198ae5cb32cef74debe60a1c2a9294ed373ee5354f8e8ed136a4c4b95452
work/full-audit/downloads/mega-assets-expansion-v1/tiddybub-2d-assets.zip,tiddybub-2d-assets/misc/tower-defense-top-down/PNG/Default size/towerDefense_tile060.png,image-uniform,Context review: possible texture/font-space/timing/padding; not automatically corruption,7f5b93cfe7a6baa503fa74a71236e6ba2e3341c87914a1a89e25de6676712002
work/full-audit/downloads/mega-assets-expansion-v1/tiddybub-2d-assets.zip,tiddybub-2d-assets/misc/tower-defense-top-down/PNG/Default size/towerDefense_tile193.png,image-uniform,Context review: possible texture/font-space/timing/padding; not automatically corruption,495414e90efea1d1e6bd9df7f350072f89756b3290ebc2212ddc1831caaf5ebd
work/full-audit/downloads/mega-assets-expansion-v1/tiddybub-2d-assets.zip,tiddybub-2d-assets/misc/tower-defense-top-down/PNG/Default size/towerDefense_tile257.png,image-uniform,Context review: possible texture/font-space/timing/padding; not automatically corruption,f12ab570bbc1fc9e2fd0dfec68a67130b89bdcac5e4e30c0d5d33b3dc3ab7caa
work/full-audit/downloads/mega-assets-expansion-v1/tiddybub-2d-assets.zip,tiddybub-2d-assets/misc/tiny-ski/Tiles/tile_0002.png,image-uniform,Context review: possible texture/font-space/timing/padding; not automatically corruption,22c020e087166227b8de6dae65cde91f19d06ae1959ff6b29c740521fdf695cd
work/full-audit/downloads/mega-assets-expansion-v1/tiddybub-2d-assets.zip,tiddybub-2d-assets/misc/tiny-ski/Tiles/tile_0000.png,image-uniform,Context review: possible texture/font-space/timing/padding; not automatically corruption,ea5dc2919a2b516b9f5d4477cc53f335d0277bf16defc0dea9c62c2acf039ee2
work/full-audit/downloads/mega-assets-expansion-v1/tiddybub-2d-assets.zip,tiddybub-2d-assets/misc/oga-4-cartoony-terrains-textures/4_cartoon_terrains_0_unpacked/Suelo tierra PSD.psd,image-fully-transparent,Context review: possible texture/font-space/timing/padding; not automatically corruption,599e68d3761e2527889b5d658ed9f68f71d3196f208a6f9e69bc4b5dedbb984b
work/full-audit/downloads/mega-assets-expansion-v1/tiddybub-2d-assets.zip,tiddybub-2d-assets/misc/oga-4-cartoony-terrains-textures/4_cartoon_terrains_0_unpacked/Suelo hierba 256.psd,image-fully-transparent,Context review: possible texture/font-space/timing/padding; not automatically corruption,4c93052cb5bd6e17ade0760eeb3e253b17ab4b9e075957771f4ba850f6f1c073
work/full-audit/downloads/mega-assets-expansion-v1/tiddybub-2d-assets.zip,tiddybub-2d-assets/misc/oga-4-cartoony-terrains-textures/4_cartoon_terrains_0_unpacked/Suelo hierba.psd,image-fully-transparent,Context review: possible texture/font-space/timing/padding; not automatically corruption,98b1480cf774baab4f04779edbdad63363cb1ec2e0e352eb04f255e56f85f6a2
work/full-audit/downloads/mega-assets-expansion-v1/tiddybub-2d-assets.zip,tiddybub-2d-assets/misc/oga-4-cartoony-terrains-textures/4_cartoon_terrains_0_unpacked/Suelo arena.psd,image-fully-transparent,Context review: possible texture/font-space/timing/padding; not automatically corruption,ea02dc85a9c00ec1af2a8cfa8ac216b240504c50fc9615602be30d95b6afca06
work/full-audit/downloads/mega-assets-expansion-v1/tiddybub-2d-assets.zip,tiddybub-2d-assets/misc/oga-customizable-pumpkins/pumpkin_unpacked/__MACOSX/Pumpkin/._AmbientOcclusion.tga,exclude-sidecar,Filesystem sidecar; not game artwork,00cae67a835c85683fc592498a066e5c0a056f2b8756847d24da296d870dabc2
work/full-audit/downloads/mega-assets-expansion-v1/tiddybub-2d-assets.zip,tiddybub-2d-assets/misc/oga-customizable-pumpkins/pumpkin_unpacked/__MACOSX/Pumpkin/Faces/._Kitty.jpg,exclude-sidecar,Filesystem sidecar; not game artwork,533397d232d123f10d0584d8a5ca855dbd6689f87a9f4f894e280686bd82174d
work/full-audit/downloads/mega-assets-expansion-v1/tiddybub-2d-assets.zip,tiddybub-2d-assets/misc/oga-customizable-pumpkins/pumpkin_unpacked/__MACOSX/Pumpkin/Faces/._CircleyCrossEyed.jpg,exclude-sidecar,Filesystem sidecar; not game artwork,a148b6681d55623eca72490fb362707d9176cb84789c10b265be08f1208097a9
work/full-audit/downloads/mega-assets-expansion-v1/tiddybub-2d-assets.zip,tiddybub-2d-assets/misc/oga-customizable-pumpkins/pumpkin_unpacked/__MACOSX/Pumpkin/Faces/._Cyclopes.jpg,exclude-sidecar,Filesystem sidecar; not game artwork,7557afba934e35ee04214f9f5e00c9ce4db4439f9f28adbb0db4aee517e0ac4a
work/full-audit/downloads/mega-assets-expansion-v1/tiddybub-2d-assets.zip,tiddybub-2d-assets/misc/oga-customizable-pumpkins/pumpkin_unpacked/__MACOSX/Pumpkin/Faces/._SadFace.jpg,exclude-sidecar,Filesystem sidecar; not game artwork,331d7c820b8fc8e08950b505b3a56194cf2aa1615e272b3e900987bb13cb39c6
work/full-audit/downloads/mega-assets-expansion-v1/tiddybub-2d-assets.zip,tiddybub-2d-assets/misc/oga-customizable-pumpkins/pumpkin_unpacked/__MACOSX/Pumpkin/Faces/._HappyFace.jpg,exclude-sidecar,Filesystem sidecar; not game artwork,21aa83b01faa6f2a3f26d09cc3e0659d5db296fa7824eac88d9de893288d5ecc
work/full-audit/downloads/mega-assets-expansion-v1/tiddybub-2d-assets.zip,tiddybub-2d-assets/misc/oga-customizable-pumpkins/pumpkin_unpacked/__MACOSX/Pumpkin/Faces/._Pumpkin.psd,exclude-sidecar,Filesystem sidecar; not game artwork,0a79b55ac12a7c7ac89247b4d6d1e7bf1cf92e6de05d42a66662ff51c2857445
work/full-audit/downloads/mega-assets-expansion-v1/tiddybub-2d-assets.zip,tiddybub-2d-assets/misc/oga-customizable-pumpkins/pumpkin_unpacked/__MACOSX/Pumpkin/Faces/._HappyFaceWithEyes.jpg,exclude-sidecar,Filesystem sidecar; not game artwork,d2c9d7f1de4c335fad2bdbed3063a39b1f51e108b678c59f497b83e74c8d1dba
work/full-audit/downloads/mega-assets-expansion-v1/tiddybub-2d-assets.zip,tiddybub-2d-assets/misc/oga-customizable-pumpkins/pumpkin_unpacked/__MACOSX/Pumpkin/Faces/._Circley.jpg,exclude-sidecar,Filesystem sidecar; not game artwork,30695d520682564f04c7453cdf91fadb2789ddc7d274864ae3baab594b4bccd8
work/full-audit/downloads/mega-assets-expansion-v1/tiddybub-2d-assets.zip,tiddybub-2d-assets/misc/oga-customizable-pumpkins/pumpkin_unpacked/__MACOSX/Pumpkin/Faces/._Monster.jpg,exclude-sidecar,Filesystem sidecar; not game artwork,da7c4990084aeb27cefa67a6d672fcb41c4fff5cda9a0a56e1b5e1e5e209f24f
work/full-audit/downloads/mega-assets-expansion-v1/tiddybub-2d-assets.zip,tiddybub-2d-assets/misc/oga-customizable-pumpkins/pumpkin_unpacked/__MACOSX/Pumpkin/Faces/._SadFaceWithEyes.jpg,exclude-sidecar,Filesystem sidecar; not game artwork,ea15363501b2255db8d472ffc0939b4487fd8c2c05411f8d845aaecbf735d7d1
work/full-audit/downloads/mega-assets-expansion-v1/tiddybub-2d-assets.zip,tiddybub-2d-assets/misc/oga-customizable-pumpkins/pumpkin_unpacked/__MACOSX/Pumpkin/Faces/._YA.jpg,exclude-sidecar,Filesystem sidecar; not game artwork,02679d5a8dd97548a00d1b5b417a92e4af7d8ec47ee2f3874846a86a68fd6fb3
work/full-audit/downloads/mega-assets-expansion-v1/tiddybub-2d-assets.zip,tiddybub-2d-assets/misc/oga-customizable-pumpkins/pumpkin_unpacked/__MACOSX/Pumpkin/Faces/._Spider.jpg,exclude-sidecar,Filesystem sidecar; not game artwork,603f8b28da60b06b4f44c8afa63bf20c4288baa09f8a9a757b5eb2b2c1c841f3
work/full-audit/downloads/mega-assets-expansion-v1/tiddybub-2d-assets.zip,tiddybub-2d-assets/misc/oga-customizable-pumpkins/pumpkin_unpacked/__MACOSX/Pumpkin/._MeshGuideLines.tga,exclude-sidecar,Filesystem sidecar; not game artwork,00cae67a835c85683fc592498a066e5c0a056f2b8756847d24da296d870dabc2
work/full-audit/downloads/mega-assets-expansion-v1/tiddybub-2d-assets.zip,tiddybub-2d-assets/misc/oga-customizable-pumpkins/pumpkin_unpacked/Pumpkin/Faces/Pumpkin.psd,secondary-decoder-pass,Decoded with ImageMagick instead of Pillow,80494f378494919565e94d2616b392e79f39cbe79be0d0a33f983cae825eabb1
work/full-audit/downloads/mega-assets-expansion-v1/tiddybub-2d-assets.zip,tiddybub-2d-assets/misc/puzzle-pack-1/PNG/Double/buttonDefault_mid.png,image-uniform,Context review: possible texture/font-space/timing/padding; not automatically corruption,9015b9824012c67dbbc5e78280670684dab91b679eaefd5db44f1f6dc2b76489
work/full-audit/downloads/mega-assets-expansion-v1/tiddybub-2d-assets.zip,tiddybub-2d-assets/misc/puzzle-pack-1/PNG/Double/buttonSelected_mid.png,image-uniform,Context review: possible texture/font-space/timing/padding; not automatically corruption,83e0ff03818ae9b374c6e42fc187e82c7213b61bdc2dc4b2ba17d27afd9f826b
work/full-audit/downloads/mega-assets-expansion-v1/tiddybub-2d-assets.zip,tiddybub-2d-assets/misc/puzzle-pack-1/PNG/Default/buttonDefault_mid.png,image-uniform,Context review: possible texture/font-space/timing/padding; not automatically corruption,28676c0f5d80bbe32d5e7132116f06719aa8aa219510232fa709ffa66e406d51
work/full-audit/downloads/mega-assets-expansion-v1/tiddybub-2d-assets.zip,tiddybub-2d-assets/misc/puzzle-pack-1/PNG/Default/buttonSelected_mid.png,image-uniform,Context review: possible texture/font-space/timing/padding; not automatically corruption,94715e654091670b3bea05b19514edefc32f2a1c50a8d0ec57a10ad6b978821c
work/full-audit/downloads/mega-assets-expansion-v1/tiddybub-2d-assets.zip,tiddybub-2d-assets/misc/oga-3-level-grid/grid.psd,secondary-decoder-pass,Decoded with ImageMagick instead of Pillow,20f1190629cddbb39d3bd1545653a0a67cd2dcd8e74bbc937ec7966d8e698c84
work/full-audit/downloads/mega-assets-expansion-v1/tiddybub-2d-assets.zip,tiddybub-2d-assets/misc/pixel-platformer-blocks/Tiles/Rock/tile_0037.png,image-uniform,Context review: possible texture/font-space/timing/padding; not automatically corruption,3b5d80d1df0edeadb95da2a95a7a74f17bbc9f09e0c6838f763366c6d086c25e
work/full-audit/downloads/mega-assets-expansion-v1/tiddybub-2d-assets.zip,tiddybub-2d-assets/misc/pixel-platformer-blocks/Tiles/Stone/tile_0037.png,image-uniform,Context review: possible texture/font-space/timing/padding; not automatically corruption,70251180801c145040e2ea766fd613841b60e7d77ca65d37cd8dc08febaa8234
work/full-audit/downloads/mega-assets-expansion-v1/tiddybub-2d-assets.zip,tiddybub-2d-assets/misc/pixel-platformer-blocks/Tiles/Sand/tile_0037.png,image-uniform,Context review: possible texture/font-space/timing/padding; not automatically corruption,6dedd66dbf2a8f11f8406af031c0007f7b2d270d4732e36992dfed46dd1c8c2b
work/full-audit/downloads/mega-assets-expansion-v1/tiddybub-2d-assets.zip,tiddybub-2d-assets/misc/pixel-platformer-blocks/Tiles/Marble/tile_0037.png,image-uniform,Context review: possible texture/font-space/timing/padding; not automatically corruption,ff1610e5760ce2d8c87e1bdd5aa56a54dc661f7bae722e92ffe1667fb48a4012
work/full-audit/downloads/mega-assets-expansion-v1/tiddybub-2d-assets.zip,tiddybub-2d-assets/vehicles/racing-pack/PNG/Tiles/Asphalt road/road_asphalt22.png,image-uniform,Context review: possible texture/font-space/timing/padding; not automatically corruption,dc2df40e30a4331ac1b889cf74edc08c7bf8d36df5143c215520cd4c11100f99
work/full-audit/downloads/mega-assets-expansion-v1/tiddybub-2d-assets.zip,tiddybub-2d-assets/vehicles/racing-pack/PNG/Tiles/Sand road/road_sand18.png,image-uniform,Context review: possible texture/font-space/timing/padding; not automatically corruption,9dce89de330aafe5c40347e1dfc75cc9da7667839cc51a7d84074bd789a4ea9e
work/full-audit/downloads/mega-assets-expansion-v1/tiddybub-2d-assets.zip,tiddybub-2d-assets/vehicles/racing-pack/PNG/Tiles/Dirt road/road_dirt21.png,image-uniform,Context review: possible texture/font-space/timing/padding; not automatically corruption,ec1019593c97b802447a5c3cbbff2ba8f8d713c89bd2b359c1c34f787a11f84e
work/full-audit/downloads/mega-assets-expansion-v1/tiddybub-2d-assets.zip,tiddybub-2d-assets/vehicles/pixel-shmup/Tiles/tile_0042.png,image-uniform,Context review: possible texture/font-space/timing/padding; not automatically corruption,8763cef38375a3b299dd885c9a39f10094a1d39cb1ff745b96957f6b76fc0472
work/full-audit/downloads/mega-assets-expansion-v1/tiddybub-2d-assets.zip,tiddybub-2d-assets/vehicles/tiny-battle/Tiles/tile_0000.png,image-uniform,Context review: possible texture/font-space/timing/padding; not automatically corruption,d4c692ef80ee97b3395b885ae07020d42a106683ff3650df240f8e972bd5a041
work/full-audit/downloads/mega-assets-expansion-v1/tiddybub-2d-assets.zip,tiddybub-2d-assets/vehicles/top-down-tanks/PNG/Environment/grass.png,image-uniform,Context review: possible texture/font-space/timing/padding; not automatically corruption,19bcd2b28eb1e4cbdbb843adea19dddd4c08f30d3d63c430d8b4b5961cde3c86
work/full-audit/downloads/mega-assets-expansion-v1/tiddybub-2d-assets.zip,tiddybub-2d-assets/characters/pico-8-platformer/Default/Tiles/tile_0002.png,image-uniform,Context review: possible texture/font-space/timing/padding; not automatically corruption,28746a85ab9b446c18aa71cebf0ae3bbfdec0552baafe8f4d52826fbb9679e72
work/full-audit/downloads/mega-assets-expansion-v1/tiddybub-2d-assets.zip,tiddybub-2d-assets/characters/pico-8-platformer/Default/Tiles/tile_0000.png,image-uniform,Context review: possible texture/font-space/timing/padding; not automatically corruption,c5b2f055da656afd2629c6a9b05f24cb9467643a04c04416282076d8de12b2b9
work/full-audit/downloads/mega-assets-expansion-v1/tiddybub-2d-assets.zip,tiddybub-2d-assets/characters/pico-8-platformer/Default/Tiles/tile_0019.png,image-uniform,Context review: possible texture/font-space/timing/padding; not automatically corruption,95dba9d0ede995a192a407481478147c668516aee85642f412e5c40581807ebd
work/full-audit/downloads/mega-assets-expansion-v1/tiddybub-2d-assets.zip,tiddybub-2d-assets/characters/pico-8-platformer/Default/Tiles/tile_0026.png,image-uniform,Context review: possible texture/font-space/timing/padding; not automatically corruption,aaa0d3442e7c9d466e393e78688d1a4f935b503ba7ed32cfd86c32ac6d5c92b6
work/full-audit/downloads/mega-assets-expansion-v1/tiddybub-2d-assets.zip,tiddybub-2d-assets/characters/pico-8-platformer/Transparent/Tiles/tile_0002.png,image-uniform,Context review: possible texture/font-space/timing/padding; not automatically corruption,28746a85ab9b446c18aa71cebf0ae3bbfdec0552baafe8f4d52826fbb9679e72
work/full-audit/downloads/mega-assets-expansion-v1/tiddybub-2d-assets.zip,tiddybub-2d-assets/characters/pico-8-platformer/Transparent/Tiles/tile_0000.png,image-fully-transparent,Context review: possible texture/font-space/timing/padding; not automatically corruption,bf89207f958f31207b4876a2e4ce7be0aa3f5c6aeccd0ffe6c97fdfb471bf579
work/full-audit/downloads/mega-assets-expansion-v1/tiddybub-2d-assets.zip,tiddybub-2d-assets/characters/pico-8-platformer/Transparent/Tiles/tile_0019.png,image-uniform,Context review: possible texture/font-space/timing/padding; not automatically corruption,95dba9d0ede995a192a407481478147c668516aee85642f412e5c40581807ebd
work/full-audit/downloads/mega-assets-expansion-v1/tiddybub-2d-assets.zip,tiddybub-2d-assets/characters/pico-8-platformer/Transparent/Tiles/tile_0026.png,image-uniform,Context review: possible texture/font-space/timing/padding; not automatically corruption,aaa0d3442e7c9d466e393e78688d1a4f935b503ba7ed32cfd86c32ac6d5c92b6
work/full-audit/downloads/mega-assets-expansion-v1/tiddybub-2d-assets.zip,tiddybub-2d-assets/characters/jumper-pack/PNG/Background/bg_layer1.png,image-uniform,Context review: possible texture/font-space/timing/padding; not automatically corruption,ca2cb2a0a98d02e15a3ad16b078c8ed009f461dbd2a099bd920fb69c840c4e24
work/full-audit/downloads/mega-assets-expansion-v1/tiddybub-2d-assets.zip,tiddybub-2d-assets/characters/new-platformer-pack/Sprites/Backgrounds/Double/background_solid_grass.png,image-uniform,Context review: possible texture/font-space/timing/padding; not automatically corruption,32a24b54466f97bd996157be036e3f11ffd0bc0e4795d2913f9fd81f76922583
work/full-audit/downloads/mega-assets-expansion-v1/tiddybub-2d-assets.zip,tiddybub-2d-assets/characters/new-platformer-pack/Sprites/Backgrounds/Double/background_solid_dirt.png,image-uniform,Context review: possible texture/font-space/timing/padding; not automatically corruption,c9ef8691f6dacd3868fdbbb2aba3eded17d75b59737e8014801c90419202d7af
work/full-audit/downloads/mega-assets-expansion-v1/tiddybub-2d-assets.zip,tiddybub-2d-assets/characters/new-platformer-pack/Sprites/Backgrounds/Double/background_solid_sky.png,image-uniform,Context review: possible texture/font-space/timing/padding; not automatically corruption,55ccb7de46809cdc96ea4453884c4fff29beaf21f8283e11339e406c88d3f5db
work/full-audit/downloads/mega-assets-expansion-v1/tiddybub-2d-assets.zip,tiddybub-2d-assets/characters/new-platformer-pack/Sprites/Backgrounds/Double/background_solid_sand.png,image-uniform,Context review: possible texture/font-space/timing/padding; not automatically corruption,7790af96f1d388a9685745451dea6b2a6ed03893e1f353ab79e546282bb525a3
work/full-audit/downloads/mega-assets-expansion-v1/tiddybub-2d-assets.zip,tiddybub-2d-assets/characters/new-platformer-pack/Sprites/Backgrounds/Double/background_solid_cloud.png,image-uniform,Context review: possible texture/font-space/timing/padding; not automatically corruption,5e0c038a8685e7d84caceef281e687ae711090627c114bc19d2f49a58eac6ee6
work/full-audit/downloads/mega-assets-expansion-v1/tiddybub-2d-assets.zip,tiddybub-2d-assets/characters/new-platformer-pack/Sprites/Backgrounds/Default/background_solid_grass.png,image-uniform,Context review: possible texture/font-space/timing/padding; not automatically corruption,733c1fc081c98fe5ee354c6f208f5dbf58d1fcc0556d92b9c0cb605e7f562cd8
work/full-audit/downloads/mega-assets-expansion-v1/tiddybub-2d-assets.zip,tiddybub-2d-assets/characters/new-platformer-pack/Sprites/Backgrounds/Default/background_solid_dirt.png,image-uniform,Context review: possible texture/font-space/timing/padding; not automatically corruption,9cb5a19f8be0488b304c4f4ed146860063075cc7f06ef5e06d08d36edb7e07ea
work/full-audit/downloads/mega-assets-expansion-v1/tiddybub-2d-assets.zip,tiddybub-2d-assets/characters/new-platformer-pack/Sprites/Backgrounds/Default/background_solid_sky.png,image-uniform,Context review: possible texture/font-space/timing/padding; not automatically corruption,2a5933f9f6d6a8495b32c544a80f1ca98031d8cb82639fc0ca6db44b76a313c9
work/full-audit/downloads/mega-assets-expansion-v1/tiddybub-2d-assets.zip,tiddybub-2d-assets/characters/new-platformer-pack/Sprites/Backgrounds/Default/background_solid_sand.png,image-uniform,Context review: possible texture/font-space/timing/padding; not automatically corruption,5b4e4e58391aad81b20c9998ba2448703ef30e3c19b831d10a491aa2ee8812c3
work/full-audit/downloads/mega-assets-expansion-v1/tiddybub-2d-assets.zip,tiddybub-2d-assets/characters/new-platformer-pack/Sprites/Backgrounds/Default/background_solid_cloud.png,image-uniform,Context review: possible texture/font-space/timing/padding; not automatically corruption,a31767e04c75e6abfb0821090784afb84e9d66df5c5d9afdab709347650ddb91
work/full-audit/downloads/mega-assets-expansion-v1/tiddybub-2d-assets.zip,tiddybub-2d-assets/characters/voxel-pack/PNG/Particles/square_orange.png,image-uniform,Context review: possible texture/font-space/timing/padding; not automatically corruption,6df367fd39015eee54d70fca3fb4de7dcf4375322e3d1fee42ee505fa532690e
work/full-audit/downloads/mega-assets-expansion-v1/tiddybub-2d-assets.zip,tiddybub-2d-assets/characters/voxel-pack/PNG/Particles/square_blue.png,image-uniform,Context review: possible texture/font-space/timing/padding; not automatically corruption,3e630db0361ed976f85347ced60e4240fe34ae62c6f0555bf1bb41a5119d66cc
work/full-audit/downloads/mega-assets-expansion-v1/tiddybub-2d-assets.zip,tiddybub-2d-assets/characters/voxel-pack/PNG/Particles/square_white.png,image-uniform,Context review: possible texture/font-space/timing/padding; not automatically corruption,18fadbf72ac4908a73959a3fee14d44fa8f4ab3017188345ecd3a41d7e190016
work/full-audit/downloads/mega-assets-expansion-v1/tiddybub-2d-assets.zip,tiddybub-2d-assets/characters/voxel-pack/PNG/Particles/square_red.png,image-uniform,Context review: possible texture/font-space/timing/padding; not automatically corruption,782d46ba3ad6d82165cf0bb2d0c6381bf2c426e465f7ad049a22b69321cca2c7
work/full-audit/downloads/mega-assets-expansion-v1/tiddybub-2d-assets.zip,tiddybub-2d-assets/characters/voxel-pack/PNG/Characters/Fox/fox_ear.png,image-uniform,Context review: possible texture/font-space/timing/padding; not automatically corruption,2fc2d946a95158602aee5835d70eb1372aaae0a107677daf63d9b31e45752dd2
work/full-audit/downloads/mega-assets-expansion-v1/tiddybub-2d-assets.zip,tiddybub-2d-assets/characters/abstract-platformer/PNG/Other/fluidRed.png,image-uniform,Context review: possible texture/font-space/timing/padding; not automatically corruption,9394168600b00ddc37499bfba8dd8095ff5f22a0255deab785c62d1f8ae37c16
work/full-audit/downloads/mega-assets-expansion-v1/tiddybub-2d-assets.zip,tiddybub-2d-assets/characters/abstract-platformer/PNG/Other/fluidGreen.png,image-uniform,Context review: possible texture/font-space/timing/padding; not automatically corruption,a3818329730052b7d35dfa1ff7f8dbb3cdc0fa879a565eb25bd9d4e8871df303
work/full-audit/downloads/mega-assets-expansion-v1/tiddybub-2d-assets.zip,tiddybub-2d-assets/characters/abstract-platformer/PNG/Other/fluidBrown.png,image-uniform,Context review: possible texture/font-space/timing/padding; not automatically corruption,e3b18ff2e0d27f9ee925dc9e608e2e1dd0d4439499af64d5328971bd6316525c
work/full-audit/downloads/mega-assets-expansion-v1/tiddybub-2d-assets.zip,tiddybub-2d-assets/characters/abstract-platformer/PNG/Other/lockRedMid.png,image-uniform,Context review: possible texture/font-space/timing/padding; not automatically corruption,9394168600b00ddc37499bfba8dd8095ff5f22a0255deab785c62d1f8ae37c16
work/full-audit/downloads/mega-assets-expansion-v1/tiddybub-2d-assets.zip,tiddybub-2d-assets/characters/abstract-platformer/PNG/Other/plantStem_horizontal.png,image-uniform,Context review: possible texture/font-space/timing/padding; not automatically corruption,8a9c610e61a528840f3a54d8764d222237fe978b902477f0094b06815916e13f
work/full-audit/downloads/mega-assets-expansion-v1/tiddybub-2d-assets.zip,tiddybub-2d-assets/characters/abstract-platformer/PNG/Other/plantStem_vertical.png,image-uniform,Context review: possible texture/font-space/timing/padding; not automatically corruption,152ec57f0ecf5846534c69069f26239e5a9815988b1525ae3fd410571e33c513
work/full-audit/downloads/mega-assets-expansion-v1/tiddybub-2d-assets.zip,tiddybub-2d-assets/characters/abstract-platformer/PNG/Other/lockGreenMid.png,image-uniform,Context review: possible texture/font-space/timing/padding; not automatically corruption,00957c76d04f8282d786c95132a64553217a4dff48a758a7828ce22e15c81ae4
work/full-audit/downloads/mega-assets-expansion-v1/tiddybub-2d-assets.zip,tiddybub-2d-assets/characters/abstract-platformer/PNG/Other/fluidBlue.png,image-uniform,Context review: possible texture/font-space/timing/padding; not automatically corruption,db1493cdae7b5146e8f7eaa971618bcd526e3605b7dd2f0f24ec035039684af7
work/full-audit/downloads/mega-assets-expansion-v1/tiddybub-2d-assets.zip,tiddybub-2d-assets/characters/abstract-platformer/PNG/Backgrounds/set2_background.png,image-uniform,Context review: possible texture/font-space/timing/padding; not automatically corruption,c538eba054aa418cb4475fee53a4086644c78f7e66df5803655ae57dd0899366
work/full-audit/downloads/mega-assets-expansion-v1/tiddybub-2d-assets.zip,tiddybub-2d-assets/characters/abstract-platformer/PNG/Backgrounds/set4_background.png,image-uniform,Context review: possible texture/font-space/timing/padding; not automatically corruption,f6814dd509c9f284f03ef92e889691828000af1860c0a285188800d7b1507c65
work/full-audit/downloads/mega-assets-expansion-v1/tiddybub-2d-assets.zip,tiddybub-2d-assets/characters/abstract-platformer/PNG/Backgrounds/set1_background.png,image-uniform,Context review: possible texture/font-space/timing/padding; not automatically corruption,defb4abc66d68a373808993d557c51a9217b1d052e5a1ad64036bb591ccac045
work/full-audit/downloads/mega-assets-expansion-v1/tiddybub-2d-assets.zip,tiddybub-2d-assets/characters/abstract-platformer/PNG/Backgrounds/set3_background.png,image-uniform,Context review: possible texture/font-space/timing/padding; not automatically corruption,ca7d9681c00f407010bf7f1f68ce9e2e8151cf15850e04b65354ec501ca59d21
work/full-audit/downloads/mega-assets-expansion-v1/tiddybub-2d-assets.zip,tiddybub-2d-assets/characters/abstract-platformer/PNG/Tiles/Yellow tiles/tileYellow_04.png,image-uniform,Context review: possible texture/font-space/timing/padding; not automatically corruption,a3818329730052b7d35dfa1ff7f8dbb3cdc0fa879a565eb25bd9d4e8871df303
work/full-audit/downloads/mega-assets-expansion-v1/tiddybub-2d-assets.zip,tiddybub-2d-assets/characters/abstract-platformer/PNG/Tiles/Green tiles/tileGreen_03.png,image-uniform,Context review: possible texture/font-space/timing/padding; not automatically corruption,91435bef0f90a3be4e09336db9e5f89a439c1e52c40a33870312be198e12b65d
work/full-audit/downloads/mega-assets-expansion-v1/tiddybub-2d-assets.zip,tiddybub-2d-assets/characters/abstract-platformer/PNG/Tiles/Brown tiles/tileBrown_27.png,image-uniform,Context review: possible texture/font-space/timing/padding; not automatically corruption,e3b18ff2e0d27f9ee925dc9e608e2e1dd0d4439499af64d5328971bd6316525c
work/full-audit/downloads/mega-assets-expansion-v1/tiddybub-2d-assets.zip,tiddybub-2d-assets/characters/abstract-platformer/PNG/Tiles/Blue tiles/tileBlue_03.png,image-uniform,Context review: possible texture/font-space/timing/padding; not automatically corruption,05f6e64e62f7f04757513a9702fa671db0f221b32e25eb4e09a782c141e27a84
work/full-audit/downloads/mega-assets-expansion-v1/tiddybub-2d-assets.zip,tiddybub-2d-assets/characters/fish-pack/PNG/Double/background_terrain.png,image-uniform,Context review: possible texture/font-space/timing/padding; not automatically corruption,354d46429528b347b0c0e994c952485c94269de19bd4ffa9face1ff46dd99f34
work/full-audit/downloads/mega-assets-expansion-v1/tiddybub-2d-assets.zip,tiddybub-2d-assets/characters/fish-pack/PNG/Default/background_terrain.png,image-uniform,Context review: possible texture/font-space/timing/padding; not automatically corruption,41ca248e190696be018377babe0b63c26ff468f91c1ef489ed643896e019f8a0
work/full-audit/downloads/mega-assets-expansion-v1/tiddybub-2d-assets.zip,tiddybub-2d-assets/ui/oga-icon-backgrounds/icon_backgrounds_unpacked/Icon Backgrounds/Sources/Icon Background 1.psd,secondary-decoder-pass,Decoded with ImageMagick instead of Pillow,00b2c37fdf9ca680fba671f7bec3e4234c261c2ac80d769e3e406f701a60a09d
work/full-audit/downloads/mega-assets-expansion-v1/tiddybub-2d-assets.zip,tiddybub-2d-assets/ui/oga-icon-backgrounds/icon_backgrounds_unpacked/Icon Backgrounds/Sources/Icon Background 10.psd,secondary-decoder-pass,Decoded with ImageMagick instead of Pillow,7164ff875cdc0d8d7c840d2028231fc4df7f322a93d55c21be7de9a4e864f455
work/full-audit/downloads/mega-assets-expansion-v1/tiddybub-2d-assets.zip,tiddybub-2d-assets/ui/oga-icon-backgrounds/icon_backgrounds_unpacked/Icon Backgrounds/Sources/Icon Background 8.psd,secondary-decoder-pass,Decoded with ImageMagick instead of Pillow,62ba2b57852c7c5b385216887e9c88efb49d31708668dc46f37d107ff9f01547
work/full-audit/downloads/mega-assets-expansion-v1/tiddybub-2d-assets.zip,tiddybub-2d-assets/ui/oga-icon-backgrounds/icon_backgrounds_unpacked/Icon Backgrounds/Sources/Icon Background 9.psd,secondary-decoder-pass,Decoded with ImageMagick instead of Pillow,03e71df5b11bccd89aacceef077ba4d398c82b9b99339691a8089ecaf30e1763
work/full-audit/downloads/mega-assets-expansion-v1/tiddybub-2d-assets.zip,tiddybub-2d-assets/ui/oga-icon-backgrounds/icon_backgrounds_unpacked/Icon Backgrounds/Sources/Icon Background 5.psd,secondary-decoder-pass,Decoded with ImageMagick instead of Pillow,f5ff8b3828e0510499100d10342d2598f510252b15df6495717f15c41eda4711
work/full-audit/downloads/mega-assets-expansion-v1/tiddybub-2d-assets.zip,tiddybub-2d-assets/ui/oga-icon-backgrounds/icon_backgrounds_unpacked/Icon Backgrounds/Sources/Icon Background 7.psd,secondary-decoder-pass,Decoded with ImageMagick instead of Pillow,646eae3753c258e6a69e3e6ff6c0580ac8384970fbc8fb459b875fb19343bdae
work/full-audit/downloads/mega-assets-expansion-v1/tiddybub-2d-assets.zip,tiddybub-2d-assets/ui/oga-icon-backgrounds/icon_backgrounds_unpacked/Icon Backgrounds/Sources/Icon Background 4.psd,secondary-decoder-pass,Decoded with ImageMagick instead of Pillow,8e6f983af6e4e3b9ee4f23c026ad37941de612279113c93ed474e593c2514f7d
work/full-audit/downloads/mega-assets-expansion-v1/tiddybub-2d-assets.zip,tiddybub-2d-assets/ui/oga-icon-backgrounds/icon_backgrounds_unpacked/Icon Backgrounds/Sources/Icon Background 6.psd,secondary-decoder-pass,Decoded with ImageMagick instead of Pillow,1f59efff4ca0ac9527495d7cfc15fc814a8b8ee872ac92a1b5e4d8f92a916fcb
work/full-audit/downloads/mega-assets-expansion-v1/tiddybub-2d-assets.zip,tiddybub-2d-assets/ui/oga-icon-backgrounds/icon_backgrounds_unpacked/Icon Backgrounds/Sources/Icon Background 11.psd,secondary-decoder-pass,Decoded with ImageMagick instead of Pillow,9f4ed67a9e9cfa59729bb9c4ec625a0b1d903961dc70804fbbcc89312b230b8f
work/full-audit/downloads/mega-assets-expansion-v1/tiddybub-2d-assets.zip,tiddybub-2d-assets/ui/oga-icon-backgrounds/icon_backgrounds_unpacked/Icon Backgrounds/Sources/Icon Background 3.psd,secondary-decoder-pass,Decoded with ImageMagick instead of Pillow,31c0fe6ac3b2b206fd0bf1af435506fb6ed971a60c27c522daa508d5526aca46
work/full-audit/downloads/mega-assets-expansion-v1/tiddybub-2d-assets.zip,tiddybub-2d-assets/ui/oga-icon-backgrounds/icon_backgrounds_unpacked/Icon Backgrounds/Sources/Icon Background 2.psd,secondary-decoder-pass,Decoded with ImageMagick instead of Pillow,6d09e1ee0b84e7175742da788395fc83b34f0d82fe748e3208786f6f53e768d1
work/full-audit/downloads/mega-assets-expansion-v1/tiddybub-2d-assets.zip,tiddybub-2d-assets/ui/oga-icon-backgrounds/icon_backgrounds_unpacked/Icon Backgrounds/Sources/Icon Background 12.psd,secondary-decoder-pass,Decoded with ImageMagick instead of Pillow,b80703ed8c1c0b3571a5d968d8d4e7d9d3a8a5c93e6fd0550e1dbd7a7c07cab0
work/full-audit/downloads/mega-assets-expansion-v1/tiddybub-2d-assets.zip,tiddybub-2d-assets/ui/oga-icon-backgrounds/icon_backgrounds_unpacked/Icon Backgrounds/Sources/Icon Background.psd,secondary-decoder-pass,Decoded with ImageMagick instead of Pillow,29b86e010fd0f4d0276225ad0771118c21f56020e57e1e3af5624b0ee2b8b788
work/full-audit/downloads/mega-assets-expansion-v1/tiddybub-2d-assets.zip,tiddybub-2d-assets/ui/ui-pack-pixel-adventure/Tiles/Small tiles/Thick outline/tile_0043.png,image-fully-transparent,Context review: possible texture/font-space/timing/padding; not automatically corruption,7055b76c0befa453a4d10e8e0be54f47b4d29e99fe8b72084ceb14b7e29ae51c
work/full-audit/downloads/mega-assets-expansion-v1/tiddybub-2d-assets.zip,tiddybub-2d-assets/ui/ui-pack-pixel-adventure/Tiles/Small tiles/Thick outline/tile_0044.png,image-fully-transparent,Context review: possible texture/font-space/timing/padding; not automatically corruption,7055b76c0befa453a4d10e8e0be54f47b4d29e99fe8b72084ceb14b7e29ae51c
work/full-audit/downloads/mega-assets-expansion-v1/tiddybub-2d-assets.zip,tiddybub-2d-assets/ui/ui-pack-pixel-adventure/Tiles/Small tiles/Thick outline/tile_0068.png,image-fully-transparent,Context review: possible texture/font-space/timing/padding; not automatically corruption,2f4249eaad35cb2d714aa1c2d6ca03d309dd726eecfc77aa4dadf80fbf9913d3
work/full-audit/downloads/mega-assets-expansion-v1/tiddybub-2d-assets.zip,tiddybub-2d-assets/ui/ui-pack-pixel-adventure/Tiles/Small tiles/Thick outline/tile_0066.png,image-fully-transparent,Context review: possible texture/font-space/timing/padding; not automatically corruption,7055b76c0befa453a4d10e8e0be54f47b4d29e99fe8b72084ceb14b7e29ae51c
work/full-audit/downloads/mega-assets-expansion-v1/tiddybub-2d-assets.zip,tiddybub-2d-assets/ui/ui-pack-pixel-adventure/Tiles/Small tiles/Thick outline/tile_0022.png,image-fully-transparent,Context review: possible texture/font-space/timing/padding; not automatically corruption,2f4249eaad35cb2d714aa1c2d6ca03d309dd726eecfc77aa4dadf80fbf9913d3
work/full-audit/downloads/mega-assets-expansion-v1/tiddybub-2d-assets.zip,tiddybub-2d-assets/ui/ui-pack-pixel-adventure/Tiles/Small tiles/Thick outline/tile_0021.png,image-fully-transparent,Context review: possible texture/font-space/timing/padding; not automatically corruption,7055b76c0befa453a4d10e8e0be54f47b4d29e99fe8b72084ceb14b7e29ae51c
work/full-audit/downloads/mega-assets-expansion-v1/tiddybub-2d-assets.zip,tiddybub-2d-assets/ui/ui-pack-pixel-adventure/Tiles/Small tiles/Thick outline/tile_0067.png,image-fully-transparent,Context review: possible texture/font-space/timing/padding; not automatically corruption,7055b76c0befa453a4d10e8e0be54f47b4d29e99fe8b72084ceb14b7e29ae51c
work/full-audit/downloads/mega-assets-expansion-v1/tiddybub-2d-assets.zip,tiddybub-2d-assets/ui/ui-pack-pixel-adventure/Tiles/Small tiles/Thick outline/tile_0045.png,image-fully-transparent,Context review: possible texture/font-space/timing/padding; not automatically corruption,2f4249eaad35cb2d714aa1c2d6ca03d309dd726eecfc77aa4dadf80fbf9913d3
work/full-audit/downloads/mega-assets-expansion-v1/tiddybub-2d-assets.zip,tiddybub-2d-assets/ui/ui-pack-pixel-adventure/Tiles/Small tiles/Thick outline/tile_0020.png,image-fully-transparent,Context review: possible texture/font-space/timing/padding; not automatically corruption,7055b76c0befa453a4d10e8e0be54f47b4d29e99fe8b72084ceb14b7e29ae51c
work/full-audit/downloads/mega-assets-expansion-v1/tiddybub-2d-assets.zip,tiddybub-2d-assets/ui/ui-pack-pixel-adventure/Tiles/Small tiles/Thin outline/tile_0043.png,image-fully-transparent,Context review: possible texture/font-space/timing/padding; not automatically corruption,7055b76c0befa453a4d10e8e0be54f47b4d29e99fe8b72084ceb14b7e29ae51c
work/full-audit/downloads/mega-assets-expansion-v1/tiddybub-2d-assets.zip,tiddybub-2d-assets/ui/ui-pack-pixel-adventure/Tiles/Small tiles/Thin outline/tile_0044.png,image-fully-transparent,Context review: possible texture/font-space/timing/padding; not automatically corruption,7055b76c0befa453a4d10e8e0be54f47b4d29e99fe8b72084ceb14b7e29ae51c
work/full-audit/downloads/mega-assets-expansion-v1/tiddybub-2d-assets.zip,tiddybub-2d-assets/ui/ui-pack-pixel-adventure/Tiles/Small tiles/Thin outline/tile_0068.png,image-fully-transparent,Context review: possible texture/font-space/timing/padding; not automatically corruption,7055b76c0befa453a4d10e8e0be54f47b4d29e99fe8b72084ceb14b7e29ae51c
work/full-audit/downloads/mega-assets-expansion-v1/tiddybub-2d-assets.zip,tiddybub-2d-assets/ui/ui-pack-pixel-adventure/Tiles/Small tiles/Thin outline/tile_0066.png,image-fully-transparent,Context review: possible texture/font-space/timing/padding; not automatically corruption,7055b76c0befa453a4d10e8e0be54f47b4d29e99fe8b72084ceb14b7e29ae51c
work/full-audit/downloads/mega-assets-expansion-v1/tiddybub-2d-assets.zip,tiddybub-2d-assets/ui/ui-pack-pixel-adventure/Tiles/Small tiles/Thin outline/tile_0022.png,image-fully-transparent,Context review: possible texture/font-space/timing/padding; not automatically corruption,7055b76c0befa453a4d10e8e0be54f47b4d29e99fe8b72084ceb14b7e29ae51c
work/full-audit/downloads/mega-assets-expansion-v1/tiddybub-2d-assets.zip,tiddybub-2d-assets/ui/ui-pack-pixel-adventure/Tiles/Small tiles/Thin outline/tile_0021.png,image-fully-transparent,Context review: possible texture/font-space/timing/padding; not automatically corruption,7055b76c0befa453a4d10e8e0be54f47b4d29e99fe8b72084ceb14b7e29ae51c
work/full-audit/downloads/mega-assets-expansion-v1/tiddybub-2d-assets.zip,tiddybub-2d-assets/ui/ui-pack-pixel-adventure/Tiles/Small tiles/Thin outline/tile_0067.png,image-fully-transparent,Context review: possible texture/font-space/timing/padding; not automatically corruption,7055b76c0befa453a4d10e8e0be54f47b4d29e99fe8b72084ceb14b7e29ae51c
work/full-audit/downloads/mega-assets-expansion-v1/tiddybub-2d-assets.zip,tiddybub-2d-assets/ui/ui-pack-pixel-adventure/Tiles/Small tiles/Thin outline/tile_0045.png,image-fully-transparent,Context review: possible texture/font-space/timing/padding; not automatically corruption,7055b76c0befa453a4d10e8e0be54f47b4d29e99fe8b72084ceb14b7e29ae51c
work/full-audit/downloads/mega-assets-expansion-v1/tiddybub-2d-assets.zip,tiddybub-2d-assets/ui/ui-pack-pixel-adventure/Tiles/Small tiles/Thin outline/tile_0020.png,image-fully-transparent,Context review: possible texture/font-space/timing/padding; not automatically corruption,7055b76c0befa453a4d10e8e0be54f47b4d29e99fe8b72084ceb14b7e29ae51c
work/full-audit/downloads/mega-assets-expansion-v1/tiddybub-2d-assets.zip,tiddybub-2d-assets/ui/ui-pack-pixel-adventure/Tiles/Large tiles/Thick outline/tile_0010.png,image-fully-transparent,Context review: possible texture/font-space/timing/padding; not automatically corruption,37beabe871ded30cbc18ff4c373df256a6f34b86c3a3180e59604f8486b74c04
work/full-audit/downloads/mega-assets-expansion-v1/tiddybub-2d-assets.zip,tiddybub-2d-assets/ui/ui-pack-pixel-adventure/Tiles/Large tiles/Thick outline/tile_0037.png,image-fully-transparent,Context review: possible texture/font-space/timing/padding; not automatically corruption,37beabe871ded30cbc18ff4c373df256a6f34b86c3a3180e59604f8486b74c04
work/full-audit/downloads/mega-assets-expansion-v1/tiddybub-2d-assets.zip,tiddybub-2d-assets/ui/ui-pack-pixel-adventure/Tiles/Large tiles/Thick outline/tile_0036.png,image-fully-transparent,Context review: possible texture/font-space/timing/padding; not automatically corruption,37beabe871ded30cbc18ff4c373df256a6f34b86c3a3180e59604f8486b74c04
work/full-audit/downloads/mega-assets-expansion-v1/tiddybub-2d-assets.zip,tiddybub-2d-assets/ui/ui-pack-pixel-adventure/Tiles/Large tiles/Thick outline/tile_0038.png,image-fully-transparent,Context review: possible texture/font-space/timing/padding; not automatically corruption,37beabe871ded30cbc18ff4c373df256a6f34b86c3a3180e59604f8486b74c04
work/full-audit/downloads/mega-assets-expansion-v1/tiddybub-2d-assets.zip,tiddybub-2d-assets/ui/ui-pack-pixel-adventure/Tiles/Large tiles/Thick outline/tile_0025.png,image-fully-transparent,Context review: possible texture/font-space/timing/padding; not automatically corruption,37beabe871ded30cbc18ff4c373df256a6f34b86c3a3180e59604f8486b74c04
work/full-audit/downloads/mega-assets-expansion-v1/tiddybub-2d-assets.zip,tiddybub-2d-assets/ui/ui-pack-pixel-adventure/Tiles/Large tiles/Thick outline/tile_0011.png,image-fully-transparent,Context review: possible texture/font-space/timing/padding; not automatically corruption,37beabe871ded30cbc18ff4c373df256a6f34b86c3a3180e59604f8486b74c04
work/full-audit/downloads/mega-assets-expansion-v1/tiddybub-2d-assets.zip,tiddybub-2d-assets/ui/ui-pack-pixel-adventure/Tiles/Large tiles/Thick outline/tile_0024.png,image-fully-transparent,Context review: possible texture/font-space/timing/padding; not automatically corruption,37beabe871ded30cbc18ff4c373df256a6f34b86c3a3180e59604f8486b74c04
work/full-audit/downloads/mega-assets-expansion-v1/tiddybub-2d-assets.zip,tiddybub-2d-assets/ui/ui-pack-pixel-adventure/Tiles/Large tiles/Thick outline/tile_0012.png,image-fully-transparent,Context review: possible texture/font-space/timing/padding; not automatically corruption,37beabe871ded30cbc18ff4c373df256a6f34b86c3a3180e59604f8486b74c04
work/full-audit/downloads/mega-assets-expansion-v1/tiddybub-2d-assets.zip,tiddybub-2d-assets/ui/ui-pack-pixel-adventure/Tiles/Large tiles/Thick outline/tile_0023.png,image-fully-transparent,Context review: possible texture/font-space/timing/padding; not automatically corruption,37beabe871ded30cbc18ff4c373df256a6f34b86c3a3180e59604f8486b74c04
work/full-audit/downloads/mega-assets-expansion-v1/tiddybub-2d-assets.zip,tiddybub-2d-assets/ui/ui-pack-pixel-adventure/Tiles/Large tiles/Thin outline/tile_0010.png,image-fully-transparent,Context review: possible texture/font-space/timing/padding; not automatically corruption,37beabe871ded30cbc18ff4c373df256a6f34b86c3a3180e59604f8486b74c04
work/full-audit/downloads/mega-assets-expansion-v1/tiddybub-2d-assets.zip,tiddybub-2d-assets/ui/ui-pack-pixel-adventure/Tiles/Large tiles/Thin outline/tile_0037.png,image-fully-transparent,Context review: possible texture/font-space/timing/padding; not automatically corruption,37beabe871ded30cbc18ff4c373df256a6f34b86c3a3180e59604f8486b74c04
work/full-audit/downloads/mega-assets-expansion-v1/tiddybub-2d-assets.zip,tiddybub-2d-assets/ui/ui-pack-pixel-adventure/Tiles/Large tiles/Thin outline/tile_0036.png,image-fully-transparent,Context review: possible texture/font-space/timing/padding; not automatically corruption,37beabe871ded30cbc18ff4c373df256a6f34b86c3a3180e59604f8486b74c04
work/full-audit/downloads/mega-assets-expansion-v1/tiddybub-2d-assets.zip,tiddybub-2d-assets/ui/ui-pack-pixel-adventure/Tiles/Large tiles/Thin outline/tile_0038.png,image-fully-transparent,Context review: possible texture/font-space/timing/padding; not automatically corruption,37beabe871ded30cbc18ff4c373df256a6f34b86c3a3180e59604f8486b74c04
work/full-audit/downloads/mega-assets-expansion-v1/tiddybub-2d-assets.zip,tiddybub-2d-assets/ui/ui-pack-pixel-adventure/Tiles/Large tiles/Thin outline/tile_0025.png,image-fully-transparent,Context review: possible texture/font-space/timing/padding; not automatically corruption,37beabe871ded30cbc18ff4c373df256a6f34b86c3a3180e59604f8486b74c04
work/full-audit/downloads/mega-assets-expansion-v1/tiddybub-2d-assets.zip,tiddybub-2d-assets/ui/ui-pack-pixel-adventure/Tiles/Large tiles/Thin outline/tile_0011.png,image-fully-transparent,Context review: possible texture/font-space/timing/padding; not automatically corruption,37beabe871ded30cbc18ff4c373df256a6f34b86c3a3180e59604f8486b74c04
work/full-audit/downloads/mega-assets-expansion-v1/tiddybub-2d-assets.zip,tiddybub-2d-assets/ui/ui-pack-pixel-adventure/Tiles/Large tiles/Thin outline/tile_0024.png,image-fully-transparent,Context review: possible texture/font-space/timing/padding; not automatically corruption,37beabe871ded30cbc18ff4c373df256a6f34b86c3a3180e59604f8486b74c04
work/full-audit/downloads/mega-assets-expansion-v1/tiddybub-2d-assets.zip,tiddybub-2d-assets/ui/ui-pack-pixel-adventure/Tiles/Large tiles/Thin outline/tile_0012.png,image-fully-transparent,Context review: possible texture/font-space/timing/padding; not automatically corruption,37beabe871ded30cbc18ff4c373df256a6f34b86c3a3180e59604f8486b74c04
work/full-audit/downloads/mega-assets-expansion-v1/tiddybub-2d-assets.zip,tiddybub-2d-assets/ui/ui-pack-pixel-adventure/Tiles/Large tiles/Thin outline/tile_0023.png,image-fully-transparent,Context review: possible texture/font-space/timing/padding; not automatically corruption,37beabe871ded30cbc18ff4c373df256a6f34b86c3a3180e59604f8486b74c04
work/full-audit/downloads/mega-assets-expansion-v1/tiddybub-2d-assets.zip,tiddybub-2d-assets/ui/cursor-pixel-pack/Tiles/tile_0116.png,image-fully-transparent,Context review: possible texture/font-space/timing/padding; not automatically corruption,7055b76c0befa453a4d10e8e0be54f47b4d29e99fe8b72084ceb14b7e29ae51c
work/full-audit/downloads/mega-assets-expansion-v1/tiddybub-2d-assets.zip,tiddybub-2d-assets/ui/cursor-pixel-pack/Tiles/tile_0208.png,image-fully-transparent,Context review: possible texture/font-space/timing/padding; not automatically corruption,7055b76c0befa453a4d10e8e0be54f47b4d29e99fe8b72084ceb14b7e29ae51c
work/full-audit/downloads/mega-assets-expansion-v1/tiddybub-2d-assets.zip,tiddybub-2d-assets/ui/cursor-pixel-pack/Tiles/tile_0112.png,image-fully-transparent,Context review: possible texture/font-space/timing/padding; not automatically corruption,7055b76c0befa453a4d10e8e0be54f47b4d29e99fe8b72084ceb14b7e29ae51c
work/full-audit/downloads/mega-assets-expansion-v1/tiddybub-2d-assets.zip,tiddybub-2d-assets/ui/cursor-pixel-pack/Tiles/tile_0188.png,image-fully-transparent,Context review: possible texture/font-space/timing/padding; not automatically corruption,7055b76c0befa453a4d10e8e0be54f47b4d29e99fe8b72084ceb14b7e29ae51c
work/full-audit/downloads/mega-assets-expansion-v1/tiddybub-2d-assets.zip,tiddybub-2d-assets/ui/cursor-pixel-pack/Tiles/tile_0113.png,image-fully-transparent,Context review: possible texture/font-space/timing/padding; not automatically corruption,7055b76c0befa453a4d10e8e0be54f47b4d29e99fe8b72084ceb14b7e29ae51c
work/full-audit/downloads/mega-assets-expansion-v1/tiddybub-2d-assets.zip,tiddybub-2d-assets/ui/cursor-pixel-pack/Tiles/tile_0170.png,image-fully-transparent,Context review: possible texture/font-space/timing/padding; not automatically corruption,7055b76c0befa453a4d10e8e0be54f47b4d29e99fe8b72084ceb14b7e29ae51c
work/full-audit/downloads/mega-assets-expansion-v1/tiddybub-2d-assets.zip,tiddybub-2d-assets/ui/cursor-pixel-pack/Tiles/tile_0214.png,image-fully-transparent,Context review: possible texture/font-space/timing/padding; not automatically corruption,7055b76c0befa453a4d10e8e0be54f47b4d29e99fe8b72084ceb14b7e29ae51c
work/full-audit/downloads/mega-assets-expansion-v1/tiddybub-2d-assets.zip,tiddybub-2d-assets/ui/cursor-pixel-pack/Tiles/tile_0171.png,image-fully-transparent,Context review: possible texture/font-space/timing/padding; not automatically corruption,7055b76c0befa453a4d10e8e0be54f47b4d29e99fe8b72084ceb14b7e29ae51c
work/full-audit/downloads/mega-assets-expansion-v1/tiddybub-2d-assets.zip,tiddybub-2d-assets/ui/cursor-pixel-pack/Tiles/tile_0104.png,image-fully-transparent,Context review: possible texture/font-space/timing/padding; not automatically corruption,7055b76c0befa453a4d10e8e0be54f47b4d29e99fe8b72084ceb14b7e29ae51c
work/full-audit/downloads/mega-assets-expansion-v1/tiddybub-2d-assets.zip,tiddybub-2d-assets/ui/cursor-pixel-pack/Tiles/tile_0101.png,image-fully-transparent,Context review: possible texture/font-space/timing/padding; not automatically corruption,7055b76c0befa453a4d10e8e0be54f47b4d29e99fe8b72084ceb14b7e29ae51c
work/full-audit/downloads/mega-assets-expansion-v1/tiddybub-2d-assets.zip,tiddybub-2d-assets/ui/cursor-pixel-pack/Tiles/tile_0174.png,image-fully-transparent,Context review: possible texture/font-space/timing/padding; not automatically corruption,7055b76c0befa453a4d10e8e0be54f47b4d29e99fe8b72084ceb14b7e29ae51c
work/full-audit/downloads/mega-assets-expansion-v1/tiddybub-2d-assets.zip,tiddybub-2d-assets/ui/cursor-pixel-pack/Tiles/tile_0079.png,image-fully-transparent,Context review: possible texture/font-space/timing/padding; not automatically corruption,7055b76c0befa453a4d10e8e0be54f47b4d29e99fe8b72084ceb14b7e29ae51c
work/full-audit/downloads/mega-assets-expansion-v1/tiddybub-2d-assets.zip,tiddybub-2d-assets/ui/cursor-pixel-pack/Tiles/tile_0197.png,image-fully-transparent,Context review: possible texture/font-space/timing/padding; not automatically corruption,7055b76c0befa453a4d10e8e0be54f47b4d29e99fe8b72084ceb14b7e29ae51c
work/full-audit/downloads/mega-assets-expansion-v1/tiddybub-2d-assets.zip,tiddybub-2d-assets/ui/cursor-pixel-pack/Tiles/tile_0144.png,image-fully-transparent,Context review: possible texture/font-space/timing/padding; not automatically corruption,7055b76c0befa453a4d10e8e0be54f47b4d29e99fe8b72084ceb14b7e29ae51c
work/full-audit/downloads/mega-assets-expansion-v1/tiddybub-2d-assets.zip,tiddybub-2d-assets/ui/cursor-pixel-pack/Tiles/tile_0119.png,image-fully-transparent,Context review: possible texture/font-space/timing/padding; not automatically corruption,7055b76c0befa453a4d10e8e0be54f47b4d29e99fe8b72084ceb14b7e29ae51c
work/full-audit/downloads/mega-assets-expansion-v1/tiddybub-2d-assets.zip,tiddybub-2d-assets/ui/cursor-pixel-pack/Tiles/tile_0215.png,image-fully-transparent,Context review: possible texture/font-space/timing/padding; not automatically corruption,7055b76c0befa453a4d10e8e0be54f47b4d29e99fe8b72084ceb14b7e29ae51c
work/full-audit/downloads/mega-assets-expansion-v1/tiddybub-2d-assets.zip,tiddybub-2d-assets/ui/cursor-pixel-pack/Tiles/tile_0103.png,image-fully-transparent,Context review: possible texture/font-space/timing/padding; not automatically corruption,7055b76c0befa453a4d10e8e0be54f47b4d29e99fe8b72084ceb14b7e29ae51c
work/full-audit/downloads/mega-assets-expansion-v1/tiddybub-2d-assets.zip,tiddybub-2d-assets/ui/cursor-pixel-pack/Tiles/tile_0115.png,image-fully-transparent,Context review: possible texture/font-space/timing/padding; not automatically corruption,7055b76c0befa453a4d10e8e0be54f47b4d29e99fe8b72084ceb14b7e29ae51c
work/full-audit/downloads/mega-assets-expansion-v1/tiddybub-2d-assets.zip,tiddybub-2d-assets/ui/cursor-pixel-pack/Tiles/tile_0217.png,image-fully-transparent,Context review: possible texture/font-space/timing/padding; not automatically corruption,7055b76c0befa453a4d10e8e0be54f47b4d29e99fe8b72084ceb14b7e29ae51c
work/full-audit/downloads/mega-assets-expansion-v1/tiddybub-2d-assets.zip,tiddybub-2d-assets/ui/cursor-pixel-pack/Tiles/tile_0169.png,image-fully-transparent,Context review: possible texture/font-space/timing/padding; not automatically corruption,7055b76c0befa453a4d10e8e0be54f47b4d29e99fe8b72084ceb14b7e29ae51c
work/full-audit/downloads/mega-assets-expansion-v1/tiddybub-2d-assets.zip,tiddybub-2d-assets/ui/cursor-pixel-pack/Tiles/tile_0100.png,image-fully-transparent,Context review: possible texture/font-space/timing/padding; not automatically corruption,7055b76c0befa453a4d10e8e0be54f47b4d29e99fe8b72084ceb14b7e29ae51c
work/full-audit/downloads/mega-assets-expansion-v1/tiddybub-2d-assets.zip,tiddybub-2d-assets/ui/cursor-pixel-pack/Tiles/tile_0117.png,image-fully-transparent,Context review: possible texture/font-space/timing/padding; not automatically corruption,7055b76c0befa453a4d10e8e0be54f47b4d29e99fe8b72084ceb14b7e29ae51c
work/full-audit/downloads/mega-assets-expansion-v1/tiddybub-2d-assets.zip,tiddybub-2d-assets/ui/cursor-pixel-pack/Tiles/tile_0125.png,image-fully-transparent,Context review: possible texture/font-space/timing/padding; not automatically corruption,7055b76c0befa453a4d10e8e0be54f47b4d29e99fe8b72084ceb14b7e29ae51c
work/full-audit/downloads/mega-assets-expansion-v1/tiddybub-2d-assets.zip,tiddybub-2d-assets/ui/cursor-pixel-pack/Tiles/tile_0099.png,image-fully-transparent,Context review: possible texture/font-space/timing/padding; not automatically corruption,7055b76c0befa453a4d10e8e0be54f47b4d29e99fe8b72084ceb14b7e29ae51c
work/full-audit/downloads/mega-assets-expansion-v1/tiddybub-2d-assets.zip,tiddybub-2d-assets/ui/cursor-pixel-pack/Tiles/tile_0114.png,image-fully-transparent,Context review: possible texture/font-space/timing/padding; not automatically corruption,7055b76c0befa453a4d10e8e0be54f47b4d29e99fe8b72084ceb14b7e29ae51c
work/full-audit/downloads/mega-assets-expansion-v1/tiddybub-2d-assets.zip,tiddybub-2d-assets/ui/cursor-pixel-pack/Tiles/tile_0218.png,image-fully-transparent,Context review: possible texture/font-space/timing/padding; not automatically corruption,7055b76c0befa453a4d10e8e0be54f47b4d29e99fe8b72084ceb14b7e29ae51c
work/full-audit/downloads/mega-assets-expansion-v1/tiddybub-2d-assets.zip,tiddybub-2d-assets/ui/cursor-pixel-pack/Tiles/tile_0216.png,image-fully-transparent,Context review: possible texture/font-space/timing/padding; not automatically corruption,7055b76c0befa453a4d10e8e0be54f47b4d29e99fe8b72084ceb14b7e29ae51c
work/full-audit/downloads/mega-assets-expansion-v1/tiddybub-2d-assets.zip,tiddybub-2d-assets/ui/cursor-pixel-pack/Tiles/tile_0173.png,image-fully-transparent,Context review: possible texture/font-space/timing/padding; not automatically corruption,7055b76c0befa453a4d10e8e0be54f47b4d29e99fe8b72084ceb14b7e29ae51c
work/full-audit/downloads/mega-assets-expansion-v1/tiddybub-2d-assets.zip,tiddybub-2d-assets/ui/cursor-pixel-pack/Tiles/tile_0213.png,image-fully-transparent,Context review: possible texture/font-space/timing/padding; not automatically corruption,7055b76c0befa453a4d10e8e0be54f47b4d29e99fe8b72084ceb14b7e29ae51c
work/full-audit/downloads/mega-assets-expansion-v1/tiddybub-2d-assets.zip,tiddybub-2d-assets/ui/cursor-pixel-pack/Tiles/tile_0207.png,image-fully-transparent,Context review: possible texture/font-space/timing/padding; not automatically corruption,7055b76c0befa453a4d10e8e0be54f47b4d29e99fe8b72084ceb14b7e29ae51c
work/full-audit/downloads/mega-assets-expansion-v1/tiddybub-2d-assets.zip,tiddybub-2d-assets/ui/cursor-pixel-pack/Tiles/tile_0172.png,image-fully-transparent,Context review: possible texture/font-space/timing/padding; not automatically corruption,7055b76c0befa453a4d10e8e0be54f47b4d29e99fe8b72084ceb14b7e29ae51c
work/full-audit/downloads/mega-assets-expansion-v1/tiddybub-2d-assets.zip,tiddybub-2d-assets/ui/cursor-pixel-pack/Tiles/tile_0059.png,image-fully-transparent,Context review: possible texture/font-space/timing/padding; not automatically corruption,7055b76c0befa453a4d10e8e0be54f47b4d29e99fe8b72084ceb14b7e29ae51c
work/full-audit/downloads/mega-assets-expansion-v1/tiddybub-2d-assets.zip,tiddybub-2d-assets/ui/cursor-pixel-pack/Tiles/tile_0105.png,image-fully-transparent,Context review: possible texture/font-space/timing/padding; not automatically corruption,7055b76c0befa453a4d10e8e0be54f47b4d29e99fe8b72084ceb14b7e29ae51c
work/full-audit/downloads/mega-assets-expansion-v1/tiddybub-2d-assets.zip,tiddybub-2d-assets/ui/cursor-pixel-pack/Tiles/tile_0145.png,image-fully-transparent,Context review: possible texture/font-space/timing/padding; not automatically corruption,7055b76c0befa453a4d10e8e0be54f47b4d29e99fe8b72084ceb14b7e29ae51c
work/full-audit/downloads/mega-assets-expansion-v1/tiddybub-2d-assets.zip,tiddybub-2d-assets/ui/cursor-pixel-pack/Tiles/tile_0219.png,image-fully-transparent,Context review: possible texture/font-space/timing/padding; not automatically corruption,7055b76c0befa453a4d10e8e0be54f47b4d29e99fe8b72084ceb14b7e29ae51c
work/full-audit/downloads/mega-assets-expansion-v1/tiddybub-2d-assets.zip,tiddybub-2d-assets/ui/cursor-pixel-pack/Tiles/tile_0118.png,image-fully-transparent,Context review: possible texture/font-space/timing/padding; not automatically corruption,7055b76c0befa453a4d10e8e0be54f47b4d29e99fe8b72084ceb14b7e29ae51c
work/full-audit/downloads/mega-assets-expansion-v1/tiddybub-2d-assets.zip,tiddybub-2d-assets/ui/cursor-pixel-pack/Tiles/tile_0187.png,image-fully-transparent,Context review: possible texture/font-space/timing/padding; not automatically corruption,7055b76c0befa453a4d10e8e0be54f47b4d29e99fe8b72084ceb14b7e29ae51c
work/full-audit/downloads/mega-assets-expansion-v1/tiddybub-2d-assets.zip,tiddybub-2d-assets/ui/cursor-pixel-pack/Tiles/tile_0102.png,image-fully-transparent,Context review: possible texture/font-space/timing/padding; not automatically corruption,7055b76c0befa453a4d10e8e0be54f47b4d29e99fe8b72084ceb14b7e29ae51c
work/full-audit/downloads/mega-assets-expansion-v1/tiddybub-2d-assets.zip,tiddybub-2d-assets/ui/oga-4-summoning-circles/summoning_circles_unpacked/__MACOSX/._circle6.svg,exclude-sidecar,Filesystem sidecar; not game artwork,2bcd6fdc236f07cdf3e226c756324cb0dbc56f725d51d3ae4b923e99cee27565
work/full-audit/downloads/mega-assets-expansion-v1/tiddybub-2d-assets.zip,tiddybub-2d-assets/ui/oga-4-summoning-circles/summoning_circles_unpacked/__MACOSX/._circle7.png,exclude-sidecar,Filesystem sidecar; not game artwork,ffb7b3a3865c0bda27d1f852d3d510126e8e9280f292ff8e0b773d1b7f07a9ed
work/full-audit/downloads/mega-assets-expansion-v1/tiddybub-2d-assets.zip,tiddybub-2d-assets/ui/oga-4-summoning-circles/summoning_circles_unpacked/__MACOSX/._circle4.png,exclude-sidecar,Filesystem sidecar; not game artwork,ffb7b3a3865c0bda27d1f852d3d510126e8e9280f292ff8e0b773d1b7f07a9ed
work/full-audit/downloads/mega-assets-expansion-v1/tiddybub-2d-assets.zip,tiddybub-2d-assets/ui/oga-4-summoning-circles/summoning_circles_unpacked/__MACOSX/._circle6.png,exclude-sidecar,Filesystem sidecar; not game artwork,ffb7b3a3865c0bda27d1f852d3d510126e8e9280f292ff8e0b773d1b7f07a9ed
work/full-audit/downloads/mega-assets-expansion-v1/tiddybub-2d-assets.zip,tiddybub-2d-assets/ui/oga-4-summoning-circles/summoning_circles_unpacked/__MACOSX/._circle4.svg,exclude-sidecar,Filesystem sidecar; not game artwork,2bcd6fdc236f07cdf3e226c756324cb0dbc56f725d51d3ae4b923e99cee27565
work/full-audit/downloads/mega-assets-expansion-v1/tiddybub-2d-assets.zip,tiddybub-2d-assets/ui/oga-4-summoning-circles/summoning_circles_unpacked/__MACOSX/._circle7.svg,exclude-sidecar,Filesystem sidecar; not game artwork,2bcd6fdc236f07cdf3e226c756324cb0dbc56f725d51d3ae4b923e99cee27565
work/full-audit/downloads/mega-assets-expansion-v1/tiddybub-2d-assets.zip,tiddybub-2d-assets/ui/oga-4-summoning-circles/summoning_circles_unpacked/__MACOSX/._circle5.png,exclude-sidecar,Filesystem sidecar; not game artwork,ffb7b3a3865c0bda27d1f852d3d510126e8e9280f292ff8e0b773d1b7f07a9ed
work/full-audit/downloads/mega-assets-expansion-v1/tiddybub-2d-assets.zip,tiddybub-2d-assets/ui/oga-4-summoning-circles/summoning_circles_unpacked/__MACOSX/._circle5.svg,exclude-sidecar,Filesystem sidecar; not game artwork,2bcd6fdc236f07cdf3e226c756324cb0dbc56f725d51d3ae4b923e99cee27565
work/full-audit/downloads/mega-assets-expansion-v1/tiddybub-2d-assets.zip,tiddybub-2d-assets/ui/oga-country-flags/famfamfam_flag_icons_unpacked/__MACOSX/gif/._me.gif,exclude-sidecar,Filesystem sidecar; not game artwork,bed8e6801bb2990683d683480eaf22b612a58472e32ea0634dc3cb1c3e9c79c4
work/full-audit/downloads/mega-assets-expansion-v1/tiddybub-2d-assets.zip,tiddybub-2d-assets/ui/oga-country-flags/famfamfam_flag_icons_unpacked/__MACOSX/gif/._gb.gif,exclude-sidecar,Filesystem sidecar; not game artwork,bed8e6801bb2990683d683480eaf22b612a58472e32ea0634dc3cb1c3e9c79c4
work/full-audit/downloads/mega-assets-expansion-v1/tiddybub-2d-assets.zip,tiddybub-2d-assets/ui/oga-country-flags/famfamfam_flag_icons_unpacked/__MACOSX/gif/._ao.gif,exclude-sidecar,Filesystem sidecar; not game artwork,bed8e6801bb2990683d683480eaf22b612a58472e32ea0634dc3cb1c3e9c79c4
work/full-audit/downloads/mega-assets-expansion-v1/tiddybub-2d-assets.zip,tiddybub-2d-assets/ui/oga-country-flags/famfamfam_flag_icons_unpacked/__MACOSX/gif/._catalonia.gif,exclude-sidecar,Filesystem sidecar; not game artwork,bed8e6801bb2990683d683480eaf22b612a58472e32ea0634dc3cb1c3e9c79c4
work/full-audit/downloads/mega-assets-expansion-v1/tiddybub-2d-assets.zip,tiddybub-2d-assets/ui/oga-country-flags/famfamfam_flag_icons_unpacked/__MACOSX/gif/._lc.gif,exclude-sidecar,Filesystem sidecar; not game artwork,bed8e6801bb2990683d683480eaf22b612a58472e32ea0634dc3cb1c3e9c79c4
work/full-audit/downloads/mega-assets-expansion-v1/tiddybub-2d-assets.zip,tiddybub-2d-assets/ui/oga-country-flags/famfamfam_flag_icons_unpacked/__MACOSX/gif/._cd.gif,exclude-sidecar,Filesystem sidecar; not game artwork,bed8e6801bb2990683d683480eaf22b612a58472e32ea0634dc3cb1c3e9c79c4
work/full-audit/downloads/mega-assets-expansion-v1/tiddybub-2d-assets.zip,tiddybub-2d-assets/ui/oga-country-flags/famfamfam_flag_icons_unpacked/__MACOSX/gif/._rs.gif,exclude-sidecar,Filesystem sidecar; not game artwork,bed8e6801bb2990683d683480eaf22b612a58472e32ea0634dc3cb1c3e9c79c4
work/full-audit/downloads/mega-assets-expansion-v1/tiddybub-2d-assets.zip,tiddybub-2d-assets/ui/oga-country-flags/famfamfam_flag_icons_unpacked/__MACOSX/gif/._europeanunion.gif,exclude-sidecar,Filesystem sidecar; not game artwork,bed8e6801bb2990683d683480eaf22b612a58472e32ea0634dc3cb1c3e9c79c4
work/full-audit/downloads/mega-assets-expansion-v1/tiddybub-2d-assets.zip,tiddybub-2d-assets/ui/oga-country-flags/famfamfam_flag_icons_unpacked/__MACOSX/png/._europeanunion.png,exclude-sidecar,Filesystem sidecar; not game artwork,5968dd230bd1e5d8dbb6d3b720285cfe0106a4efe681c36833cb1d2c8dedd4db
work/full-audit/downloads/mega-assets-expansion-v1/tiddybub-2d-assets.zip,tiddybub-2d-assets/ui/oga-country-flags/famfamfam_flag_icons_unpacked/__MACOSX/png/._rs.png,exclude-sidecar,Filesystem sidecar; not game artwork,5968dd230bd1e5d8dbb6d3b720285cfe0106a4efe681c36833cb1d2c8dedd4db
work/full-audit/downloads/mega-assets-expansion-v1/tiddybub-2d-assets.zip,tiddybub-2d-assets/ui/oga-country-flags/famfamfam_flag_icons_unpacked/__MACOSX/png/._catalonia.png,exclude-sidecar,Filesystem sidecar; not game artwork,5968dd230bd1e5d8dbb6d3b720285cfe0106a4efe681c36833cb1d2c8dedd4db
work/full-audit/downloads/mega-assets-expansion-v1/tiddybub-2d-assets.zip,tiddybub-2d-assets/ui/oga-country-flags/famfamfam_flag_icons_unpacked/__MACOSX/png/._lc.png,exclude-sidecar,Filesystem sidecar; not game artwork,5968dd230bd1e5d8dbb6d3b720285cfe0106a4efe681c36833cb1d2c8dedd4db
work/full-audit/downloads/mega-assets-expansion-v1/tiddybub-2d-assets.zip,tiddybub-2d-assets/ui/oga-country-flags/famfamfam_flag_icons_unpacked/__MACOSX/png/._me.png,exclude-sidecar,Filesystem sidecar; not game artwork,5968dd230bd1e5d8dbb6d3b720285cfe0106a4efe681c36833cb1d2c8dedd4db
work/full-audit/downloads/mega-assets-expansion-v1/tiddybub-2d-assets.zip,tiddybub-2d-assets/ui/oga-country-flags/famfamfam_flag_icons_unpacked/__MACOSX/png/._gb.png,exclude-sidecar,Filesystem sidecar; not game artwork,5968dd230bd1e5d8dbb6d3b720285cfe0106a4efe681c36833cb1d2c8dedd4db
work/full-audit/downloads/mega-assets-expansion-v1/tiddybub-2d-assets.zip,tiddybub-2d-assets/ui/oga-country-flags/famfamfam_flag_icons_unpacked/__MACOSX/png/._cd.png,exclude-sidecar,Filesystem sidecar; not game artwork,5968dd230bd1e5d8dbb6d3b720285cfe0106a4efe681c36833cb1d2c8dedd4db
work/full-audit/downloads/mega-assets-expansion-v1/tiddybub-2d-assets.zip,tiddybub-2d-assets/ui/oga-country-flags/famfamfam_flag_icons_unpacked/__MACOSX/png/._ao.png,exclude-sidecar,Filesystem sidecar; not game artwork,5968dd230bd1e5d8dbb6d3b720285cfe0106a4efe681c36833cb1d2c8dedd4db
work/full-audit/downloads/mega-assets-expansion-v1/tiddybub-2d-assets.zip,tiddybub-2d-assets/ui/emotes-pack/PNG/Vector/Style 8/emote__.png,image-fully-transparent,Context review: possible texture/font-space/timing/padding; not automatically corruption,a9681cd3b39bae17f566e047fb3c65ca799fb80d7a69aa5610cdeeb1532c26fd
work/full-audit/downloads/mega-assets-expansion-v1/tiddybub-2d-assets.zip,tiddybub-2d-assets/ui/emotes-pack/PNG/Pixel/Style 8/emote__.png,image-fully-transparent,Context review: possible texture/font-space/timing/padding; not automatically corruption,7e136302d0344399d1e6c30a83f881474a721828545169c8f50e21b02d713583
work/full-audit/downloads/mega-assets-expansion-v1/tiddybub-2d-assets.zip,"tiddybub-2d-assets/ui/oga-some-gui-graphics/gui_unpacked/Gui/Sources/56, 57, 58, 59, 60, 61, 62, 63, 64, 65, 66, 67.psd",secondary-decoder-pass,Decoded with ImageMagick instead of Pillow,54a51764c916220b4ab55248b27a871b736d43ba37632e0a13b83d82ee31d6ac
work/full-audit/downloads/mega-assets-expansion-v1/tiddybub-2d-assets.zip,tiddybub-2d-assets/ui/oga-some-gui-graphics/gui_unpacked/Gui/Sources/26.psd,secondary-decoder-pass,Decoded with ImageMagick instead of Pillow,d45fb333d65dfc72b6f764db970b44c53f846ab24904eb74f62186a15e605051
work/full-audit/downloads/mega-assets-expansion-v1/tiddybub-2d-assets.zip,"tiddybub-2d-assets/ui/oga-some-gui-graphics/gui_unpacked/Gui/Sources/1, 2, 3, 4, 5, 6, 7, 8, 9, 10, 11, 12.psd",secondary-decoder-pass,Decoded with ImageMagick instead of Pillow,d95c2b4f1172c0702e3ef6f46d9cafc39e00530b3984dbc5a6052e53fa5d7e53
work/full-audit/downloads/mega-assets-expansion-v1/tiddybub-2d-assets.zip,tiddybub-2d-assets/ui/oga-icons-and-logos/icons_and_logos_unpacked/Icons And Logos/Sources/17.psd,secondary-decoder-pass,Decoded with ImageMagick instead of Pillow,b52a7d48daddaececb06c294680b8ce682e75cb356ff59aba61c18536f474dff
work/full-audit/downloads/mega-assets-expansion-v1/tiddybub-2d-assets.zip,tiddybub-2d-assets/ui/oga-icons-and-logos/icons_and_logos_unpacked/Icons And Logos/Sources/22.psd,secondary-decoder-pass,Decoded with ImageMagick instead of Pillow,fadb446da8b7abe8bcfd2c015568206d93c28853062d21ae5f9b5e8121353342
work/full-audit/downloads/mega-assets-expansion-v1/tiddybub-2d-assets.zip,tiddybub-2d-assets/ui/oga-icons-and-logos/icons_and_logos_unpacked/Icons And Logos/Sources/27.psd,secondary-decoder-pass,Decoded with ImageMagick instead of Pillow,bfd5cd8d542efa3c3cfad1b92c5ea50480182e48b4ce51cb07278be188a5d75d
work/full-audit/downloads/mega-assets-expansion-v1/tiddybub-2d-assets.zip,tiddybub-2d-assets/ui/oga-icons-and-logos/icons_and_logos_unpacked/Icons And Logos/Sources/18.psd,secondary-decoder-pass,Decoded with ImageMagick instead of Pillow,b2be8eb1892f38063a66ff78fa8ac3c8ec7f250e0186ba29818b01589628bc46
work/full-audit/downloads/mega-assets-expansion-v1/tiddybub-2d-assets.zip,tiddybub-2d-assets/nature/1-bit-platformer-pack/Tiles/Default/tile_0000.png,image-uniform,Context review: possible texture/font-space/timing/padding; not automatically corruption,c54c77883505b76b855c831d9a68405375092bbb6d9c610b636e2140f79bf6a5
work/full-audit/downloads/mega-assets-expansion-v1/tiddybub-2d-assets.zip,tiddybub-2d-assets/nature/1-bit-platformer-pack/Tiles/Default/tile_0136.png,image-uniform,Context review: possible texture/font-space/timing/padding; not automatically corruption,c54c77883505b76b855c831d9a68405375092bbb6d9c610b636e2140f79bf6a5
work/full-audit/downloads/mega-assets-expansion-v1/tiddybub-2d-assets.zip,tiddybub-2d-assets/nature/1-bit-platformer-pack/Tiles/Default/tile_0131.png,image-uniform,Context review: possible texture/font-space/timing/padding; not automatically corruption,c54c77883505b76b855c831d9a68405375092bbb6d9c610b636e2140f79bf6a5
work/full-audit/downloads/mega-assets-expansion-v1/tiddybub-2d-assets.zip,tiddybub-2d-assets/nature/1-bit-platformer-pack/Tiles/Default/tile_0375.png,image-uniform,Context review: possible texture/font-space/timing/padding; not automatically corruption,0877a415d43b26cfee45e09561e1d719b829499f06b93f843122f071107a0523
work/full-audit/downloads/mega-assets-expansion-v1/tiddybub-2d-assets.zip,tiddybub-2d-assets/nature/1-bit-platformer-pack/Tiles/Default/tile_0378.png,image-uniform,Context review: possible texture/font-space/timing/padding; not automatically corruption,c54c77883505b76b855c831d9a68405375092bbb6d9c610b636e2140f79bf6a5
work/full-audit/downloads/mega-assets-expansion-v1/tiddybub-2d-assets.zip,tiddybub-2d-assets/nature/1-bit-platformer-pack/Tiles/Transparent/tile_0000.png,image-fully-transparent,Context review: possible texture/font-space/timing/padding; not automatically corruption,7e136302d0344399d1e6c30a83f881474a721828545169c8f50e21b02d713583
work/full-audit/downloads/mega-assets-expansion-v1/tiddybub-2d-assets.zip,tiddybub-2d-assets/nature/1-bit-platformer-pack/Tiles/Transparent/tile_0136.png,image-fully-transparent,Context review: possible texture/font-space/timing/padding; not automatically corruption,7e136302d0344399d1e6c30a83f881474a721828545169c8f50e21b02d713583
work/full-audit/downloads/mega-assets-expansion-v1/tiddybub-2d-assets.zip,tiddybub-2d-assets/nature/1-bit-platformer-pack/Tiles/Transparent/tile_0131.png,image-fully-transparent,Context review: possible texture/font-space/timing/padding; not automatically corruption,7e136302d0344399d1e6c30a83f881474a721828545169c8f50e21b02d713583
work/full-audit/downloads/mega-assets-expansion-v1/tiddybub-2d-assets.zip,tiddybub-2d-assets/nature/1-bit-platformer-pack/Tiles/Transparent/tile_0375.png,image-uniform,Context review: possible texture/font-space/timing/padding; not automatically corruption,0877a415d43b26cfee45e09561e1d719b829499f06b93f843122f071107a0523
work/full-audit/downloads/mega-assets-expansion-v1/tiddybub-2d-assets.zip,tiddybub-2d-assets/nature/1-bit-platformer-pack/Tiles/Transparent/tile_0378.png,image-fully-transparent,Context review: possible texture/font-space/timing/padding; not automatically corruption,7e136302d0344399d1e6c30a83f881474a721828545169c8f50e21b02d713583
work/full-audit/downloads/mega-assets-expansion-v1/tiddybub-2d-assets.zip,tiddybub-2d-assets/nature/oga-man/man_unpacked/man/water2.png,image-uniform,Context review: possible texture/font-space/timing/padding; not automatically corruption,7d6a4af0f192b24573839f6fabcca3ae8bba660acc12ffc4e03b6fba9ee124c1
work/full-audit/downloads/mega-assets-expansion-v1/tiddybub-2d-assets.zip,tiddybub-2d-assets/nature/oga-cartonny-tree-leaves-and-flowers/tree_leaves__flowers_unpacked/Copa de arbol-psd.psd,secondary-decoder-pass,Decoded with ImageMagick instead of Pillow,652261e74d161908efc7c065cd9ce0e809c8a4df86a15307cbe720b5734c7ee4
work/full-audit/downloads/mega-assets-expansion-v1/tiddybub-2d-assets.zip,tiddybub-2d-assets/nature/oga-cartonny-tree-leaves-and-flowers/tree_leaves__flowers_unpacked/Copa de arbol 2-psd.psd,secondary-decoder-pass,Decoded with ImageMagick instead of Pillow,3d1b84532e5c674c2d8cb1312a542298d91a4a9e83ad1a98b57db897d3dd928a
work/full-audit/downloads/mega-assets-expansion-v1/tiddybub-2d-assets.zip,tiddybub-2d-assets/nature/oga-cartonny-tree-leaves-and-flowers/tree_leaves__flowers_unpacked/Flores.psd,secondary-decoder-pass,Decoded with ImageMagick instead of Pillow,71db9e919e9b4f89210ca419b8cb5469eba50e5bf43534595874518d71247cd0
work/full-audit/downloads/mega-assets-expansion-v1/tiddybub-2d-assets.zip,tiddybub-2d-assets/nature/pixel-platformer-farm-expansion/Tiles/tile_0030.png,image-uniform,Context review: possible texture/font-space/timing/padding; not automatically corruption,504edc9662d85188361d1c13154a57ed6ced5afee8e19defe39627650c4e844e
work/full-audit/downloads/mega-assets-expansion-v1/tiddybub-2d-assets.zip,tiddybub-2d-assets/nature/foliage-pack/PNG/Retina/Leaves/foliagePack_leaves_030.png,image-uniform,Context review: possible texture/font-space/timing/padding; not automatically corruption,d7ad5b8701c6d0888d40a1f61cc91e2b2aa44f1fc26c074d49138c0517ad6374
work/full-audit/downloads/mega-assets-expansion-v1/tiddybub-2d-assets.zip,tiddybub-2d-assets/nature/foliage-pack/PNG/Retina/Leaves/foliagePack_leaves_022.png,image-uniform,Context review: possible texture/font-space/timing/padding; not automatically corruption,1612ce9bc1b09580e2c54a505f4ab7627b51e24ad7ff887c5a9e15ce50c48aa6
work/full-audit/downloads/mega-assets-expansion-v1/tiddybub-2d-assets.zip,tiddybub-2d-assets/nature/foliage-pack/PNG/Retina/Leaves/foliagePack_leaves_017.png,image-uniform,Context review: possible texture/font-space/timing/padding; not automatically corruption,9d11d3c9de5014a44060cedbb57f631c0396f6ea1723c70aadaef4fbf7586cd5
work/full-audit/downloads/mega-assets-expansion-v1/tiddybub-2d-assets.zip,tiddybub-2d-assets/nature/foliage-pack/PNG/Retina/Leaves/foliagePack_leaves_025.png,image-uniform,Context review: possible texture/font-space/timing/padding; not automatically corruption,b3ba89011be71f06ede95d8d4208aa04f4af0d5748c6603602262be464b730d4
work/full-audit/downloads/mega-assets-expansion-v1/tiddybub-2d-assets.zip,tiddybub-2d-assets/nature/foliage-pack/PNG/Default size/Leaves/foliagePack_leaves_023.png,image-uniform,Context review: possible texture/font-space/timing/padding; not automatically corruption,91ea11ad0bdf6b5d39f938e6f787ce1df34141a1c0916e82d77fca29b9fc296b
work/full-audit/downloads/mega-assets-expansion-v1/tiddybub-2d-assets.zip,tiddybub-2d-assets/nature/foliage-pack/PNG/Default size/Leaves/foliagePack_leaves_018.png,image-uniform,Context review: possible texture/font-space/timing/padding; not automatically corruption,5cdfe13170f1da78a9f4e522f26fe15a2cc8e79d3176360179daf195f1e7187e
work/full-audit/downloads/mega-assets-expansion-v1/tiddybub-2d-assets.zip,tiddybub-2d-assets/nature/foliage-pack/PNG/Default size/Leaves/foliagePack_leaves_026.png,image-uniform,Context review: possible texture/font-space/timing/padding; not automatically corruption,2546d8624461eb5f8ce5a2f18b493bb710bd0050273dd7cfd124dc3334613f7e
work/full-audit/downloads/mega-assets-expansion-v1/tiddybub-2d-assets.zip,tiddybub-2d-assets/nature/foliage-pack/PNG/Default size/Leaves/foliagePack_leaves_031.png,image-uniform,Context review: possible texture/font-space/timing/padding; not automatically corruption,68b86f0dec09c459981701a063d673ee4a0482ef377d6ccbd165511dd8a6493d
work/full-audit/downloads/mega-assets-expansion-v1/tiddybub-2d-assets.zip,tiddybub-2d-assets/tiles-terrain/platformer-art-deluxe/Buildings expansion/Tiles/houseGray.png,image-uniform,Context review: possible texture/font-space/timing/padding; not automatically corruption,9c793f1cf4db6713dd5fabdf4007503be2cb02f0b09bc7827547a10285fd7e4f
work/full-audit/downloads/mega-assets-expansion-v1/tiddybub-2d-assets.zip,tiddybub-2d-assets/tiles-terrain/platformer-art-deluxe/Buildings expansion/Tiles/houseBeige.png,image-uniform,Context review: possible texture/font-space/timing/padding; not automatically corruption,d125da78374f7ab50c1e35c7a6f1bec258e7f9e57e61773572c8fe651c5cde15
work/full-audit/downloads/mega-assets-expansion-v1/tiddybub-2d-assets.zip,tiddybub-2d-assets/tiles-terrain/platformer-art-deluxe/Buildings expansion/Tiles/houseDark.png,image-uniform,Context review: possible texture/font-space/timing/padding; not automatically corruption,f6e58e0d7327aa6e92d0dd4c7ad1af5a0e181b65ef4a897ac470a1930f75440a
work/full-audit/downloads/mega-assets-expansion-v1/tiddybub-2d-assets.zip,tiddybub-2d-assets/tiles-terrain/platformer-art-deluxe/Ice expansion/Tiles/tree.png,image-uniform,Context review: possible texture/font-space/timing/padding; not automatically corruption,3982c30335ae6abec13a85ce54b31ea2963ee2eb22cb45f1b2df3ef5e8cdf097
work/full-audit/downloads/mega-assets-expansion-v1/tiddybub-2d-assets.zip,tiddybub-2d-assets/tiles-terrain/platformer-art-deluxe/Base pack/bg.png,image-uniform,Context review: possible texture/font-space/timing/padding; not automatically corruption,76e682fcdb15b47bf6a0b45be1f176ae25a2bfdb24f0ea1d912de1afef461abc
work/full-audit/downloads/mega-assets-expansion-v1/tiddybub-2d-assets.zip,tiddybub-2d-assets/tiles-terrain/pixel-platformer/Tiles/tile_0038.png,image-uniform,Context review: possible texture/font-space/timing/padding; not automatically corruption,dffc34b815b01c2a199a8fce511b73294a09f0f003a182c4a16fa0e3a407b085
work/full-audit/downloads/mega-assets-expansion-v1/tiddybub-2d-assets.zip,tiddybub-2d-assets/tiles-terrain/pixel-platformer/Tiles/Backgrounds/tile_0004.png,image-uniform,Context review: possible texture/font-space/timing/padding; not automatically corruption,263af9a9100e75073bdec5ac0db5cf91a4de01311ac6bbb79adbf9991e212913
work/full-audit/downloads/mega-assets-expansion-v1/tiddybub-2d-assets.zip,tiddybub-2d-assets/tiles-terrain/pixel-platformer/Tiles/Backgrounds/tile_0006.png,image-uniform,Context review: possible texture/font-space/timing/padding; not automatically corruption,07f1f9bc17aa9ae866e5280835f91056feda5829371a3c0b33ba789287d2ac69
work/full-audit/downloads/mega-assets-expansion-v1/tiddybub-2d-assets.zip,tiddybub-2d-assets/tiles-terrain/pixel-platformer/Tiles/Backgrounds/tile_0002.png,image-uniform,Context review: possible texture/font-space/timing/padding; not automatically corruption,cd50302f080010eed7d828bfea4868c31b4cca49bb7a60f3cf69494b2e386f42
work/full-audit/downloads/mega-assets-expansion-v1/tiddybub-2d-assets.zip,tiddybub-2d-assets/tiles-terrain/pixel-platformer/Tiles/Backgrounds/tile_0007.png,image-uniform,Context review: possible texture/font-space/timing/padding; not automatically corruption,07f1f9bc17aa9ae866e5280835f91056feda5829371a3c0b33ba789287d2ac69
work/full-audit/downloads/mega-assets-expansion-v1/tiddybub-2d-assets.zip,tiddybub-2d-assets/tiles-terrain/pixel-platformer/Tiles/Backgrounds/tile_0018.png,image-uniform,Context review: possible texture/font-space/timing/padding; not automatically corruption,bf07c7802ababdf7066e4c7a684e89b156e597f3a221e0b77fe17e23b7103aff
work/full-audit/downloads/mega-assets-expansion-v1/tiddybub-2d-assets.zip,tiddybub-2d-assets/tiles-terrain/pixel-platformer/Tiles/Backgrounds/tile_0000.png,image-uniform,Context review: possible texture/font-space/timing/padding; not automatically corruption,cd50302f080010eed7d828bfea4868c31b4cca49bb7a60f3cf69494b2e386f42
work/full-audit/downloads/mega-assets-expansion-v1/tiddybub-2d-assets.zip,tiddybub-2d-assets/tiles-terrain/pixel-platformer/Tiles/Backgrounds/tile_0022.png,image-uniform,Context review: possible texture/font-space/timing/padding; not automatically corruption,8f8032fe4f9ea8a23ce2227918a04d9bf6db91e091374bd3f76b35cd11893c34
work/full-audit/downloads/mega-assets-expansion-v1/tiddybub-2d-assets.zip,tiddybub-2d-assets/tiles-terrain/pixel-platformer/Tiles/Backgrounds/tile_0021.png,image-uniform,Context review: possible texture/font-space/timing/padding; not automatically corruption,119d27d7927144853d3ab2ab9af72f1414581ef3c2c85f3f61a106d14d4d2292
work/full-audit/downloads/mega-assets-expansion-v1/tiddybub-2d-assets.zip,tiddybub-2d-assets/tiles-terrain/pixel-platformer/Tiles/Backgrounds/tile_0023.png,image-uniform,Context review: possible texture/font-space/timing/padding; not automatically corruption,8f8032fe4f9ea8a23ce2227918a04d9bf6db91e091374bd3f76b35cd11893c34
work/full-audit/downloads/mega-assets-expansion-v1/tiddybub-2d-assets.zip,tiddybub-2d-assets/tiles-terrain/pixel-platformer/Tiles/Backgrounds/tile_0017.png,image-uniform,Context review: possible texture/font-space/timing/padding; not automatically corruption,bf07c7802ababdf7066e4c7a684e89b156e597f3a221e0b77fe17e23b7103aff
work/full-audit/downloads/mega-assets-expansion-v1/tiddybub-2d-assets.zip,tiddybub-2d-assets/tiles-terrain/pixel-platformer/Tiles/Backgrounds/tile_0016.png,image-uniform,Context review: possible texture/font-space/timing/padding; not automatically corruption,bf07c7802ababdf7066e4c7a684e89b156e597f3a221e0b77fe17e23b7103aff
work/full-audit/downloads/mega-assets-expansion-v1/tiddybub-2d-assets.zip,tiddybub-2d-assets/tiles-terrain/pixel-platformer/Tiles/Backgrounds/tile_0019.png,image-uniform,Context review: possible texture/font-space/timing/padding; not automatically corruption,bf07c7802ababdf7066e4c7a684e89b156e597f3a221e0b77fe17e23b7103aff
work/full-audit/downloads/mega-assets-expansion-v1/tiddybub-2d-assets.zip,tiddybub-2d-assets/tiles-terrain/pixel-platformer/Tiles/Backgrounds/tile_0020.png,image-uniform,Context review: possible texture/font-space/timing/padding; not automatically corruption,119d27d7927144853d3ab2ab9af72f1414581ef3c2c85f3f61a106d14d4d2292
work/full-audit/downloads/mega-assets-expansion-v1/tiddybub-2d-assets.zip,tiddybub-2d-assets/tiles-terrain/pixel-platformer/Tiles/Backgrounds/tile_0005.png,image-uniform,Context review: possible texture/font-space/timing/padding; not automatically corruption,263af9a9100e75073bdec5ac0db5cf91a4de01311ac6bbb79adbf9991e212913
work/full-audit/downloads/mega-assets-expansion-v1/tiddybub-2d-assets.zip,tiddybub-2d-assets/tiles-terrain/pixel-platformer/Tiles/Backgrounds/tile_0001.png,image-uniform,Context review: possible texture/font-space/timing/padding; not automatically corruption,cd50302f080010eed7d828bfea4868c31b4cca49bb7a60f3cf69494b2e386f42
work/full-audit/downloads/mega-assets-expansion-v1/tiddybub-2d-assets.zip,tiddybub-2d-assets/tiles-terrain/pixel-platformer/Tiles/Backgrounds/tile_0003.png,image-uniform,Context review: possible texture/font-space/timing/padding; not automatically corruption,cd50302f080010eed7d828bfea4868c31b4cca49bb7a60f3cf69494b2e386f42
work/full-audit/downloads/mega-assets-expansion-v1/tiddybub-2d-assets.zip,tiddybub-2d-assets/tiles-terrain/platformer-art-pixel/Tiles/tile_0898.png,image-fully-transparent,Context review: possible texture/font-space/timing/padding; not automatically corruption,a2c4cda6171a85b3100326084a06b85083c2f92f28520bfcb0166dcb8a4eb7be
work/full-audit/downloads/mega-assets-expansion-v1/tiddybub-2d-assets.zip,tiddybub-2d-assets/tiles-terrain/platformer-art-pixel/Tiles/tile_0206.png,image-fully-transparent,Context review: possible texture/font-space/timing/padding; not automatically corruption,a2c4cda6171a85b3100326084a06b85083c2f92f28520bfcb0166dcb8a4eb7be
work/full-audit/downloads/mega-assets-expansion-v1/tiddybub-2d-assets.zip,tiddybub-2d-assets/tiles-terrain/platformer-art-pixel/Tiles/tile_0644.png,image-fully-transparent,Context review: possible texture/font-space/timing/padding; not automatically corruption,a2c4cda6171a85b3100326084a06b85083c2f92f28520bfcb0166dcb8a4eb7be
work/full-audit/downloads/mega-assets-expansion-v1/tiddybub-2d-assets.zip,tiddybub-2d-assets/tiles-terrain/platformer-art-pixel/Tiles/tile_0899.png,image-fully-transparent,Context review: possible texture/font-space/timing/padding; not automatically corruption,a2c4cda6171a85b3100326084a06b85083c2f92f28520bfcb0166dcb8a4eb7be
work/full-audit/downloads/mega-assets-expansion-v1/tiddybub-2d-assets.zip,tiddybub-2d-assets/tiles-terrain/platformer-art-pixel/Tiles/tile_0208.png,image-fully-transparent,Context review: possible texture/font-space/timing/padding; not automatically corruption,a2c4cda6171a85b3100326084a06b85083c2f92f28520bfcb0166dcb8a4eb7be
work/full-audit/downloads/mega-assets-expansion-v1/tiddybub-2d-assets.zip,tiddybub-2d-assets/tiles-terrain/platformer-art-pixel/Tiles/tile_0869.png,image-fully-transparent,Context review: possible texture/font-space/timing/padding; not automatically corruption,a2c4cda6171a85b3100326084a06b85083c2f92f28520bfcb0166dcb8a4eb7be
work/full-audit/downloads/mega-assets-expansion-v1/tiddybub-2d-assets.zip,tiddybub-2d-assets/tiles-terrain/platformer-art-pixel/Tiles/tile_0205.png,image-fully-transparent,Context review: possible texture/font-space/timing/padding; not automatically corruption,a2c4cda6171a85b3100326084a06b85083c2f92f28520bfcb0166dcb8a4eb7be
work/full-audit/downloads/mega-assets-expansion-v1/tiddybub-2d-assets.zip,tiddybub-2d-assets/tiles-terrain/platformer-art-pixel/Tiles/tile_0694.png,image-uniform,Context review: possible texture/font-space/timing/padding; not automatically corruption,a895d1f1a30268c513397e9a84334b0d50674a3253333178adb27770dd44427e
work/full-audit/downloads/mega-assets-expansion-v1/tiddybub-2d-assets.zip,tiddybub-2d-assets/tiles-terrain/platformer-art-pixel/Tiles/tile_0203.png,image-fully-transparent,Context review: possible texture/font-space/timing/padding; not automatically corruption,a2c4cda6171a85b3100326084a06b85083c2f92f28520bfcb0166dcb8a4eb7be
work/full-audit/downloads/mega-assets-expansion-v1/tiddybub-2d-assets.zip,tiddybub-2d-assets/tiles-terrain/platformer-art-pixel/Tiles/tile_0809.png,image-fully-transparent,Context review: possible texture/font-space/timing/padding; not automatically corruption,a2c4cda6171a85b3100326084a06b85083c2f92f28520bfcb0166dcb8a4eb7be
work/full-audit/downloads/mega-assets-expansion-v1/tiddybub-2d-assets.zip,tiddybub-2d-assets/tiles-terrain/platformer-art-pixel/Tiles/tile_0691.png,image-uniform,Context review: possible texture/font-space/timing/padding; not automatically corruption,c296a02212513599e6871a983409c09a29d2f3a12719de1bbc4d8321a17a08dd
work/full-audit/downloads/mega-assets-expansion-v1/tiddybub-2d-assets.zip,tiddybub-2d-assets/tiles-terrain/platformer-art-pixel/Tiles/tile_0319.png,image-fully-transparent,Context review: possible texture/font-space/timing/padding; not automatically corruption,a2c4cda6171a85b3100326084a06b85083c2f92f28520bfcb0166dcb8a4eb7be
work/full-audit/downloads/mega-assets-expansion-v1/tiddybub-2d-assets.zip,tiddybub-2d-assets/tiles-terrain/platformer-art-pixel/Tiles/tile_0748.png,image-fully-transparent,Context review: possible texture/font-space/timing/padding; not automatically corruption,a2c4cda6171a85b3100326084a06b85083c2f92f28520bfcb0166dcb8a4eb7be
work/full-audit/downloads/mega-assets-expansion-v1/tiddybub-2d-assets.zip,tiddybub-2d-assets/tiles-terrain/platformer-art-pixel/Tiles/tile_0808.png,image-fully-transparent,Context review: possible texture/font-space/timing/padding; not automatically corruption,a2c4cda6171a85b3100326084a06b85083c2f92f28520bfcb0166dcb8a4eb7be
work/full-audit/downloads/mega-assets-expansion-v1/tiddybub-2d-assets.zip,tiddybub-2d-assets/tiles-terrain/platformer-art-pixel/Tiles/tile_0198.png,image-fully-transparent,Context review: possible texture/font-space/timing/padding; not automatically corruption,a2c4cda6171a85b3100326084a06b85083c2f92f28520bfcb0166dcb8a4eb7be
work/full-audit/downloads/mega-assets-expansion-v1/tiddybub-2d-assets.zip,tiddybub-2d-assets/tiles-terrain/platformer-art-pixel/Tiles/tile_0461.png,image-fully-transparent,Context review: possible texture/font-space/timing/padding; not automatically corruption,a2c4cda6171a85b3100326084a06b85083c2f92f28520bfcb0166dcb8a4eb7be
work/full-audit/downloads/mega-assets-expansion-v1/tiddybub-2d-assets.zip,tiddybub-2d-assets/tiles-terrain/platformer-art-pixel/Tiles/tile_0204.png,image-fully-transparent,Context review: possible texture/font-space/timing/padding; not automatically corruption,a2c4cda6171a85b3100326084a06b85083c2f92f28520bfcb0166dcb8a4eb7be
work/full-audit/downloads/mega-assets-expansion-v1/tiddybub-2d-assets.zip,tiddybub-2d-assets/tiles-terrain/platformer-art-pixel/Tiles/tile_0462.png,image-fully-transparent,Context review: possible texture/font-space/timing/padding; not automatically corruption,a2c4cda6171a85b3100326084a06b85083c2f92f28520bfcb0166dcb8a4eb7be
work/full-audit/downloads/mega-assets-expansion-v1/tiddybub-2d-assets.zip,tiddybub-2d-assets/tiles-terrain/platformer-art-pixel/Tiles/tile_0199.png,image-fully-transparent,Context review: possible texture/font-space/timing/padding; not automatically corruption,a2c4cda6171a85b3100326084a06b85083c2f92f28520bfcb0166dcb8a4eb7be
work/full-audit/downloads/mega-assets-expansion-v1/tiddybub-2d-assets.zip,tiddybub-2d-assets/tiles-terrain/platformer-art-pixel/Tiles/tile_0209.png,image-fully-transparent,Context review: possible texture/font-space/timing/padding; not automatically corruption,a2c4cda6171a85b3100326084a06b85083c2f92f28520bfcb0166dcb8a4eb7be
work/full-audit/downloads/mega-assets-expansion-v1/tiddybub-2d-assets.zip,tiddybub-2d-assets/tiles-terrain/platformer-art-pixel/Tiles/tile_0450.png,image-fully-transparent,Context review: possible texture/font-space/timing/padding; not automatically corruption,a2c4cda6171a85b3100326084a06b85083c2f92f28520bfcb0166dcb8a4eb7be
work/full-audit/downloads/mega-assets-expansion-v1/tiddybub-2d-assets.zip,tiddybub-2d-assets/tiles-terrain/platformer-art-pixel/Tiles/tile_0839.png,image-fully-transparent,Context review: possible texture/font-space/timing/padding; not automatically corruption,a2c4cda6171a85b3100326084a06b85083c2f92f28520bfcb0166dcb8a4eb7be
work/full-audit/downloads/mega-assets-expansion-v1/tiddybub-2d-assets.zip,tiddybub-2d-assets/tiles-terrain/platformer-art-pixel/Tiles/tile_0228.png,image-fully-transparent,Context review: possible texture/font-space/timing/padding; not automatically corruption,a2c4cda6171a85b3100326084a06b85083c2f92f28520bfcb0166dcb8a4eb7be
work/full-audit/downloads/mega-assets-expansion-v1/tiddybub-2d-assets.zip,tiddybub-2d-assets/tiles-terrain/platformer-art-pixel/Tiles/tile_0200.png,image-fully-transparent,Context review: possible texture/font-space/timing/padding; not automatically corruption,a2c4cda6171a85b3100326084a06b85083c2f92f28520bfcb0166dcb8a4eb7be
work/full-audit/downloads/mega-assets-expansion-v1/tiddybub-2d-assets.zip,tiddybub-2d-assets/tiles-terrain/platformer-art-pixel/Tiles/tile_0360.png,image-fully-transparent,Context review: possible texture/font-space/timing/padding; not automatically corruption,a2c4cda6171a85b3100326084a06b85083c2f92f28520bfcb0166dcb8a4eb7be
work/full-audit/downloads/mega-assets-expansion-v1/tiddybub-2d-assets.zip,tiddybub-2d-assets/tiles-terrain/platformer-art-pixel/Tiles/tile_0868.png,image-fully-transparent,Context review: possible texture/font-space/timing/padding; not automatically corruption,a2c4cda6171a85b3100326084a06b85083c2f92f28520bfcb0166dcb8a4eb7be
work/full-audit/downloads/mega-assets-expansion-v1/tiddybub-2d-assets.zip,tiddybub-2d-assets/tiles-terrain/platformer-art-pixel/Tiles/tile_0669.png,image-uniform,Context review: possible texture/font-space/timing/padding; not automatically corruption,99a39fb8c604455370ed959628721f7ebb453dad4dbd6fc707625aa5f2bce2c7
work/full-audit/downloads/mega-assets-expansion-v1/tiddybub-2d-assets.zip,tiddybub-2d-assets/tiles-terrain/platformer-art-pixel/Tiles/tile_0639.png,image-uniform,Context review: possible texture/font-space/timing/padding; not automatically corruption,99a39fb8c604455370ed959628721f7ebb453dad4dbd6fc707625aa5f2bce2c7
work/full-audit/downloads/mega-assets-expansion-v1/tiddybub-2d-assets.zip,tiddybub-2d-assets/tiles-terrain/platformer-art-pixel/Tiles/tile_0349.png,image-fully-transparent,Context review: possible texture/font-space/timing/padding; not automatically corruption,a2c4cda6171a85b3100326084a06b85083c2f92f28520bfcb0166dcb8a4eb7be
work/full-audit/downloads/mega-assets-expansion-v1/tiddybub-2d-assets.zip,tiddybub-2d-assets/tiles-terrain/platformer-art-pixel/Tiles/tile_0778.png,image-fully-transparent,Context review: possible texture/font-space/timing/padding; not automatically corruption,a2c4cda6171a85b3100326084a06b85083c2f92f28520bfcb0166dcb8a4eb7be
work/full-audit/downloads/mega-assets-expansion-v1/tiddybub-2d-assets.zip,tiddybub-2d-assets/tiles-terrain/platformer-art-pixel/Tiles/tile_0614.png,image-fully-transparent,Context review: possible texture/font-space/timing/padding; not automatically corruption,a2c4cda6171a85b3100326084a06b85083c2f92f28520bfcb0166dcb8a4eb7be
work/full-audit/downloads/mega-assets-expansion-v1/tiddybub-2d-assets.zip,tiddybub-2d-assets/tiles-terrain/platformer-art-pixel/Tiles/tile_0468.png,image-fully-transparent,Context review: possible texture/font-space/timing/padding; not automatically corruption,a2c4cda6171a85b3100326084a06b85083c2f92f28520bfcb0166dcb8a4eb7be
work/full-audit/downloads/mega-assets-expansion-v1/tiddybub-2d-assets.zip,tiddybub-2d-assets/tiles-terrain/platformer-art-pixel/Tiles/tile_0390.png,image-fully-transparent,Context review: possible texture/font-space/timing/padding; not automatically corruption,a2c4cda6171a85b3100326084a06b85083c2f92f28520bfcb0166dcb8a4eb7be
work/full-audit/downloads/mega-assets-expansion-v1/tiddybub-2d-assets.zip,tiddybub-2d-assets/tiles-terrain/platformer-art-pixel/Tiles/tile_0469.png,image-fully-transparent,Context review: possible texture/font-space/timing/padding; not automatically corruption,a2c4cda6171a85b3100326084a06b85083c2f92f28520bfcb0166dcb8a4eb7be
work/full-audit/downloads/mega-assets-expansion-v1/tiddybub-2d-assets.zip,tiddybub-2d-assets/tiles-terrain/platformer-art-pixel/Tiles/tile_0207.png,image-fully-transparent,Context review: possible texture/font-space/timing/padding; not automatically corruption,a2c4cda6171a85b3100326084a06b85083c2f92f28520bfcb0166dcb8a4eb7be
work/full-audit/downloads/mega-assets-expansion-v1/tiddybub-2d-assets.zip,tiddybub-2d-assets/tiles-terrain/platformer-art-pixel/Tiles/tile_0202.png,image-fully-transparent,Context review: possible texture/font-space/timing/padding; not automatically corruption,a2c4cda6171a85b3100326084a06b85083c2f92f28520bfcb0166dcb8a4eb7be
work/full-audit/downloads/mega-assets-expansion-v1/tiddybub-2d-assets.zip,tiddybub-2d-assets/tiles-terrain/platformer-art-pixel/Tiles/tile_0838.png,image-fully-transparent,Context review: possible texture/font-space/timing/padding; not automatically corruption,a2c4cda6171a85b3100326084a06b85083c2f92f28520bfcb0166dcb8a4eb7be
work/full-audit/downloads/mega-assets-expansion-v1/tiddybub-2d-assets.zip,tiddybub-2d-assets/tiles-terrain/platformer-art-pixel/Tiles/tile_0749.png,image-fully-transparent,Context review: possible texture/font-space/timing/padding; not automatically corruption,a2c4cda6171a85b3100326084a06b85083c2f92f28520bfcb0166dcb8a4eb7be
work/full-audit/downloads/mega-assets-expansion-v1/tiddybub-2d-assets.zip,tiddybub-2d-assets/tiles-terrain/platformer-art-pixel/Tiles/tile_0420.png,image-fully-transparent,Context review: possible texture/font-space/timing/padding; not automatically corruption,a2c4cda6171a85b3100326084a06b85083c2f92f28520bfcb0166dcb8a4eb7be
work/full-audit/downloads/mega-assets-expansion-v1/tiddybub-2d-assets.zip,tiddybub-2d-assets/tiles-terrain/platformer-art-pixel/Tiles/tile_0779.png,image-fully-transparent,Context review: possible texture/font-space/timing/padding; not automatically corruption,a2c4cda6171a85b3100326084a06b85083c2f92f28520bfcb0166dcb8a4eb7be
work/full-audit/downloads/mega-assets-expansion-v1/tiddybub-2d-assets.zip,tiddybub-2d-assets/tiles-terrain/platformer-art-pixel/Tiles/tile_0201.png,image-fully-transparent,Context review: possible texture/font-space/timing/padding; not automatically corruption,a2c4cda6171a85b3100326084a06b85083c2f92f28520bfcb0166dcb8a4eb7be
work/full-audit/downloads/mega-assets-expansion-v1/tiddybub-2d-assets.zip,tiddybub-2d-assets/tiles-terrain/platformer-art-pixel/Tiles/tile_0697.png,image-uniform,Context review: possible texture/font-space/timing/padding; not automatically corruption,b88f9604e23341d23ea0a13a55cbad42a624d36e5bcdd77f470b333be8cbcde6
work/full-audit/downloads/mega-assets-expansion-v1/tiddybub-2d-assets.zip,tiddybub-2d-assets/tiles-terrain/platformer-art-pixel/Tiles/tile_0674.png,image-fully-transparent,Context review: possible texture/font-space/timing/padding; not automatically corruption,a2c4cda6171a85b3100326084a06b85083c2f92f28520bfcb0166dcb8a4eb7be
work/full-audit/downloads/mega-assets-expansion-v1/tiddybub-2d-assets.zip,tiddybub-2d-assets/tiles-terrain/background-elements/PNG/Flat/sky.png,image-uniform,Context review: possible texture/font-space/timing/padding; not automatically corruption,3dda74eb9caad5148dc8e7f8010ee97592be266f218c23e2763a723fb57e4465
work/full-audit/downloads/mega-assets-expansion-v1/tiddybub-2d-assets.zip,tiddybub-2d-assets/tiles-terrain/pixel-line-platformer/Tiles/tile_0000.png,image-uniform,Context review: possible texture/font-space/timing/padding; not automatically corruption,d795df972fc9d0ffd102f0c3e7d8bf79af920d5ee1b0442e8975b15c26d92528
work/full-audit/downloads/mega-assets-expansion-v1/tiddybub-2d-assets.zip,tiddybub-2d-assets/tiles-terrain/pixel-line-platformer/Tiles/tile_0017.png,image-uniform,Context review: possible texture/font-space/timing/padding; not automatically corruption,d795df972fc9d0ffd102f0c3e7d8bf79af920d5ee1b0442e8975b15c26d92528
work/full-audit/downloads/mega-assets-expansion-v1/tiddybub-2d-assets.zip,tiddybub-2d-assets/tiles-terrain/pixel-line-platformer/Tiles/tile_0014.png,image-uniform,Context review: possible texture/font-space/timing/padding; not automatically corruption,d795df972fc9d0ffd102f0c3e7d8bf79af920d5ee1b0442e8975b15c26d92528
work/full-audit/downloads/mega-assets-expansion-v1/tiddybub-2d-assets.zip,tiddybub-2d-assets/tiles-terrain/oga-backgrounds/backgrounds_unpacked/Backgrounds/Sources/8.psd,secondary-decoder-pass,Decoded with ImageMagick instead of Pillow,c18f3af1918bf75e6cb0f43303bfead5794d4c8fd5232a4a206713d441d54e0d
work/full-audit/downloads/mega-assets-expansion-v1/tiddybub-2d-assets.zip,"tiddybub-2d-assets/tiles-terrain/oga-backgrounds/backgrounds_unpacked/Backgrounds/Sources/2, 3, 4, 5, 6.psd",secondary-decoder-pass,Decoded with ImageMagick instead of Pillow,6f468124f59fe775daa54c2699c1a75668d86aa44003bbd373383ebd1ff23490
work/full-audit/downloads/mega-assets-expansion-v1/tiddybub-2d-assets.zip,tiddybub-2d-assets/tiles-terrain/minimap-pack/Tiles/Style E/tile_0015.png,image-uniform,Context review: possible texture/font-space/timing/padding; not automatically corruption,36ab7348c2eda7955f7cf302c9c84ba1115193e910d10fd29cec367dcbb6e38b
work/full-audit/downloads/mega-assets-expansion-v1/tiddybub-2d-assets.zip,tiddybub-2d-assets/tiles-terrain/minimap-pack/Tiles/Style E/tile_0014.png,image-uniform,Context review: possible texture/font-space/timing/padding; not automatically corruption,0bfbdeb4eb43dd7fece114e7ea3711bab5b995fabfc9bdae65e5e8be11025985
work/full-audit/downloads/mega-assets-expansion-v1/tiddybub-2d-assets.zip,tiddybub-2d-assets/tiles-terrain/minimap-pack/Tiles/Style E/tile_0020.png,image-uniform,Context review: possible texture/font-space/timing/padding; not automatically corruption,231b0b112695b542bd500c03fe5386f79eccc9eda998b3fa7be4b95e20d04bbd
work/full-audit/downloads/mega-assets-expansion-v1/tiddybub-2d-assets.zip,tiddybub-2d-assets/tiles-terrain/minimap-pack/Tiles/Style D/tile_0015.png,image-uniform,Context review: possible texture/font-space/timing/padding; not automatically corruption,36ab7348c2eda7955f7cf302c9c84ba1115193e910d10fd29cec367dcbb6e38b
work/full-audit/downloads/mega-assets-expansion-v1/tiddybub-2d-assets.zip,tiddybub-2d-assets/tiles-terrain/minimap-pack/Tiles/Style D/tile_0014.png,image-uniform,Context review: possible texture/font-space/timing/padding; not automatically corruption,3811edbac6b3ccfcf562e886be263324280d3bf8fb03b4c93e65a743c139911f
work/full-audit/downloads/mega-assets-expansion-v1/tiddybub-2d-assets.zip,tiddybub-2d-assets/tiles-terrain/minimap-pack/Tiles/Style D/tile_0020.png,image-uniform,Context review: possible texture/font-space/timing/padding; not automatically corruption,231b0b112695b542bd500c03fe5386f79eccc9eda998b3fa7be4b95e20d04bbd
work/full-audit/downloads/mega-assets-expansion-v1/tiddybub-2d-assets.zip,tiddybub-2d-assets/tiles-terrain/minimap-pack/Tiles/Style A/tile_0015.png,image-uniform,Context review: possible texture/font-space/timing/padding; not automatically corruption,36ab7348c2eda7955f7cf302c9c84ba1115193e910d10fd29cec367dcbb6e38b
work/full-audit/downloads/mega-assets-expansion-v1/tiddybub-2d-assets.zip,tiddybub-2d-assets/tiles-terrain/minimap-pack/Tiles/Style A/tile_0014.png,image-uniform,Context review: possible texture/font-space/timing/padding; not automatically corruption,f1dbfd3e86defab264b56ff3fe6e38eb749919b38e1e409108f155e343fc0a5a
work/full-audit/downloads/mega-assets-expansion-v1/tiddybub-2d-assets.zip,tiddybub-2d-assets/tiles-terrain/minimap-pack/Tiles/Style A/tile_0020.png,image-uniform,Context review: possible texture/font-space/timing/padding; not automatically corruption,231b0b112695b542bd500c03fe5386f79eccc9eda998b3fa7be4b95e20d04bbd
work/full-audit/downloads/mega-assets-expansion-v1/tiddybub-2d-assets.zip,tiddybub-2d-assets/tiles-terrain/minimap-pack/Tiles/Style C/tile_0014.png,image-uniform,Context review: possible texture/font-space/timing/padding; not automatically corruption,72622a1da25b684f226872415b3dc1dce9cf56b4f6f1be538965d1a95b9a000a
work/full-audit/downloads/mega-assets-expansion-v1/tiddybub-2d-assets.zip,tiddybub-2d-assets/tiles-terrain/minimap-pack/Tiles/Style F/tile_0015.png,image-uniform,Context review: possible texture/font-space/timing/padding; not automatically corruption,36ab7348c2eda7955f7cf302c9c84ba1115193e910d10fd29cec367dcbb6e38b
work/full-audit/downloads/mega-assets-expansion-v1/tiddybub-2d-assets.zip,tiddybub-2d-assets/tiles-terrain/minimap-pack/Tiles/Style F/tile_0014.png,image-uniform,Context review: possible texture/font-space/timing/padding; not automatically corruption,2f160daa0d7d10cab296de95516ba3295b296588296e1b5a31df47e61067ddce
work/full-audit/downloads/mega-assets-expansion-v1/tiddybub-2d-assets.zip,tiddybub-2d-assets/tiles-terrain/minimap-pack/Tiles/Style F/tile_0020.png,image-uniform,Context review: possible texture/font-space/timing/padding; not automatically corruption,231b0b112695b542bd500c03fe5386f79eccc9eda998b3fa7be4b95e20d04bbd
work/full-audit/downloads/mega-assets-expansion-v1/tiddybub-2d-assets.zip,tiddybub-2d-assets/tiles-terrain/minimap-pack/Tiles/Style B/tile_0014.png,image-uniform,Context review: possible texture/font-space/timing/padding; not automatically corruption,2f160daa0d7d10cab296de95516ba3295b296588296e1b5a31df47e61067ddce
work/full-audit/downloads/mega-assets-expansion-v1/tiddybub-2d-assets.zip,tiddybub-2d-assets/tiles-terrain/platformer-art-winter/Tiles/tree.png,image-uniform,Context review: possible texture/font-space/timing/padding; not automatically corruption,3982c30335ae6abec13a85ce54b31ea2963ee2eb22cb45f1b2df3ef5e8cdf097
work/full-audit/downloads/mega-assets-expansion-v1/tiddybub-2d-assets.zip,tiddybub-2d-assets/effects/oga-flare-effect/flare_01.psd,secondary-decoder-pass,Decoded with ImageMagick instead of Pillow,5fb6d53504fe80cdc6646aa521606080f8d3e1acc959b1439c1472f56f8b05a6
work/full-audit/downloads/mega-assets-expansion-v1/tiddybub-2d-assets.zip,tiddybub-2d-assets/modern-urban/platformer-art-buildings/Tiles/houseGray.png,image-uniform,Context review: possible texture/font-space/timing/padding; not automatically corruption,9c793f1cf4db6713dd5fabdf4007503be2cb02f0b09bc7827547a10285fd7e4f
work/full-audit/downloads/mega-assets-expansion-v1/tiddybub-2d-assets.zip,tiddybub-2d-assets/modern-urban/platformer-art-buildings/Tiles/houseBeige.png,image-uniform,Context review: possible texture/font-space/timing/padding; not automatically corruption,d125da78374f7ab50c1e35c7a6f1bec258e7f9e57e61773572c8fe651c5cde15
work/full-audit/downloads/mega-assets-expansion-v1/tiddybub-2d-assets.zip,tiddybub-2d-assets/modern-urban/platformer-art-buildings/Tiles/houseDark.png,image-uniform,Context review: possible texture/font-space/timing/padding; not automatically corruption,f6e58e0d7327aa6e92d0dd4c7ad1af5a0e181b65ef4a897ac470a1930f75440a
work/full-audit/downloads/mega-assets-expansion-v1/tiddybub-2d-assets.zip,tiddybub-2d-assets/modern-urban/top-down-shooter/PNG/Tiles/tile_377.png,image-uniform,Context review: possible texture/font-space/timing/padding; not automatically corruption,e08ed35e3939cb9c7de9e3c843a81806e16d25fb7ac1c6fbc1c0a34d09f36629
work/full-audit/downloads/mega-assets-expansion-v1/tiddybub-2d-assets.zip,tiddybub-2d-assets/modern-urban/top-down-shooter/PNG/Tiles/tile_401.png,image-uniform,Context review: possible texture/font-space/timing/padding; not automatically corruption,27b16991e23aae0577b8ad630048a3c400ad95ed7d12e83dd9a828e3be70689a
work/full-audit/downloads/mega-assets-expansion-v1/tiddybub-2d-assets.zip,tiddybub-2d-assets/modern-urban/top-down-shooter/PNG/Tiles/tile_398.png,image-uniform,Context review: possible texture/font-space/timing/padding; not automatically corruption,bdef799c9b78fd83629cb43488e0999f84e164669b7e0e1358fbaebb257e58d5
work/full-audit/downloads/mega-assets-expansion-v1/tiddybub-2d-assets.zip,tiddybub-2d-assets/modern-urban/top-down-shooter/PNG/Tiles/tile_93.png,image-uniform,Context review: possible texture/font-space/timing/padding; not automatically corruption,eb9188cc4dc1e5ee2ced43f60cc709e3323908882fc3d57b701b56005d2abb87
work/full-audit/downloads/mega-assets-expansion-v1/tiddybub-2d-assets.zip,tiddybub-2d-assets/modern-urban/top-down-shooter/PNG/Tiles/tile_86.png,image-uniform,Context review: possible texture/font-space/timing/padding; not automatically corruption,837da5be91436083ab7a387369fdbdf35fa1a114b7f924a53f37450bfdd68d5c
work/full-audit/downloads/mega-assets-expansion-v1/tiddybub-2d-assets.zip,tiddybub-2d-assets/modern-urban/top-down-shooter/PNG/Tiles/tile_331.png,image-uniform,Context review: possible texture/font-space/timing/padding; not automatically corruption,ef161011888f1360c3d1c91b8bc388b4da5141af41a40ee3d635e9473f12dfec
work/full-audit/downloads/mega-assets-expansion-v1/tiddybub-2d-assets.zip,tiddybub-2d-assets/modern-urban/top-down-shooter/PNG/Tiles/tile_169.png,image-uniform,Context review: possible texture/font-space/timing/padding; not automatically corruption,e99cba588834b0dae8ed5058fe7f798a2bad5012d5dd6868f47d20225ba6f0fa
work/full-audit/downloads/mega-assets-expansion-v1/tiddybub-2d-assets.zip,tiddybub-2d-assets/modern-urban/top-down-shooter/PNG/Tiles/tile_340.png,image-uniform,Context review: possible texture/font-space/timing/padding; not automatically corruption,ec7b839903651a349254a28469728e9de07ac7232b72215bb90d19e10e3b7295
work/full-audit/downloads/mega-assets-expansion-v1/tiddybub-2d-assets.zip,tiddybub-2d-assets/modern-urban/top-down-shooter/PNG/Tiles/tile_178.png,image-uniform,Context review: possible texture/font-space/timing/padding; not automatically corruption,470c6651b4beca7a173f22443cf20028442fbaea82859cbfea4a963e5fde43eb
work/full-audit/downloads/mega-assets-expansion-v1/tiddybub-2d-assets.zip,tiddybub-2d-assets/modern-urban/pico-8-city/Tiles/tile_0002.png,image-uniform,Context review: possible texture/font-space/timing/padding; not automatically corruption,95dba9d0ede995a192a407481478147c668516aee85642f412e5c40581807ebd
work/full-audit/downloads/mega-assets-expansion-v1/tiddybub-2d-assets.zip,tiddybub-2d-assets/modern-urban/pico-8-city/Tiles/tile_0044.png,image-uniform,Context review: possible texture/font-space/timing/padding; not automatically corruption,6430be85c73823985c131722d49d202cb3aff4627bb07638ef4d16cb86e71710
work/full-audit/downloads/mega-assets-expansion-v1/tiddybub-2d-assets.zip,tiddybub-2d-assets/modern-urban/pico-8-city/Tiles/tile_0170.png,image-uniform,Context review: possible texture/font-space/timing/padding; not automatically corruption,6430be85c73823985c131722d49d202cb3aff4627bb07638ef4d16cb86e71710
work/full-audit/downloads/mega-assets-expansion-v1/tiddybub-2d-assets.zip,tiddybub-2d-assets/modern-urban/pico-8-city/Tiles/tile_0289.png,image-uniform,Context review: possible texture/font-space/timing/padding; not automatically corruption,28746a85ab9b446c18aa71cebf0ae3bbfdec0552baafe8f4d52826fbb9679e72
work/full-audit/downloads/mega-assets-expansion-v1/tiddybub-2d-assets.zip,tiddybub-2d-assets/modern-urban/pico-8-city/Tiles/tile_0000.png,image-uniform,Context review: possible texture/font-space/timing/padding; not automatically corruption,3395e1298e553d7c6f8516b5051d2f0163068f0f0ea8ed864396923acb5b025e
work/full-audit/downloads/mega-assets-expansion-v1/tiddybub-2d-assets.zip,tiddybub-2d-assets/modern-urban/pico-8-city/Tiles/tile_0034.png,image-uniform,Context review: possible texture/font-space/timing/padding; not automatically corruption,95dba9d0ede995a192a407481478147c668516aee85642f412e5c40581807ebd
work/full-audit/downloads/mega-assets-expansion-v1/tiddybub-2d-assets.zip,tiddybub-2d-assets/modern-urban/pico-8-city/Tiles/tile_0121.png,image-uniform,Context review: possible texture/font-space/timing/padding; not automatically corruption,28746a85ab9b446c18aa71cebf0ae3bbfdec0552baafe8f4d52826fbb9679e72
work/full-audit/downloads/mega-assets-expansion-v1/tiddybub-2d-assets.zip,tiddybub-2d-assets/modern-urban/pico-8-city/Tiles/tile_0126.png,image-uniform,Context review: possible texture/font-space/timing/padding; not automatically corruption,6430be85c73823985c131722d49d202cb3aff4627bb07638ef4d16cb86e71710
work/full-audit/downloads/mega-assets-expansion-v1/tiddybub-2d-assets.zip,tiddybub-2d-assets/modern-urban/pico-8-city/Tiles/tile_0175.png,image-uniform,Context review: possible texture/font-space/timing/padding; not automatically corruption,aaa0d3442e7c9d466e393e78688d1a4f935b503ba7ed32cfd86c32ac6d5c92b6
work/full-audit/downloads/mega-assets-expansion-v1/tiddybub-2d-assets.zip,tiddybub-2d-assets/modern-urban/pico-8-city/Tiles/tile_0039.png,image-uniform,Context review: possible texture/font-space/timing/padding; not automatically corruption,cbfee562b6f373f82c2cd8872344f8279e5da2d7bf824857fd1fba9d99be0aac
work/full-audit/downloads/mega-assets-expansion-v1/tiddybub-2d-assets.zip,tiddybub-2d-assets/modern-urban/pico-8-city/Tiles/tile_0131.png,image-uniform,Context review: possible texture/font-space/timing/padding; not automatically corruption,7e3a18778bfcbce963270934600e907fe99a5d9cf509684d23223d3eac76ee66
work/full-audit/downloads/mega-assets-expansion-v1/tiddybub-2d-assets.zip,tiddybub-2d-assets/modern-urban/pico-8-city/Tiles/tile_0185.png,image-uniform,Context review: possible texture/font-space/timing/padding; not automatically corruption,7e3a18778bfcbce963270934600e907fe99a5d9cf509684d23223d3eac76ee66
work/full-audit/downloads/mega-assets-expansion-v1/tiddybub-2d-assets.zip,tiddybub-2d-assets/modern-urban/pico-8-city/Tiles/tile_0001.png,image-uniform,Context review: possible texture/font-space/timing/padding; not automatically corruption,cbfee562b6f373f82c2cd8872344f8279e5da2d7bf824857fd1fba9d99be0aac
work/full-audit/downloads/mega-assets-expansion-v1/tiddybub-2d-assets.zip,tiddybub-2d-assets/modern-urban/pico-8-city/Tiles/tile_0029.png,image-uniform,Context review: possible texture/font-space/timing/padding; not automatically corruption,3395e1298e553d7c6f8516b5051d2f0163068f0f0ea8ed864396923acb5b025e
work/full-audit/downloads/mega-assets-expansion-v1/tiddybub-2d-assets.zip,tiddybub-2d-assets/modern-urban/pico-8-city/Tiles/tile_0003.png,image-uniform,Context review: possible texture/font-space/timing/padding; not automatically corruption,6430be85c73823985c131722d49d202cb3aff4627bb07638ef4d16cb86e71710
work/full-audit/downloads/mega-assets-expansion-v1/tiddybub-2d-assets.zip,tiddybub-2d-assets/fantasy/oga-ogre-3d-relief/ogrerelief_by_lfa.com__unpacked/ogreRelief.psd,secondary-decoder-pass,Decoded with ImageMagick instead of Pillow,97f24dac9d5948a39c3123834c40b6e7cf0008242cca9f7453fe968f8cceed9c
work/full-audit/downloads/mega-assets-expansion-v1/tiddybub-2d-assets.zip,tiddybub-2d-assets/fantasy/oga-haunted-house/haunted_house_unpacked/__MACOSX/haunted_house/._hauntedhousefront.png,exclude-sidecar,Filesystem sidecar; not game artwork,a910aa19e14af1ecb7b33925d32888bad54b6d2e30f7d8ad8a53e77e659eeabb
work/full-audit/downloads/mega-assets-expansion-v1/tiddybub-2d-assets.zip,tiddybub-2d-assets/fantasy/oga-haunted-house/haunted_house_unpacked/__MACOSX/haunted_house/._hauntedhouseofffcentre.png,exclude-sidecar,Filesystem sidecar; not game artwork,87ab1aff34ef4d8034b701ff6a703d1556f3d78ead5a35064e8883fe78b97f70
work/full-audit/downloads/mega-assets-expansion-v1/tiddybub-2d-assets.zip,tiddybub-2d-assets/fantasy/oga-haunted-house/haunted_house_unpacked/__MACOSX/haunted_house/._hauntedhouseback.png,exclude-sidecar,Filesystem sidecar; not game artwork,5b8b59bf143b2e5e29fc1579493c053bc8122aef7aad6939d7af99d87eb8a951
work/full-audit/downloads/mega-assets-expansion-v1/tiddybub-2d-assets.zip,tiddybub-2d-assets/fantasy/oga-haunted-house/haunted_house_unpacked/__MACOSX/haunted_house/._hauntedhousetexture.tga,exclude-sidecar,Filesystem sidecar; not game artwork,ddc5af4a1c2ea444f1b762dad82e49beea3df5cfc8faf4d6ccf82a8f5552aa90
work/full-audit/downloads/mega-assets-expansion-v1/tiddybub-2d-assets.zip,tiddybub-2d-assets/fantasy/oga-haunted-house/haunted_house_unpacked/__MACOSX/haunted_house/._hauntedhousetexture.psd,exclude-sidecar,Filesystem sidecar; not game artwork,5675721e391d92e0d562b2cbf3f867ca688a374abf4048130e142e5453028791
work/full-audit/downloads/mega-assets-expansion-v1/tiddybub-2d-assets.zip,tiddybub-2d-assets/fantasy/rpg-urban-pack/Tiles/tile_0036.png,image-uniform,Context review: possible texture/font-space/timing/padding; not automatically corruption,dd5bfceacb5b8c6beea2a83d41c28933823654a6873e0b07143bd422e0d9fddc
work/full-audit/downloads/mega-assets-expansion-v1/tiddybub-2d-assets.zip,tiddybub-2d-assets/fantasy/tiny-dungeon/Tiles/tile_0000.png,image-uniform,Context review: possible texture/font-space/timing/padding; not automatically corruption,ebf91e6638d484dc6bdaec5f30e91589252125146b70c2911f11fac7ebe17090
work/full-audit/downloads/mega-assets-expansion-v1/tiddybub-2d-assets.zip,tiddybub-2d-assets/fantasy/tiny-dungeon/Tiles/tile_0048.png,image-uniform,Context review: possible texture/font-space/timing/padding; not automatically corruption,63519065228f5f8af6200d979fa54cd7f00650034ceea10a1609203a34b3ff9b
work/full-audit/downloads/mega-assets-expansion-v1/tiddybub-2d-assets.zip,tiddybub-2d-assets/fantasy/platformer-pack-medieval/PNG/medievalTile_179.png,image-uniform,Context review: possible texture/font-space/timing/padding; not automatically corruption,95a6bd747388b62af9ceaae57c31868d06a795092b5274eb5a2f809d85dea5fa
work/full-audit/downloads/mega-assets-expansion-v1/tiddybub-2d-assets.zip,tiddybub-2d-assets/fantasy/platformer-pack-medieval/PNG/medievalTile_176.png,image-uniform,Context review: possible texture/font-space/timing/padding; not automatically corruption,feabee491a1a967bf04a2b1ff4493d9ceaf66a0c11f2d3454f4b8df3bb51d96c
work/full-audit/downloads/mega-assets-expansion-v1/tiddybub-2d-assets.zip,tiddybub-2d-assets/fantasy/tiny-town/Tiles/tile_0025.png,image-uniform,Context review: possible texture/font-space/timing/padding; not automatically corruption,63519065228f5f8af6200d979fa54cd7f00650034ceea10a1609203a34b3ff9b
work/full-audit/downloads/mega-assets-expansion-v1/tiddybub-2d-assets.zip,tiddybub-2d-assets/fantasy/tiny-town/Tiles/tile_0000.png,image-uniform,Context review: possible texture/font-space/timing/padding; not automatically corruption,d4c692ef80ee97b3395b885ae07020d42a106683ff3650df240f8e972bd5a041
work/full-audit/downloads/mega-assets-expansion-v1/tiddybub-2d-assets.zip,tiddybub-2d-assets/fantasy/tiny-town/Tiles/tile_0109.png,image-uniform,Context review: possible texture/font-space/timing/padding; not automatically corruption,d1ff475a1ad0d4fd5d2c2a8b1fe3b96657d10f9c5b87d204138f1d7a58ac9d04
work/full-audit/downloads/mega-assets-expansion-v1/tiddybub-2d-assets.zip,tiddybub-2d-assets/fantasy/holiday-extras/PNG/Topdown pack/Retina/topdownTile_30.png,image-uniform,Context review: possible texture/font-space/timing/padding; not automatically corruption,075c3e068872e027b677f8fc87062dcb941554c6934951ad65ac7cf72ca0bada
work/full-audit/downloads/mega-assets-expansion-v1/tiddybub-2d-assets.zip,tiddybub-2d-assets/fantasy/holiday-extras/PNG/Topdown pack/Retina/topdownTile_25.png,image-uniform,Context review: possible texture/font-space/timing/padding; not automatically corruption,9ef4a0d79d7895002eaaade44ad1c575914a4ccc437f7ef341bf9b4b385c11a4
work/full-audit/downloads/mega-assets-expansion-v1/tiddybub-2d-assets.zip,tiddybub-2d-assets/fantasy/holiday-extras/PNG/Topdown pack/Default size/topdownTile_30.png,image-uniform,Context review: possible texture/font-space/timing/padding; not automatically corruption,64743b929544d248ef4755bfc9e40ca4a46e4477296195d3c8de7f4fdac84f7a
work/full-audit/downloads/mega-assets-expansion-v1/tiddybub-2d-assets.zip,tiddybub-2d-assets/fantasy/holiday-extras/PNG/Topdown pack/Default size/topdownTile_25.png,image-uniform,Context review: possible texture/font-space/timing/padding; not automatically corruption,49f39bf1a4a3e5357f84cc3d67fa5a1c21a291a5745d859beb6af99f0877169e
work/full-audit/downloads/mega-assets-expansion-v1/tiddybub-2d-assets.zip,tiddybub-2d-assets/fantasy/oga-30-authentic-medieval-or-least-old-paintings/30-paintings_unpacked/__MACOSX/._painting-14.jpg,exclude-sidecar,Filesystem sidecar; not game artwork,627d379a02c42ea65c0bcce791d3c21b071059e006b7c01db84ec81354f945ca
work/full-audit/downloads/mega-assets-expansion-v1/tiddybub-2d-assets.zip,tiddybub-2d-assets/fantasy/oga-30-authentic-medieval-or-least-old-paintings/30-paintings_unpacked/__MACOSX/._painting-12.jpg,exclude-sidecar,Filesystem sidecar; not game artwork,c7857861902920b086c1597f4f8b017771da1581db25b9d9b81a3a2883a431fa
work/full-audit/downloads/mega-assets-expansion-v1/tiddybub-2d-assets.zip,tiddybub-2d-assets/fantasy/oga-30-authentic-medieval-or-least-old-paintings/30-paintings_unpacked/__MACOSX/._painting-28.jpg,exclude-sidecar,Filesystem sidecar; not game artwork,b577f4994d20d2881c2707c04ce94e47a3ca70cc255de353f7a32f49543589d7
work/full-audit/downloads/mega-assets-expansion-v1/tiddybub-2d-assets.zip,tiddybub-2d-assets/fantasy/oga-30-authentic-medieval-or-least-old-paintings/30-paintings_unpacked/__MACOSX/._painting-13.jpg,exclude-sidecar,Filesystem sidecar; not game artwork,9b73aebe2ca0146adc8eafbfe436edc96e809e3a8e2ddc16b58122802661bf43
work/full-audit/downloads/mega-assets-expansion-v1/tiddybub-2d-assets.zip,tiddybub-2d-assets/fantasy/oga-30-authentic-medieval-or-least-old-paintings/30-paintings_unpacked/__MACOSX/._painting-21.jpg,exclude-sidecar,Filesystem sidecar; not game artwork,89fa8b860d07c7004c73b0272ee4d989c3a60ad17dbc010d4b59594ee7a150e6
work/full-audit/downloads/mega-assets-expansion-v1/tiddybub-2d-assets.zip,tiddybub-2d-assets/fantasy/oga-30-authentic-medieval-or-least-old-paintings/30-paintings_unpacked/__MACOSX/._painting-23.jpg,exclude-sidecar,Filesystem sidecar; not game artwork,a3707b478f9db39c5b94dcf4794521afabe6d4ad6955ce04d0f751b0a33df074
work/full-audit/downloads/mega-assets-expansion-v1/tiddybub-2d-assets.zip,tiddybub-2d-assets/fantasy/oga-30-authentic-medieval-or-least-old-paintings/30-paintings_unpacked/__MACOSX/._painting-36.jpg,exclude-sidecar,Filesystem sidecar; not game artwork,e4f1385ddc77ea81f4db481324c42d9a3d5826f99e1d25e28b9a5aed4ac5d26b
work/full-audit/downloads/mega-assets-expansion-v1/tiddybub-2d-assets.zip,tiddybub-2d-assets/fantasy/oga-30-authentic-medieval-or-least-old-paintings/30-paintings_unpacked/__MACOSX/._painting-19.jpg,exclude-sidecar,Filesystem sidecar; not game artwork,ef6fa3f8a223a4882409e35ec1dc92c4962db0df362111ef3953531226b6d616
work/full-audit/downloads/mega-assets-expansion-v1/tiddybub-2d-assets.zip,tiddybub-2d-assets/fantasy/oga-30-authentic-medieval-or-least-old-paintings/30-paintings_unpacked/__MACOSX/._painting-34.jpg,exclude-sidecar,Filesystem sidecar; not game artwork,16601ffba1e345d6e2dfacbda63776ed6b3d65802d7f932b9d04509356b96446
work/full-audit/downloads/mega-assets-expansion-v1/tiddybub-2d-assets.zip,tiddybub-2d-assets/fantasy/oga-30-authentic-medieval-or-least-old-paintings/30-paintings_unpacked/__MACOSX/._painting-33.jpg,exclude-sidecar,Filesystem sidecar; not game artwork,3866aa748440a8681c96e08f60acdf8d5d2632f4831ab3de3edbe5200e80cade
work/full-audit/downloads/mega-assets-expansion-v1/tiddybub-2d-assets.zip,tiddybub-2d-assets/fantasy/oga-30-authentic-medieval-or-least-old-paintings/30-paintings_unpacked/__MACOSX/._painting-31.jpg,exclude-sidecar,Filesystem sidecar; not game artwork,676c55ed2f64a1bffd29c28ab263902cf67e37461cad2844860443fe94fbcc8f
work/full-audit/downloads/mega-assets-expansion-v1/tiddybub-2d-assets.zip,tiddybub-2d-assets/fantasy/oga-30-authentic-medieval-or-least-old-paintings/30-paintings_unpacked/__MACOSX/._painting-32.jpg,exclude-sidecar,Filesystem sidecar; not game artwork,126a82e7c8059b5661156b0795325ab784ef88e986930e2e5f5011eb4912bd5b
work/full-audit/downloads/mega-assets-expansion-v1/tiddybub-2d-assets.zip,tiddybub-2d-assets/fantasy/oga-30-authentic-medieval-or-least-old-paintings/30-paintings_unpacked/__MACOSX/._painting-17.jpg,exclude-sidecar,Filesystem sidecar; not game artwork,d1593b7f28a678d9f304b449931643a15562fcbe0d0821236f8ff12f827a6dde
work/full-audit/downloads/mega-assets-expansion-v1/tiddybub-2d-assets.zip,tiddybub-2d-assets/fantasy/oga-30-authentic-medieval-or-least-old-paintings/30-paintings_unpacked/__MACOSX/._painting-20.jpg,exclude-sidecar,Filesystem sidecar; not game artwork,0b182a393ba07112da7ed58cd54a16574a7147beb56d3941d2ca2fd0398dd435
work/full-audit/downloads/mega-assets-expansion-v1/tiddybub-2d-assets.zip,tiddybub-2d-assets/fantasy/oga-30-authentic-medieval-or-least-old-paintings/30-paintings_unpacked/__MACOSX/._painting-39.jpg,exclude-sidecar,Filesystem sidecar; not game artwork,db1373272da5095a59936509650da2c91673403ea731c7d2fe0f8f8b763b8b42
work/full-audit/downloads/mega-assets-expansion-v1/tiddybub-2d-assets.zip,tiddybub-2d-assets/fantasy/oga-30-authentic-medieval-or-least-old-paintings/30-paintings_unpacked/__MACOSX/._painting-05.jpg,exclude-sidecar,Filesystem sidecar; not game artwork,bfaa3b08764beb490d3c09a842a981f7c47a1c0bc8a7944a5379dea1019d35cd
work/full-audit/downloads/mega-assets-expansion-v1/tiddybub-2d-assets.zip,tiddybub-2d-assets/fantasy/oga-30-authentic-medieval-or-least-old-paintings/30-paintings_unpacked/__MACOSX/._painting-22.jpg,exclude-sidecar,Filesystem sidecar; not game artwork,a4313290fa44c889f1f697ac21562efe42867f88afb3743947e3d7a9d62060c4
work/full-audit/downloads/mega-assets-expansion-v1/tiddybub-2d-assets.zip,tiddybub-2d-assets/fantasy/oga-30-authentic-medieval-or-least-old-paintings/30-paintings_unpacked/__MACOSX/._painting-03.jpg,exclude-sidecar,Filesystem sidecar; not game artwork,8238efb3dd1e5f1801330e72407bf24744d9516918549902569b5e1a5224079c
work/full-audit/downloads/mega-assets-expansion-v1/tiddybub-2d-assets.zip,tiddybub-2d-assets/fantasy/oga-30-authentic-medieval-or-least-old-paintings/30-paintings_unpacked/__MACOSX/._painting-38.jpg,exclude-sidecar,Filesystem sidecar; not game artwork,c5226724d2435e88eb6cd6d3122f13f2170f5646a534bb8f762dd53bca812c27
work/full-audit/downloads/mega-assets-expansion-v1/tiddybub-2d-assets.zip,tiddybub-2d-assets/fantasy/oga-30-authentic-medieval-or-least-old-paintings/30-paintings_unpacked/__MACOSX/._painting-27.jpg,exclude-sidecar,Filesystem sidecar; not game artwork,9f2e094797a5456a08b044c3aaf595a2aa5d5a0b03d08a18ae4f1e353a093ebe
work/full-audit/downloads/mega-assets-expansion-v1/tiddybub-2d-assets.zip,tiddybub-2d-assets/fantasy/oga-30-authentic-medieval-or-least-old-paintings/30-paintings_unpacked/__MACOSX/._painting-29.jpg,exclude-sidecar,Filesystem sidecar; not game artwork,6d05b1da5c7c873329646cd924e772b5bf36163c44cd16855b71c1c3838c6d8d
work/full-audit/downloads/mega-assets-expansion-v1/tiddybub-2d-assets.zip,tiddybub-2d-assets/fantasy/oga-30-authentic-medieval-or-least-old-paintings/30-paintings_unpacked/__MACOSX/._painting-01.jpg,exclude-sidecar,Filesystem sidecar; not game artwork,46a7c5913a2852e461c4f975d4606d09af7e6186cc710d5a9694e0a546306d93
work/full-audit/downloads/mega-assets-expansion-v1/tiddybub-2d-assets.zip,tiddybub-2d-assets/fantasy/oga-30-authentic-medieval-or-least-old-paintings/30-paintings_unpacked/__MACOSX/._painting-37.jpg,exclude-sidecar,Filesystem sidecar; not game artwork,8949e28ebfb65303cbc973a223a4b1f33bd8db5c256fc0021791116a38c2f5bb
work/full-audit/downloads/mega-assets-expansion-v1/tiddybub-2d-assets.zip,tiddybub-2d-assets/fantasy/oga-30-authentic-medieval-or-least-old-paintings/30-paintings_unpacked/__MACOSX/._painting-35.jpg,exclude-sidecar,Filesystem sidecar; not game artwork,25246c819bcce2e8d62b3eefb51611383df36926a248b4123203d363554ffbce
work/full-audit/downloads/mega-assets-expansion-v1/tiddybub-2d-assets.zip,tiddybub-2d-assets/fantasy/oga-30-authentic-medieval-or-least-old-paintings/30-paintings_unpacked/__MACOSX/._painting-25.jpg,exclude-sidecar,Filesystem sidecar; not game artwork,e6c67fa7bd194ceb9fbdbe5243950d66c965bf3284d867872dc06a2287cca8bf
work/full-audit/downloads/mega-assets-expansion-v1/tiddybub-2d-assets.zip,tiddybub-2d-assets/fantasy/oga-30-authentic-medieval-or-least-old-paintings/30-paintings_unpacked/__MACOSX/._painting-15.jpg,exclude-sidecar,Filesystem sidecar; not game artwork,8e365632045b1f5d42efcab7f9ca80243991a23ae1c550ae4dcb1bb42e3cff53
work/full-audit/downloads/mega-assets-expansion-v1/tiddybub-2d-assets.zip,tiddybub-2d-assets/fantasy/oga-30-authentic-medieval-or-least-old-paintings/30-paintings_unpacked/__MACOSX/._painting-04.jpg,exclude-sidecar,Filesystem sidecar; not game artwork,83ebf5c60049e77101082eb10ef3c1cfa203a32cae3959b1957b712f46e0af4f
work/full-audit/downloads/mega-assets-expansion-v1/tiddybub-2d-assets.zip,tiddybub-2d-assets/fantasy/oga-30-authentic-medieval-or-least-old-paintings/30-paintings_unpacked/__MACOSX/._painting-02.jpg,exclude-sidecar,Filesystem sidecar; not game artwork,e7087471cacbbb4d25d2cbb318491d14deca22c0ea2bb7639ea2d57751e61547
work/full-audit/downloads/mega-assets-expansion-v1/tiddybub-2d-assets.zip,tiddybub-2d-assets/fantasy/oga-30-authentic-medieval-or-least-old-paintings/30-paintings_unpacked/__MACOSX/._painting-24.jpg,exclude-sidecar,Filesystem sidecar; not game artwork,9cd4b2ec570d0c1e33c35e5df4a394983e28ad2dc8fefa85fb8f571b383325f3
work/full-audit/downloads/mega-assets-expansion-v1/tiddybub-2d-assets.zip,tiddybub-2d-assets/fantasy/oga-30-authentic-medieval-or-least-old-paintings/30-paintings_unpacked/__MACOSX/._painting-16.jpg,exclude-sidecar,Filesystem sidecar; not game artwork,935453dde16563d329eceeee7ad12af760a36ef661b660d08cb058d54387d0e3
work/full-audit/downloads/mega-assets-expansion-v1/tiddybub-2d-assets.zip,tiddybub-2d-assets/fantasy/roguelike-modern-city/Tiles/tile_0006.png,image-uniform,Context review: possible texture/font-space/timing/padding; not automatically corruption,a46522c9230d2c6741177447f4de8b5a8f50ff063e157836f9b7bd4303f42697
work/full-audit/downloads/mega-assets-expansion-v1/tiddybub-2d-assets.zip,tiddybub-2d-assets/fantasy/roguelike-modern-city/Tiles/tile_0022.png,image-uniform,Context review: possible texture/font-space/timing/padding; not automatically corruption,27d21b8f2ad9f15e1e1ac0e7dd3e1784b8a51117070f183be2adc92c78c8ee3d
work/full-audit/downloads/mega-assets-expansion-v1/tiddybub-2d-assets.zip,tiddybub-2d-assets/fantasy/roguelike-modern-city/Tiles/tile_0030.png,image-uniform,Context review: possible texture/font-space/timing/padding; not automatically corruption,dc019ff31ae3c4e8a521135dceee96c271692870787cfb4b945b841172e77830
work/full-audit/downloads/mega-assets-expansion-v1/tiddybub-2d-assets.zip,tiddybub-2d-assets/fantasy/roguelike-modern-city/Tiles/tile_0014.png,image-uniform,Context review: possible texture/font-space/timing/padding; not automatically corruption,a14db732f04be9eed97ca873dcc73a7dc28d2fe72b2f067b9c6eb1200933aec5
work/full-audit/downloads/mega-assets-expansion-v1/tiddybub-2d-assets.zip,tiddybub-2d-assets/fantasy/micro-roguelike/Tiles/Colored/tile_0017.png,image-uniform,Context review: possible texture/font-space/timing/padding; not automatically corruption,2437f696b790af6aa3b9b4abf3afa9f9d4c71fc0b855ac45a1623ee7b4ea832e
work/full-audit/downloads/mega-assets-expansion-v1/tiddybub-2d-assets.zip,tiddybub-2d-assets/fantasy/micro-roguelike/Tiles/Monochrome/tile_0017.png,image-uniform,Context review: possible texture/font-space/timing/padding; not automatically corruption,2437f696b790af6aa3b9b4abf3afa9f9d4c71fc0b855ac45a1623ee7b4ea832e
work/full-audit/downloads/mega-assets-expansion-v1/tiddybub-2d-assets.zip,tiddybub-2d-assets/fantasy/desert-shooter-pack/PNG/Interface/Tiles/tile_0028.png,image-uniform,Context review: possible texture/font-space/timing/padding; not automatically corruption,0c6f5466cf01f83a090fcf7ee6155ea9db224bd3bc888812320fb671c922c840
work/full-audit/downloads/mega-assets-expansion-v1/tiddybub-2d-assets.zip,tiddybub-2d-assets/fantasy/desert-shooter-pack/PNG/Interface/Tiles/tile_0031.png,image-uniform,Context review: possible texture/font-space/timing/padding; not automatically corruption,76d1f0982e100e3819215761cce2aa9e384165c8fbff7a1f57e567c5d539e9bd
work/full-audit/downloads/mega-assets-expansion-v1/tiddybub-2d-assets.zip,tiddybub-2d-assets/fantasy/desert-shooter-pack/PNG/Interface/Tiles/tile_0025.png,image-uniform,Context review: possible texture/font-space/timing/padding; not automatically corruption,30f3f57efb48adce2477031deaf2c119aa4c1ca0e72d530aadb580e5ba8e8aaa
work/full-audit/downloads/mega-assets-expansion-v1/tiddybub-2d-assets.zip,tiddybub-2d-assets/fantasy/desert-shooter-pack/PNG/Interface/Tiles/tile_0034.png,image-uniform,Context review: possible texture/font-space/timing/padding; not automatically corruption,3f97ef7911c98f76c8aa52ff6987cb7d71004042cb05540e9bc340950753fcbd
work/full-audit/downloads/mega-assets-expansion-v1/tiddybub-2d-assets.zip,tiddybub-2d-assets/fantasy/desert-shooter-pack/PNG/Interface/Tiles/tile_0022.png,image-uniform,Context review: possible texture/font-space/timing/padding; not automatically corruption,3b621f5d5444b747c67f4016028562d9d2a56933e84eb8d901824d32b9f19e27
work/full-audit/downloads/mega-assets-expansion-v1/tiddybub-2d-assets.zip,tiddybub-2d-assets/fantasy/desert-shooter-pack/PNG/Interface/Tiles/tile_0088.png,image-fully-transparent,Context review: possible texture/font-space/timing/padding; not automatically corruption,7055b76c0befa453a4d10e8e0be54f47b4d29e99fe8b72084ceb14b7e29ae51c
work/full-audit/downloads/mega-assets-expansion-v1/tiddybub-2d-assets.zip,tiddybub-2d-assets/fantasy/desert-shooter-pack/PNG/Interface/Tiles/tile_0019.png,image-uniform,Context review: possible texture/font-space/timing/padding; not automatically corruption,3b621f5d5444b747c67f4016028562d9d2a56933e84eb8d901824d32b9f19e27
work/full-audit/downloads/mega-assets-expansion-v1/tiddybub-2d-assets.zip,tiddybub-2d-assets/fantasy/desert-shooter-pack/PNG/Tiles/Tiles/tile_0140.png,image-uniform,Context review: possible texture/font-space/timing/padding; not automatically corruption,3858c7d29a3153aa46d6b3a4d471256f22768ace9da69163ff196ec304b05c72
work/full-audit/downloads/mega-assets-expansion-v1/tiddybub-2d-assets.zip,tiddybub-2d-assets/fantasy/desert-shooter-pack/PNG/Tiles/Tiles/tile_0070.png,image-uniform,Context review: possible texture/font-space/timing/padding; not automatically corruption,0c6f5466cf01f83a090fcf7ee6155ea9db224bd3bc888812320fb671c922c840
work/full-audit/downloads/mega-assets-expansion-v1/tiddybub-2d-assets.zip,tiddybub-2d-assets/fantasy/desert-shooter-pack/PNG/Tiles/Tiles/tile_0034.png,image-uniform,Context review: possible texture/font-space/timing/padding; not automatically corruption,e2267125fbb57dd36d985d3537dd24a7706731bf987f70741a2eeee5553c3648
work/full-audit/downloads/mega-assets-expansion-v1/tiddybub-2d-assets.zip,tiddybub-2d-assets/fantasy/desert-shooter-pack/PNG/Tiles/Tiles/tile_0119.png,image-uniform,Context review: possible texture/font-space/timing/padding; not automatically corruption,e2267125fbb57dd36d985d3537dd24a7706731bf987f70741a2eeee5553c3648
work/full-audit/downloads/mega-assets-expansion-v1/tiddybub-2d-assets.zip,tiddybub-2d-assets/fantasy/desert-shooter-pack/PNG/Tiles/Tiles/tile_0114.png,image-uniform,Context review: possible texture/font-space/timing/padding; not automatically corruption,09c0eb474b2ba06fc05ab6167e3f1df190691f80783f44b4c999447a9786af60
work/full-audit/downloads/mega-assets-expansion-v1/tiddybub-2d-assets.zip,tiddybub-2d-assets/fantasy/desert-shooter-pack/PNG/Tiles/Tiles/tile_0064.png,image-uniform,Context review: possible texture/font-space/timing/padding; not automatically corruption,6a9b91b8f8ac26a2b21001b95a84976e1ef5a7953748bdb249cb7fde1c2fe572
work/full-audit/downloads/mega-assets-expansion-v1/tiddybub-2d-assets.zip,tiddybub-2d-assets/fantasy/desert-shooter-pack/PNG/Tiles/Tiles/tile_0173.png,image-uniform,Context review: possible texture/font-space/timing/padding; not automatically corruption,a6de67dc19a8d80ac8abadb88e55d84ff31d430db7c32578295305c1b5c82cad
work/full-audit/downloads/mega-assets-expansion-v1/tiddybub-2d-assets.zip,tiddybub-2d-assets/fantasy/desert-shooter-pack/PNG/Tiles/Tiles/tile_0109.png,image-uniform,Context review: possible texture/font-space/timing/padding; not automatically corruption,33012405758ab1bd14eb25c1abd7dcb35f0dc6d5fdb2657911b523fc3d7a930c
work/full-audit/downloads/mega-assets-expansion-v1/tiddybub-2d-assets.zip,tiddybub-2d-assets/fantasy/desert-shooter-pack/PNG/Tiles/Tiles/tile_0029.png,image-uniform,Context review: possible texture/font-space/timing/padding; not automatically corruption,e2267125fbb57dd36d985d3537dd24a7706731bf987f70741a2eeee5553c3648
work/full-audit/downloads/mega-assets-expansion-v1/tiddybub-2d-assets.zip,tiddybub-2d-assets/fantasy/monochrome-pirates/Dot Matrix/Tiles/tile_0057.png,image-uniform,Context review: possible texture/font-space/timing/padding; not automatically corruption,51f2f5afd597cf211b06215f746674ee23bf86ae29dabac53de3ec1615d61a69
work/full-audit/downloads/mega-assets-expansion-v1/tiddybub-2d-assets.zip,tiddybub-2d-assets/fantasy/monochrome-pirates/Dot Matrix/Tiles/tile_0000.png,image-uniform,Context review: possible texture/font-space/timing/padding; not automatically corruption,721770ff098f624775b36bfb5a20644132eb490b1b8b6e0bb237e5d7eee62bca
work/full-audit/downloads/mega-assets-expansion-v1/tiddybub-2d-assets.zip,tiddybub-2d-assets/fantasy/monochrome-pirates/Dot Matrix/Tiles/tile_0017.png,image-uniform,Context review: possible texture/font-space/timing/padding; not automatically corruption,8445d6ec6a8728e687416d4911fe6db13cddb091feb68148f0f1cf6361a213e8
work/full-audit/downloads/mega-assets-expansion-v1/tiddybub-2d-assets.zip,tiddybub-2d-assets/fantasy/monochrome-pirates/Monochrome/Tiles/tile_0057.png,image-uniform,Context review: possible texture/font-space/timing/padding; not automatically corruption,3cda9a435e73c5569b76877941b335e4063cbf2fe2a31c50fc07ce05fb08985f
work/full-audit/downloads/mega-assets-expansion-v1/tiddybub-2d-assets.zip,tiddybub-2d-assets/fantasy/monochrome-pirates/Monochrome/Tiles/tile_0000.png,image-uniform,Context review: possible texture/font-space/timing/padding; not automatically corruption,928472ab843025677cfa56511dda1ca3c1147bf1e35e9c843e49489fea3764f3
work/full-audit/downloads/mega-assets-expansion-v1/tiddybub-2d-assets.zip,tiddybub-2d-assets/fantasy/monochrome-pirates/Monochrome/Tiles/tile_0017.png,image-uniform,Context review: possible texture/font-space/timing/padding; not automatically corruption,3e7235c687a3fcd23ed3afa5f81b2f2397727690812350ea7d9798e6e9bfebd6
work/full-audit/downloads/mega-assets-expansion-v1/tiddybub-2d-assets.zip,tiddybub-2d-assets/fantasy/monochrome-pirates/Default/Tiles/tile_0057.png,image-uniform,Context review: possible texture/font-space/timing/padding; not automatically corruption,1f189559c8f0b29054ac23c2bcf1fdf7849b41f388cc7ace6f5d23722693c102
work/full-audit/downloads/mega-assets-expansion-v1/tiddybub-2d-assets.zip,tiddybub-2d-assets/fantasy/monochrome-pirates/Default/Tiles/tile_0000.png,image-uniform,Context review: possible texture/font-space/timing/padding; not automatically corruption,3b8dc9be7eeb4f0ea9afea1703b2146ffe6680e692a31051e27cdd357463f544
work/full-audit/downloads/mega-assets-expansion-v1/tiddybub-2d-assets.zip,tiddybub-2d-assets/fantasy/monochrome-pirates/Default/Tiles/tile_0017.png,image-uniform,Context review: possible texture/font-space/timing/padding; not automatically corruption,d2c3e4d7c75cd986abd0024f64e031b3a2b157f76484654c0e9562d1f9428d9e
work/full-audit/downloads/mega-assets-expansion-v1/tiddybub-2d-assets.zip,tiddybub-2d-assets/fantasy/pirate-pack/PNG/Retina/Tiles/tile_23.png,image-uniform,Context review: possible texture/font-space/timing/padding; not automatically corruption,6e610a1f7faf5f7ded8373224034bf649c62306638cf8fa224c0935ea23f7a8c
work/full-audit/downloads/mega-assets-expansion-v1/tiddybub-2d-assets.zip,tiddybub-2d-assets/fantasy/pirate-pack/PNG/Retina/Tiles/tile_18.png,image-uniform,Context review: possible texture/font-space/timing/padding; not automatically corruption,b7cd3f31f0b7275ff07e1552013d182bc0539b4e15c703b0f01645733cfb4467
work/full-audit/downloads/mega-assets-expansion-v1/tiddybub-2d-assets.zip,tiddybub-2d-assets/fantasy/pirate-pack/PNG/Default size/Tiles/tile_23.png,image-uniform,Context review: possible texture/font-space/timing/padding; not automatically corruption,fffc698b343b5348a9a1130f143c0009b62e25a66ed8efeab9d18894622666cc
work/full-audit/downloads/mega-assets-expansion-v1/tiddybub-2d-assets.zip,tiddybub-2d-assets/fantasy/pirate-pack/PNG/Default size/Tiles/tile_18.png,image-uniform,Context review: possible texture/font-space/timing/padding; not automatically corruption,28d37afe01383ec98f8d951240cd8b20dc6ba90ff766edc2c6d25cb1a6635af6
work/full-audit/downloads/mega-assets-expansion-v1/tiddybub-2d-assets.zip,tiddybub-2d-assets/fantasy/oga-elven-dagger/elven%20dagger.psd,secondary-decoder-pass,Decoded with ImageMagick instead of Pillow,acba9a07892d751ef21eb9dfb84b446a6aec81e9d87c64a678136249bfff004d
work/full-audit/downloads/mega-assets-expansion-v1/tiddybub-2d-assets.zip,tiddybub-2d-assets/sci-fi/oga-the-sun/sun.psd,secondary-decoder-pass,Decoded with ImageMagick instead of Pillow,0be2705fd87d74516f37933966676b2311770d5f1e7c422a59bf6b6413e5dcbf
work/full-audit/downloads/mega-assets-expansion-v1/tiddybub-2d-assets.zip,tiddybub-2d-assets/sci-fi/oga-3d-pipes/pipes_texture_unpacked/__MACOSX/._pipes_tex.png,exclude-sidecar,Filesystem sidecar; not game artwork,75c0218ec2d442253d3cf2fe6c1c598cf3953b6ddb121fb8450f5a183473c69b
work/full-audit/downloads/mega-assets-expansion-v1/tiddybub-2d-assets.zip,tiddybub-2d-assets/sci-fi/oga-faces-0/faces_unpacked/Faces/Sources/4.psd,secondary-decoder-pass,Decoded with ImageMagick instead of Pillow,c33cccdde7bce0f79736e6f5b32091893411ee3c3d47b1b3fb6d2da6860a8860
work/full-audit/downloads/mega-assets-expansion-v1/tiddybub-2d-assets.zip,tiddybub-2d-assets/sci-fi/oga-grungy-lights-texture-pack/grungy_lights_unpacked/lights/light003_shell_sm.png,image-uniform,Context review: possible texture/font-space/timing/padding; not automatically corruption,1ea0648911a4ffa2e1a1fe4e0e7fbba941f6faaedb2bea7d2ce2d60ade642dfb
work/full-audit/downloads/mega-assets-expansion-v2/papyszoo-cc0-sprites.zip,papyszoo-cc0-sprites/packs/pixelboy-western-fps-2d/sprites/particles_blood-2.png,image-uniform,Context review: possible texture/font-space/timing/padding; not automatically corruption,7d8c471db8a0ddeb06c7b1d4d51a14e7a3c9b2d16a7b1b4e728eb2bf04a37fc8
work/full-audit/downloads/mega-assets-expansion-v2/papyszoo-cc0-sprites.zip,papyszoo-cc0-sprites/packs/kenney-desert-shooter-pack/sprites/Interface/Tiles/tile_0028.png,image-uniform,Context review: possible texture/font-space/timing/padding; not automatically corruption,0c6f5466cf01f83a090fcf7ee6155ea9db224bd3bc888812320fb671c922c840
work/full-audit/downloads/mega-assets-expansion-v2/papyszoo-cc0-sprites.zip,papyszoo-cc0-sprites/packs/kenney-desert-shooter-pack/sprites/Interface/Tiles/tile_0031.png,image-uniform,Context review: possible texture/font-space/timing/padding; not automatically corruption,76d1f0982e100e3819215761cce2aa9e384165c8fbff7a1f57e567c5d539e9bd
work/full-audit/downloads/mega-assets-expansion-v2/papyszoo-cc0-sprites.zip,papyszoo-cc0-sprites/packs/kenney-desert-shooter-pack/sprites/Interface/Tiles/tile_0025.png,image-uniform,Context review: possible texture/font-space/timing/padding; not automatically corruption,30f3f57efb48adce2477031deaf2c119aa4c1ca0e72d530aadb580e5ba8e8aaa
work/full-audit/downloads/mega-assets-expansion-v2/papyszoo-cc0-sprites.zip,papyszoo-cc0-sprites/packs/kenney-desert-shooter-pack/sprites/Interface/Tiles/tile_0034.png,image-uniform,Context review: possible texture/font-space/timing/padding; not automatically corruption,3f97ef7911c98f76c8aa52ff6987cb7d71004042cb05540e9bc340950753fcbd
work/full-audit/downloads/mega-assets-expansion-v2/papyszoo-cc0-sprites.zip,papyszoo-cc0-sprites/packs/kenney-desert-shooter-pack/sprites/Interface/Tiles/tile_0022.png,image-uniform,Context review: possible texture/font-space/timing/padding; not automatically corruption,3b621f5d5444b747c67f4016028562d9d2a56933e84eb8d901824d32b9f19e27
work/full-audit/downloads/mega-assets-expansion-v2/papyszoo-cc0-sprites.zip,papyszoo-cc0-sprites/packs/kenney-desert-shooter-pack/sprites/Interface/Tiles/tile_0088.png,image-fully-transparent,Context review: possible texture/font-space/timing/padding; not automatically corruption,7055b76c0befa453a4d10e8e0be54f47b4d29e99fe8b72084ceb14b7e29ae51c
work/full-audit/downloads/mega-assets-expansion-v2/papyszoo-cc0-sprites.zip,papyszoo-cc0-sprites/packs/kenney-desert-shooter-pack/sprites/Interface/Tiles/tile_0019.png,image-uniform,Context review: possible texture/font-space/timing/padding; not automatically corruption,3b621f5d5444b747c67f4016028562d9d2a56933e84eb8d901824d32b9f19e27
work/full-audit/downloads/mega-assets-expansion-v2/papyszoo-cc0-sprites.zip,papyszoo-cc0-sprites/packs/kenney-desert-shooter-pack/sprites/Tiles/Tiles/tile_0140.png,image-uniform,Context review: possible texture/font-space/timing/padding; not automatically corruption,3858c7d29a3153aa46d6b3a4d471256f22768ace9da69163ff196ec304b05c72
work/full-audit/downloads/mega-assets-expansion-v2/papyszoo-cc0-sprites.zip,papyszoo-cc0-sprites/packs/kenney-desert-shooter-pack/sprites/Tiles/Tiles/tile_0070.png,image-uniform,Context review: possible texture/font-space/timing/padding; not automatically corruption,0c6f5466cf01f83a090fcf7ee6155ea9db224bd3bc888812320fb671c922c840
work/full-audit/downloads/mega-assets-expansion-v2/papyszoo-cc0-sprites.zip,papyszoo-cc0-sprites/packs/kenney-desert-shooter-pack/sprites/Tiles/Tiles/tile_0034.png,image-uniform,Context review: possible texture/font-space/timing/padding; not automatically corruption,e2267125fbb57dd36d985d3537dd24a7706731bf987f70741a2eeee5553c3648
work/full-audit/downloads/mega-assets-expansion-v2/papyszoo-cc0-sprites.zip,papyszoo-cc0-sprites/packs/kenney-desert-shooter-pack/sprites/Tiles/Tiles/tile_0119.png,image-uniform,Context review: possible texture/font-space/timing/padding; not automatically corruption,e2267125fbb57dd36d985d3537dd24a7706731bf987f70741a2eeee5553c3648
work/full-audit/downloads/mega-assets-expansion-v2/papyszoo-cc0-sprites.zip,papyszoo-cc0-sprites/packs/kenney-desert-shooter-pack/sprites/Tiles/Tiles/tile_0114.png,image-uniform,Context review: possible texture/font-space/timing/padding; not automatically corruption,09c0eb474b2ba06fc05ab6167e3f1df190691f80783f44b4c999447a9786af60
work/full-audit/downloads/mega-assets-expansion-v2/papyszoo-cc0-sprites.zip,papyszoo-cc0-sprites/packs/kenney-desert-shooter-pack/sprites/Tiles/Tiles/tile_0064.png,image-uniform,Context review: possible texture/font-space/timing/padding; not automatically corruption,6a9b91b8f8ac26a2b21001b95a84976e1ef5a7953748bdb249cb7fde1c2fe572
work/full-audit/downloads/mega-assets-expansion-v2/papyszoo-cc0-sprites.zip,papyszoo-cc0-sprites/packs/kenney-desert-shooter-pack/sprites/Tiles/Tiles/tile_0173.png,image-uniform,Context review: possible texture/font-space/timing/padding; not automatically corruption,a6de67dc19a8d80ac8abadb88e55d84ff31d430db7c32578295305c1b5c82cad
work/full-audit/downloads/mega-assets-expansion-v2/papyszoo-cc0-sprites.zip,papyszoo-cc0-sprites/packs/kenney-desert-shooter-pack/sprites/Tiles/Tiles/tile_0109.png,image-uniform,Context review: possible texture/font-space/timing/padding; not automatically corruption,33012405758ab1bd14eb25c1abd7dcb35f0dc6d5fdb2657911b523fc3d7a930c
work/full-audit/downloads/mega-assets-expansion-v2/papyszoo-cc0-sprites.zip,papyszoo-cc0-sprites/packs/kenney-desert-shooter-pack/sprites/Tiles/Tiles/tile_0029.png,image-uniform,Context review: possible texture/font-space/timing/padding; not automatically corruption,e2267125fbb57dd36d985d3537dd24a7706731bf987f70741a2eeee5553c3648
work/full-audit/downloads/mega-assets-expansion-v2/papyszoo-cc0-sprites.zip,papyszoo-cc0-sprites/packs/pixelboy-rpg-battle-system/sprites/HUD_bar_red.png,image-uniform,Context review: possible texture/font-space/timing/padding; not automatically corruption,bb1e9c5965b0419cb6e58ee02d4f27671559611322837008be9795e3e95620df
work/full-audit/downloads/mega-assets-expansion-v2/papyszoo-cc0-sprites.zip,papyszoo-cc0-sprites/packs/pixelboy-rpg-battle-system/sprites/HUD_bar_green.png,image-uniform,Context review: possible texture/font-space/timing/padding; not automatically corruption,63b49c6968a4a397a89f6b141c070252d80745705fddfeabc416fd4a60b71d6c
work/full-audit/downloads/mega-assets-expansion-v2/papyszoo-cc0-sprites.zip,papyszoo-cc0-sprites/packs/pixelboy-rpg-battle-system/sprites/HUD_bar_yellow.png,image-uniform,Context review: possible texture/font-space/timing/padding; not automatically corruption,78736015b1e13e047346b6e1a790fefdc3de8bb585bf9498a623dc5ffdca4b14
work/full-audit/downloads/mega-assets-expansion-v2/papyszoo-cc0-sprites.zip,papyszoo-cc0-sprites/packs/pixelboy-rpg-battle-system/sprites/HUD_bar_purple.png,image-uniform,Context review: possible texture/font-space/timing/padding; not automatically corruption,c116c9b8ac4f7d0582fd3f573258420fffabaa7316b360b51aab3a552543552e
work/full-audit/downloads/mega-assets-expansion-v2/papyszoo-cc0-sprites.zip,papyszoo-cc0-sprites/packs/kenney-minimap-pack/sprites/Style E/tile_0015.png,image-uniform,Context review: possible texture/font-space/timing/padding; not automatically corruption,36ab7348c2eda7955f7cf302c9c84ba1115193e910d10fd29cec367dcbb6e38b
work/full-audit/downloads/mega-assets-expansion-v2/papyszoo-cc0-sprites.zip,papyszoo-cc0-sprites/packs/kenney-minimap-pack/sprites/Style E/tile_0014.png,image-uniform,Context review: possible texture/font-space/timing/padding; not automatically corruption,0bfbdeb4eb43dd7fece114e7ea3711bab5b995fabfc9bdae65e5e8be11025985
work/full-audit/downloads/mega-assets-expansion-v2/papyszoo-cc0-sprites.zip,papyszoo-cc0-sprites/packs/kenney-minimap-pack/sprites/Style E/tile_0020.png,image-uniform,Context review: possible texture/font-space/timing/padding; not automatically corruption,231b0b112695b542bd500c03fe5386f79eccc9eda998b3fa7be4b95e20d04bbd
work/full-audit/downloads/mega-assets-expansion-v2/papyszoo-cc0-sprites.zip,papyszoo-cc0-sprites/packs/kenney-minimap-pack/sprites/Style D/tile_0015.png,image-uniform,Context review: possible texture/font-space/timing/padding; not automatically corruption,36ab7348c2eda7955f7cf302c9c84ba1115193e910d10fd29cec367dcbb6e38b
work/full-audit/downloads/mega-assets-expansion-v2/papyszoo-cc0-sprites.zip,papyszoo-cc0-sprites/packs/kenney-minimap-pack/sprites/Style D/tile_0014.png,image-uniform,Context review: possible texture/font-space/timing/padding; not automatically corruption,3811edbac6b3ccfcf562e886be263324280d3bf8fb03b4c93e65a743c139911f
work/full-audit/downloads/mega-assets-expansion-v2/papyszoo-cc0-sprites.zip,papyszoo-cc0-sprites/packs/kenney-minimap-pack/sprites/Style D/tile_0020.png,image-uniform,Context review: possible texture/font-space/timing/padding; not automatically corruption,231b0b112695b542bd500c03fe5386f79eccc9eda998b3fa7be4b95e20d04bbd
work/full-audit/downloads/mega-assets-expansion-v2/papyszoo-cc0-sprites.zip,papyszoo-cc0-sprites/packs/kenney-minimap-pack/sprites/Style A/tile_0015.png,image-uniform,Context review: possible texture/font-space/timing/padding; not automatically corruption,36ab7348c2eda7955f7cf302c9c84ba1115193e910d10fd29cec367dcbb6e38b
work/full-audit/downloads/mega-assets-expansion-v2/papyszoo-cc0-sprites.zip,papyszoo-cc0-sprites/packs/kenney-minimap-pack/sprites/Style A/tile_0014.png,image-uniform,Context review: possible texture/font-space/timing/padding; not automatically corruption,f1dbfd3e86defab264b56ff3fe6e38eb749919b38e1e409108f155e343fc0a5a
work/full-audit/downloads/mega-assets-expansion-v2/papyszoo-cc0-sprites.zip,papyszoo-cc0-sprites/packs/kenney-minimap-pack/sprites/Style A/tile_0020.png,image-uniform,Context review: possible texture/font-space/timing/padding; not automatically corruption,231b0b112695b542bd500c03fe5386f79eccc9eda998b3fa7be4b95e20d04bbd
work/full-audit/downloads/mega-assets-expansion-v2/papyszoo-cc0-sprites.zip,papyszoo-cc0-sprites/packs/kenney-minimap-pack/sprites/Style C/tile_0014.png,image-uniform,Context review: possible texture/font-space/timing/padding; not automatically corruption,72622a1da25b684f226872415b3dc1dce9cf56b4f6f1be538965d1a95b9a000a
work/full-audit/downloads/mega-assets-expansion-v2/papyszoo-cc0-sprites.zip,papyszoo-cc0-sprites/packs/kenney-minimap-pack/sprites/Style F/tile_0015.png,image-uniform,Context review: possible texture/font-space/timing/padding; not automatically corruption,36ab7348c2eda7955f7cf302c9c84ba1115193e910d10fd29cec367dcbb6e38b
work/full-audit/downloads/mega-assets-expansion-v2/papyszoo-cc0-sprites.zip,papyszoo-cc0-sprites/packs/kenney-minimap-pack/sprites/Style F/tile_0014.png,image-uniform,Context review: possible texture/font-space/timing/padding; not automatically corruption,2f160daa0d7d10cab296de95516ba3295b296588296e1b5a31df47e61067ddce
work/full-audit/downloads/mega-assets-expansion-v2/papyszoo-cc0-sprites.zip,papyszoo-cc0-sprites/packs/kenney-minimap-pack/sprites/Style F/tile_0020.png,image-uniform,Context review: possible texture/font-space/timing/padding; not automatically corruption,231b0b112695b542bd500c03fe5386f79eccc9eda998b3fa7be4b95e20d04bbd
work/full-audit/downloads/mega-assets-expansion-v2/papyszoo-cc0-sprites.zip,papyszoo-cc0-sprites/packs/kenney-minimap-pack/sprites/Style B/tile_0014.png,image-uniform,Context review: possible texture/font-space/timing/padding; not automatically corruption,2f160daa0d7d10cab296de95516ba3295b296588296e1b5a31df47e61067ddce
work/full-audit/downloads/mega-assets-expansion-v2/papyszoo-cc0-sprites.zip,papyszoo-cc0-sprites/packs/kenney-tower-defense-top-down/sprites/Retina/towerDefense_tile188.png,image-uniform,Context review: possible texture/font-space/timing/padding; not automatically corruption,045b65e168e1f0285bee3749a41ba807cf33ee81a023b8b458f09882adfa728f
work/full-audit/downloads/mega-assets-expansion-v2/papyszoo-cc0-sprites.zip,papyszoo-cc0-sprites/packs/kenney-tower-defense-top-down/sprites/Retina/towerDefense_tile198.png,image-uniform,Context review: possible texture/font-space/timing/padding; not automatically corruption,35b636a798526484425837dde797fe1b0e014f09b7d97717a5ff580f8a4303c4
work/full-audit/downloads/mega-assets-expansion-v2/papyszoo-cc0-sprites.zip,papyszoo-cc0-sprites/packs/kenney-tower-defense-top-down/sprites/Retina/towerDefense_tile124.png,image-uniform,Context review: possible texture/font-space/timing/padding; not automatically corruption,3f55fc9bfae38bd061f0d9841ca63a7f415db4c4ff8b568af29940e559c73382
work/full-audit/downloads/mega-assets-expansion-v2/papyszoo-cc0-sprites.zip,papyszoo-cc0-sprites/packs/kenney-tower-defense-top-down/sprites/Retina/towerDefense_tile055.png,image-uniform,Context review: possible texture/font-space/timing/padding; not automatically corruption,2bd4f08e4c40c691861e4b7faf2ed84245805c7ebb9283005f9751ac4beccb9c
work/full-audit/downloads/mega-assets-expansion-v2/papyszoo-cc0-sprites.zip,papyszoo-cc0-sprites/packs/kenney-tower-defense-top-down/sprites/Retina/towerDefense_tile262.png,image-uniform,Context review: possible texture/font-space/timing/padding; not automatically corruption,7d215475d576c49956a420d6317750c49a3e2fbb8f2657d0d6c6af21ef847079
work/full-audit/downloads/mega-assets-expansion-v2/papyszoo-cc0-sprites.zip,papyszoo-cc0-sprites/packs/kenney-tower-defense-top-down/sprites/Retina/towerDefense_tile050.png,image-uniform,Context review: possible texture/font-space/timing/padding; not automatically corruption,0db8fba05acbc36808299d761355d4763352852187ecb5c5709aa0afa3785057
work/full-audit/downloads/mega-assets-expansion-v2/papyszoo-cc0-sprites.zip,papyszoo-cc0-sprites/packs/kenney-tower-defense-top-down/sprites/Retina/towerDefense_tile267.png,image-uniform,Context review: possible texture/font-space/timing/padding; not automatically corruption,80d6e67a2845d9d12d0e5b1e0db78d8a6db86774c2559f4063c7a24a92c97d7a
work/full-audit/downloads/mega-assets-expansion-v2/papyszoo-cc0-sprites.zip,papyszoo-cc0-sprites/packs/kenney-tower-defense-top-down/sprites/Retina/towerDefense_tile119.png,image-uniform,Context review: possible texture/font-space/timing/padding; not automatically corruption,e66a0d9e96347bf2227294e35e91e7c3fa856e48cecc7bb1d58251eb4b3bcd40
work/full-audit/downloads/mega-assets-expansion-v2/papyszoo-cc0-sprites.zip,papyszoo-cc0-sprites/packs/kenney-tower-defense-top-down/sprites/Retina/towerDefense_tile129.png,image-uniform,Context review: possible texture/font-space/timing/padding; not automatically corruption,e52c6b0c2383fcf7799d0288cd3ad5ea2fa0eb72eca0ac86846aacb858626f52
work/full-audit/downloads/mega-assets-expansion-v2/papyszoo-cc0-sprites.zip,papyszoo-cc0-sprites/packs/kenney-tower-defense-top-down/sprites/Retina/towerDefense_tile060.png,image-uniform,Context review: possible texture/font-space/timing/padding; not automatically corruption,18e81a2a4e2c4edd8113e705d251d501977fd2a8d7d97b03bcb626af626a151a
work/full-audit/downloads/mega-assets-expansion-v2/papyszoo-cc0-sprites.zip,papyszoo-cc0-sprites/packs/kenney-tower-defense-top-down/sprites/Retina/towerDefense_tile193.png,image-uniform,Context review: possible texture/font-space/timing/padding; not automatically corruption,2aa7c463b40e2d3943e51aa4711f15dac5470a434ec4278ca23c504853cfd293
work/full-audit/downloads/mega-assets-expansion-v2/papyszoo-cc0-sprites.zip,papyszoo-cc0-sprites/packs/kenney-tower-defense-top-down/sprites/Retina/towerDefense_tile257.png,image-uniform,Context review: possible texture/font-space/timing/padding; not automatically corruption,d5af3f4fd48080962300974c1242716e24ea556f60bd0c0f74a92aa0457e2ea8
work/full-audit/downloads/mega-assets-expansion-v2/papyszoo-cc0-sprites.zip,papyszoo-cc0-sprites/packs/kenney-tower-defense-top-down/sprites/Default size/towerDefense_tile188.png,image-uniform,Context review: possible texture/font-space/timing/padding; not automatically corruption,564225325672b78b79a77dbcf5f8410b848fd49aa758662b4a0ec97d2f2d77d5
work/full-audit/downloads/mega-assets-expansion-v2/papyszoo-cc0-sprites.zip,papyszoo-cc0-sprites/packs/kenney-tower-defense-top-down/sprites/Default size/towerDefense_tile198.png,image-uniform,Context review: possible texture/font-space/timing/padding; not automatically corruption,4e2fd0d5262a271e644182bfbaf7654845d5e8d87efc9ddc457662ffd320eec0
work/full-audit/downloads/mega-assets-expansion-v2/papyszoo-cc0-sprites.zip,papyszoo-cc0-sprites/packs/kenney-tower-defense-top-down/sprites/Default size/towerDefense_tile124.png,image-uniform,Context review: possible texture/font-space/timing/padding; not automatically corruption,20d86b863121e20bcf018a7880f09757ccf520d789eb1edaa309154047fe2e22
work/full-audit/downloads/mega-assets-expansion-v2/papyszoo-cc0-sprites.zip,papyszoo-cc0-sprites/packs/kenney-tower-defense-top-down/sprites/Default size/towerDefense_tile055.png,image-uniform,Context review: possible texture/font-space/timing/padding; not automatically corruption,1c802133b5bb85e475b6079b743caa4cf33aea7cf5e2c31e95c4e3debb24a645
work/full-audit/downloads/mega-assets-expansion-v2/papyszoo-cc0-sprites.zip,papyszoo-cc0-sprites/packs/kenney-tower-defense-top-down/sprites/Default size/towerDefense_tile262.png,image-uniform,Context review: possible texture/font-space/timing/padding; not automatically corruption,f1d02b8be1719ff0374e1eaa7ddd5125c0b72480e96e13b68526f30cf4bfdd15
work/full-audit/downloads/mega-assets-expansion-v2/papyszoo-cc0-sprites.zip,papyszoo-cc0-sprites/packs/kenney-tower-defense-top-down/sprites/Default size/towerDefense_tile050.png,image-uniform,Context review: possible texture/font-space/timing/padding; not automatically corruption,9d2362c129669bae9884a0b8e427517d9dc9b7c9b73f6ed2444c7e58a28df30e
work/full-audit/downloads/mega-assets-expansion-v2/papyszoo-cc0-sprites.zip,papyszoo-cc0-sprites/packs/kenney-tower-defense-top-down/sprites/Default size/towerDefense_tile267.png,image-uniform,Context review: possible texture/font-space/timing/padding; not automatically corruption,7ba6b247be07c51c45934a85a3c9587e07f6856ff004699e0bbbc3d0054fb075
work/full-audit/downloads/mega-assets-expansion-v2/papyszoo-cc0-sprites.zip,papyszoo-cc0-sprites/packs/kenney-tower-defense-top-down/sprites/Default size/towerDefense_tile119.png,image-uniform,Context review: possible texture/font-space/timing/padding; not automatically corruption,8784c686d1e582eb4e14253f0f5f0507e245ab25442eef49e18f7d4b4ab29d8b
work/full-audit/downloads/mega-assets-expansion-v2/papyszoo-cc0-sprites.zip,papyszoo-cc0-sprites/packs/kenney-tower-defense-top-down/sprites/Default size/towerDefense_tile129.png,image-uniform,Context review: possible texture/font-space/timing/padding; not automatically corruption,bde3198ae5cb32cef74debe60a1c2a9294ed373ee5354f8e8ed136a4c4b95452
work/full-audit/downloads/mega-assets-expansion-v2/papyszoo-cc0-sprites.zip,papyszoo-cc0-sprites/packs/kenney-tower-defense-top-down/sprites/Default size/towerDefense_tile060.png,image-uniform,Context review: possible texture/font-space/timing/padding; not automatically corruption,7f5b93cfe7a6baa503fa74a71236e6ba2e3341c87914a1a89e25de6676712002
work/full-audit/downloads/mega-assets-expansion-v2/papyszoo-cc0-sprites.zip,papyszoo-cc0-sprites/packs/kenney-tower-defense-top-down/sprites/Default size/towerDefense_tile193.png,image-uniform,Context review: possible texture/font-space/timing/padding; not automatically corruption,495414e90efea1d1e6bd9df7f350072f89756b3290ebc2212ddc1831caaf5ebd
work/full-audit/downloads/mega-assets-expansion-v2/papyszoo-cc0-sprites.zip,papyszoo-cc0-sprites/packs/kenney-tower-defense-top-down/sprites/Default size/towerDefense_tile257.png,image-uniform,Context review: possible texture/font-space/timing/padding; not automatically corruption,f12ab570bbc1fc9e2fd0dfec68a67130b89bdcac5e4e30c0d5d33b3dc3ab7caa
work/full-audit/downloads/mega-assets-expansion-v2/papyszoo-cc0-sprites.zip,papyszoo-cc0-sprites/packs/kenney-pixel-platformer/sprites/tile_0038.png,image-uniform,Context review: possible texture/font-space/timing/padding; not automatically corruption,dffc34b815b01c2a199a8fce511b73294a09f0f003a182c4a16fa0e3a407b085
work/full-audit/downloads/mega-assets-expansion-v2/papyszoo-cc0-sprites.zip,papyszoo-cc0-sprites/packs/kenney-pixel-platformer/sprites/Backgrounds/tile_0004.png,image-uniform,Context review: possible texture/font-space/timing/padding; not automatically corruption,263af9a9100e75073bdec5ac0db5cf91a4de01311ac6bbb79adbf9991e212913
work/full-audit/downloads/mega-assets-expansion-v2/papyszoo-cc0-sprites.zip,papyszoo-cc0-sprites/packs/kenney-pixel-platformer/sprites/Backgrounds/tile_0006.png,image-uniform,Context review: possible texture/font-space/timing/padding; not automatically corruption,07f1f9bc17aa9ae866e5280835f91056feda5829371a3c0b33ba789287d2ac69
work/full-audit/downloads/mega-assets-expansion-v2/papyszoo-cc0-sprites.zip,papyszoo-cc0-sprites/packs/kenney-pixel-platformer/sprites/Backgrounds/tile_0002.png,image-uniform,Context review: possible texture/font-space/timing/padding; not automatically corruption,cd50302f080010eed7d828bfea4868c31b4cca49bb7a60f3cf69494b2e386f42
work/full-audit/downloads/mega-assets-expansion-v2/papyszoo-cc0-sprites.zip,papyszoo-cc0-sprites/packs/kenney-pixel-platformer/sprites/Backgrounds/tile_0007.png,image-uniform,Context review: possible texture/font-space/timing/padding; not automatically corruption,07f1f9bc17aa9ae866e5280835f91056feda5829371a3c0b33ba789287d2ac69
work/full-audit/downloads/mega-assets-expansion-v2/papyszoo-cc0-sprites.zip,papyszoo-cc0-sprites/packs/kenney-pixel-platformer/sprites/Backgrounds/tile_0018.png,image-uniform,Context review: possible texture/font-space/timing/padding; not automatically corruption,bf07c7802ababdf7066e4c7a684e89b156e597f3a221e0b77fe17e23b7103aff
work/full-audit/downloads/mega-assets-expansion-v2/papyszoo-cc0-sprites.zip,papyszoo-cc0-sprites/packs/kenney-pixel-platformer/sprites/Backgrounds/tile_0000.png,image-uniform,Context review: possible texture/font-space/timing/padding; not automatically corruption,cd50302f080010eed7d828bfea4868c31b4cca49bb7a60f3cf69494b2e386f42
work/full-audit/downloads/mega-assets-expansion-v2/papyszoo-cc0-sprites.zip,papyszoo-cc0-sprites/packs/kenney-pixel-platformer/sprites/Backgrounds/tile_0022.png,image-uniform,Context review: possible texture/font-space/timing/padding; not automatically corruption,8f8032fe4f9ea8a23ce2227918a04d9bf6db91e091374bd3f76b35cd11893c34
work/full-audit/downloads/mega-assets-expansion-v2/papyszoo-cc0-sprites.zip,papyszoo-cc0-sprites/packs/kenney-pixel-platformer/sprites/Backgrounds/tile_0021.png,image-uniform,Context review: possible texture/font-space/timing/padding; not automatically corruption,119d27d7927144853d3ab2ab9af72f1414581ef3c2c85f3f61a106d14d4d2292
work/full-audit/downloads/mega-assets-expansion-v2/papyszoo-cc0-sprites.zip,papyszoo-cc0-sprites/packs/kenney-pixel-platformer/sprites/Backgrounds/tile_0023.png,image-uniform,Context review: possible texture/font-space/timing/padding; not automatically corruption,8f8032fe4f9ea8a23ce2227918a04d9bf6db91e091374bd3f76b35cd11893c34
work/full-audit/downloads/mega-assets-expansion-v2/papyszoo-cc0-sprites.zip,papyszoo-cc0-sprites/packs/kenney-pixel-platformer/sprites/Backgrounds/tile_0017.png,image-uniform,Context review: possible texture/font-space/timing/padding; not automatically corruption,bf07c7802ababdf7066e4c7a684e89b156e597f3a221e0b77fe17e23b7103aff
work/full-audit/downloads/mega-assets-expansion-v2/papyszoo-cc0-sprites.zip,papyszoo-cc0-sprites/packs/kenney-pixel-platformer/sprites/Backgrounds/tile_0016.png,image-uniform,Context review: possible texture/font-space/timing/padding; not automatically corruption,bf07c7802ababdf7066e4c7a684e89b156e597f3a221e0b77fe17e23b7103aff
work/full-audit/downloads/mega-assets-expansion-v2/papyszoo-cc0-sprites.zip,papyszoo-cc0-sprites/packs/kenney-pixel-platformer/sprites/Backgrounds/tile_0019.png,image-uniform,Context review: possible texture/font-space/timing/padding; not automatically corruption,bf07c7802ababdf7066e4c7a684e89b156e597f3a221e0b77fe17e23b7103aff
work/full-audit/downloads/mega-assets-expansion-v2/papyszoo-cc0-sprites.zip,papyszoo-cc0-sprites/packs/kenney-pixel-platformer/sprites/Backgrounds/tile_0020.png,image-uniform,Context review: possible texture/font-space/timing/padding; not automatically corruption,119d27d7927144853d3ab2ab9af72f1414581ef3c2c85f3f61a106d14d4d2292
work/full-audit/downloads/mega-assets-expansion-v2/papyszoo-cc0-sprites.zip,papyszoo-cc0-sprites/packs/kenney-pixel-platformer/sprites/Backgrounds/tile_0005.png,image-uniform,Context review: possible texture/font-space/timing/padding; not automatically corruption,263af9a9100e75073bdec5ac0db5cf91a4de01311ac6bbb79adbf9991e212913
work/full-audit/downloads/mega-assets-expansion-v2/papyszoo-cc0-sprites.zip,papyszoo-cc0-sprites/packs/kenney-pixel-platformer/sprites/Backgrounds/tile_0001.png,image-uniform,Context review: possible texture/font-space/timing/padding; not automatically corruption,cd50302f080010eed7d828bfea4868c31b4cca49bb7a60f3cf69494b2e386f42
work/full-audit/downloads/mega-assets-expansion-v2/papyszoo-cc0-sprites.zip,papyszoo-cc0-sprites/packs/kenney-pixel-platformer/sprites/Backgrounds/tile_0003.png,image-uniform,Context review: possible texture/font-space/timing/padding; not automatically corruption,cd50302f080010eed7d828bfea4868c31b4cca49bb7a60f3cf69494b2e386f42
work/full-audit/downloads/mega-assets-expansion-v2/papyszoo-cc0-sprites.zip,papyszoo-cc0-sprites/packs/kenney-tiny-dungeon/sprites/tile_0000.png,image-uniform,Context review: possible texture/font-space/timing/padding; not automatically corruption,ebf91e6638d484dc6bdaec5f30e91589252125146b70c2911f11fac7ebe17090
work/full-audit/downloads/mega-assets-expansion-v2/papyszoo-cc0-sprites.zip,papyszoo-cc0-sprites/packs/kenney-tiny-dungeon/sprites/tile_0048.png,image-uniform,Context review: possible texture/font-space/timing/padding; not automatically corruption,63519065228f5f8af6200d979fa54cd7f00650034ceea10a1609203a34b3ff9b
work/full-audit/downloads/mega-assets-expansion-v2/papyszoo-cc0-sprites.zip,papyszoo-cc0-sprites/packs/kenney-ui-pack-pixel-adventure/sprites/Small tiles/Thick outline/tile_0043.png,image-fully-transparent,Context review: possible texture/font-space/timing/padding; not automatically corruption,7055b76c0befa453a4d10e8e0be54f47b4d29e99fe8b72084ceb14b7e29ae51c
work/full-audit/downloads/mega-assets-expansion-v2/papyszoo-cc0-sprites.zip,papyszoo-cc0-sprites/packs/kenney-ui-pack-pixel-adventure/sprites/Small tiles/Thick outline/tile_0044.png,image-fully-transparent,Context review: possible texture/font-space/timing/padding; not automatically corruption,7055b76c0befa453a4d10e8e0be54f47b4d29e99fe8b72084ceb14b7e29ae51c
work/full-audit/downloads/mega-assets-expansion-v2/papyszoo-cc0-sprites.zip,papyszoo-cc0-sprites/packs/kenney-ui-pack-pixel-adventure/sprites/Small tiles/Thick outline/tile_0068.png,image-fully-transparent,Context review: possible texture/font-space/timing/padding; not automatically corruption,2f4249eaad35cb2d714aa1c2d6ca03d309dd726eecfc77aa4dadf80fbf9913d3
work/full-audit/downloads/mega-assets-expansion-v2/papyszoo-cc0-sprites.zip,papyszoo-cc0-sprites/packs/kenney-ui-pack-pixel-adventure/sprites/Small tiles/Thick outline/tile_0066.png,image-fully-transparent,Context review: possible texture/font-space/timing/padding; not automatically corruption,7055b76c0befa453a4d10e8e0be54f47b4d29e99fe8b72084ceb14b7e29ae51c
work/full-audit/downloads/mega-assets-expansion-v2/papyszoo-cc0-sprites.zip,papyszoo-cc0-sprites/packs/kenney-ui-pack-pixel-adventure/sprites/Small tiles/Thick outline/tile_0022.png,image-fully-transparent,Context review: possible texture/font-space/timing/padding; not automatically corruption,2f4249eaad35cb2d714aa1c2d6ca03d309dd726eecfc77aa4dadf80fbf9913d3
work/full-audit/downloads/mega-assets-expansion-v2/papyszoo-cc0-sprites.zip,papyszoo-cc0-sprites/packs/kenney-ui-pack-pixel-adventure/sprites/Small tiles/Thick outline/tile_0021.png,image-fully-transparent,Context review: possible texture/font-space/timing/padding; not automatically corruption,7055b76c0befa453a4d10e8e0be54f47b4d29e99fe8b72084ceb14b7e29ae51c
work/full-audit/downloads/mega-assets-expansion-v2/papyszoo-cc0-sprites.zip,papyszoo-cc0-sprites/packs/kenney-ui-pack-pixel-adventure/sprites/Small tiles/Thick outline/tile_0067.png,image-fully-transparent,Context review: possible texture/font-space/timing/padding; not automatically corruption,7055b76c0befa453a4d10e8e0be54f47b4d29e99fe8b72084ceb14b7e29ae51c
work/full-audit/downloads/mega-assets-expansion-v2/papyszoo-cc0-sprites.zip,papyszoo-cc0-sprites/packs/kenney-ui-pack-pixel-adventure/sprites/Small tiles/Thick outline/tile_0045.png,image-fully-transparent,Context review: possible texture/font-space/timing/padding; not automatically corruption,2f4249eaad35cb2d714aa1c2d6ca03d309dd726eecfc77aa4dadf80fbf9913d3
work/full-audit/downloads/mega-assets-expansion-v2/papyszoo-cc0-sprites.zip,papyszoo-cc0-sprites/packs/kenney-ui-pack-pixel-adventure/sprites/Small tiles/Thick outline/tile_0020.png,image-fully-transparent,Context review: possible texture/font-space/timing/padding; not automatically corruption,7055b76c0befa453a4d10e8e0be54f47b4d29e99fe8b72084ceb14b7e29ae51c
work/full-audit/downloads/mega-assets-expansion-v2/papyszoo-cc0-sprites.zip,papyszoo-cc0-sprites/packs/kenney-ui-pack-pixel-adventure/sprites/Small tiles/Thin outline/tile_0043.png,image-fully-transparent,Context review: possible texture/font-space/timing/padding; not automatically corruption,7055b76c0befa453a4d10e8e0be54f47b4d29e99fe8b72084ceb14b7e29ae51c
work/full-audit/downloads/mega-assets-expansion-v2/papyszoo-cc0-sprites.zip,papyszoo-cc0-sprites/packs/kenney-ui-pack-pixel-adventure/sprites/Small tiles/Thin outline/tile_0044.png,image-fully-transparent,Context review: possible texture/font-space/timing/padding; not automatically corruption,7055b76c0befa453a4d10e8e0be54f47b4d29e99fe8b72084ceb14b7e29ae51c
work/full-audit/downloads/mega-assets-expansion-v2/papyszoo-cc0-sprites.zip,papyszoo-cc0-sprites/packs/kenney-ui-pack-pixel-adventure/sprites/Small tiles/Thin outline/tile_0068.png,image-fully-transparent,Context review: possible texture/font-space/timing/padding; not automatically corruption,7055b76c0befa453a4d10e8e0be54f47b4d29e99fe8b72084ceb14b7e29ae51c
work/full-audit/downloads/mega-assets-expansion-v2/papyszoo-cc0-sprites.zip,papyszoo-cc0-sprites/packs/kenney-ui-pack-pixel-adventure/sprites/Small tiles/Thin outline/tile_0066.png,image-fully-transparent,Context review: possible texture/font-space/timing/padding; not automatically corruption,7055b76c0befa453a4d10e8e0be54f47b4d29e99fe8b72084ceb14b7e29ae51c
work/full-audit/downloads/mega-assets-expansion-v2/papyszoo-cc0-sprites.zip,papyszoo-cc0-sprites/packs/kenney-ui-pack-pixel-adventure/sprites/Small tiles/Thin outline/tile_0022.png,image-fully-transparent,Context review: possible texture/font-space/timing/padding; not automatically corruption,7055b76c0befa453a4d10e8e0be54f47b4d29e99fe8b72084ceb14b7e29ae51c
work/full-audit/downloads/mega-assets-expansion-v2/papyszoo-cc0-sprites.zip,papyszoo-cc0-sprites/packs/kenney-ui-pack-pixel-adventure/sprites/Small tiles/Thin outline/tile_0021.png,image-fully-transparent,Context review: possible texture/font-space/timing/padding; not automatically corruption,7055b76c0befa453a4d10e8e0be54f47b4d29e99fe8b72084ceb14b7e29ae51c
work/full-audit/downloads/mega-assets-expansion-v2/papyszoo-cc0-sprites.zip,papyszoo-cc0-sprites/packs/kenney-ui-pack-pixel-adventure/sprites/Small tiles/Thin outline/tile_0067.png,image-fully-transparent,Context review: possible texture/font-space/timing/padding; not automatically corruption,7055b76c0befa453a4d10e8e0be54f47b4d29e99fe8b72084ceb14b7e29ae51c
work/full-audit/downloads/mega-assets-expansion-v2/papyszoo-cc0-sprites.zip,papyszoo-cc0-sprites/packs/kenney-ui-pack-pixel-adventure/sprites/Small tiles/Thin outline/tile_0045.png,image-fully-transparent,Context review: possible texture/font-space/timing/padding; not automatically corruption,7055b76c0befa453a4d10e8e0be54f47b4d29e99fe8b72084ceb14b7e29ae51c
work/full-audit/downloads/mega-assets-expansion-v2/papyszoo-cc0-sprites.zip,papyszoo-cc0-sprites/packs/kenney-ui-pack-pixel-adventure/sprites/Small tiles/Thin outline/tile_0020.png,image-fully-transparent,Context review: possible texture/font-space/timing/padding; not automatically corruption,7055b76c0befa453a4d10e8e0be54f47b4d29e99fe8b72084ceb14b7e29ae51c
work/full-audit/downloads/mega-assets-expansion-v2/papyszoo-cc0-sprites.zip,papyszoo-cc0-sprites/packs/kenney-ui-pack-pixel-adventure/sprites/Large tiles/Thick outline/tile_0010.png,image-fully-transparent,Context review: possible texture/font-space/timing/padding; not automatically corruption,37beabe871ded30cbc18ff4c373df256a6f34b86c3a3180e59604f8486b74c04
work/full-audit/downloads/mega-assets-expansion-v2/papyszoo-cc0-sprites.zip,papyszoo-cc0-sprites/packs/kenney-ui-pack-pixel-adventure/sprites/Large tiles/Thick outline/tile_0037.png,image-fully-transparent,Context review: possible texture/font-space/timing/padding; not automatically corruption,37beabe871ded30cbc18ff4c373df256a6f34b86c3a3180e59604f8486b74c04
work/full-audit/downloads/mega-assets-expansion-v2/papyszoo-cc0-sprites.zip,papyszoo-cc0-sprites/packs/kenney-ui-pack-pixel-adventure/sprites/Large tiles/Thick outline/tile_0036.png,image-fully-transparent,Context review: possible texture/font-space/timing/padding; not automatically corruption,37beabe871ded30cbc18ff4c373df256a6f34b86c3a3180e59604f8486b74c04
work/full-audit/downloads/mega-assets-expansion-v2/papyszoo-cc0-sprites.zip,papyszoo-cc0-sprites/packs/kenney-ui-pack-pixel-adventure/sprites/Large tiles/Thick outline/tile_0038.png,image-fully-transparent,Context review: possible texture/font-space/timing/padding; not automatically corruption,37beabe871ded30cbc18ff4c373df256a6f34b86c3a3180e59604f8486b74c04
work/full-audit/downloads/mega-assets-expansion-v2/papyszoo-cc0-sprites.zip,papyszoo-cc0-sprites/packs/kenney-ui-pack-pixel-adventure/sprites/Large tiles/Thick outline/tile_0025.png,image-fully-transparent,Context review: possible texture/font-space/timing/padding; not automatically corruption,37beabe871ded30cbc18ff4c373df256a6f34b86c3a3180e59604f8486b74c04
work/full-audit/downloads/mega-assets-expansion-v2/papyszoo-cc0-sprites.zip,papyszoo-cc0-sprites/packs/kenney-ui-pack-pixel-adventure/sprites/Large tiles/Thick outline/tile_0011.png,image-fully-transparent,Context review: possible texture/font-space/timing/padding; not automatically corruption,37beabe871ded30cbc18ff4c373df256a6f34b86c3a3180e59604f8486b74c04
work/full-audit/downloads/mega-assets-expansion-v2/papyszoo-cc0-sprites.zip,papyszoo-cc0-sprites/packs/kenney-ui-pack-pixel-adventure/sprites/Large tiles/Thick outline/tile_0024.png,image-fully-transparent,Context review: possible texture/font-space/timing/padding; not automatically corruption,37beabe871ded30cbc18ff4c373df256a6f34b86c3a3180e59604f8486b74c04
work/full-audit/downloads/mega-assets-expansion-v2/papyszoo-cc0-sprites.zip,papyszoo-cc0-sprites/packs/kenney-ui-pack-pixel-adventure/sprites/Large tiles/Thick outline/tile_0012.png,image-fully-transparent,Context review: possible texture/font-space/timing/padding; not automatically corruption,37beabe871ded30cbc18ff4c373df256a6f34b86c3a3180e59604f8486b74c04
work/full-audit/downloads/mega-assets-expansion-v2/papyszoo-cc0-sprites.zip,papyszoo-cc0-sprites/packs/kenney-ui-pack-pixel-adventure/sprites/Large tiles/Thick outline/tile_0023.png,image-fully-transparent,Context review: possible texture/font-space/timing/padding; not automatically corruption,37beabe871ded30cbc18ff4c373df256a6f34b86c3a3180e59604f8486b74c04
work/full-audit/downloads/mega-assets-expansion-v2/papyszoo-cc0-sprites.zip,papyszoo-cc0-sprites/packs/kenney-ui-pack-pixel-adventure/sprites/Large tiles/Thin outline/tile_0010.png,image-fully-transparent,Context review: possible texture/font-space/timing/padding; not automatically corruption,37beabe871ded30cbc18ff4c373df256a6f34b86c3a3180e59604f8486b74c04
work/full-audit/downloads/mega-assets-expansion-v2/papyszoo-cc0-sprites.zip,papyszoo-cc0-sprites/packs/kenney-ui-pack-pixel-adventure/sprites/Large tiles/Thin outline/tile_0037.png,image-fully-transparent,Context review: possible texture/font-space/timing/padding; not automatically corruption,37beabe871ded30cbc18ff4c373df256a6f34b86c3a3180e59604f8486b74c04
work/full-audit/downloads/mega-assets-expansion-v2/papyszoo-cc0-sprites.zip,papyszoo-cc0-sprites/packs/kenney-ui-pack-pixel-adventure/sprites/Large tiles/Thin outline/tile_0036.png,image-fully-transparent,Context review: possible texture/font-space/timing/padding; not automatically corruption,37beabe871ded30cbc18ff4c373df256a6f34b86c3a3180e59604f8486b74c04
work/full-audit/downloads/mega-assets-expansion-v2/papyszoo-cc0-sprites.zip,papyszoo-cc0-sprites/packs/kenney-ui-pack-pixel-adventure/sprites/Large tiles/Thin outline/tile_0038.png,image-fully-transparent,Context review: possible texture/font-space/timing/padding; not automatically corruption,37beabe871ded30cbc18ff4c373df256a6f34b86c3a3180e59604f8486b74c04
work/full-audit/downloads/mega-assets-expansion-v2/papyszoo-cc0-sprites.zip,papyszoo-cc0-sprites/packs/kenney-ui-pack-pixel-adventure/sprites/Large tiles/Thin outline/tile_0025.png,image-fully-transparent,Context review: possible texture/font-space/timing/padding; not automatically corruption,37beabe871ded30cbc18ff4c373df256a6f34b86c3a3180e59604f8486b74c04
work/full-audit/downloads/mega-assets-expansion-v2/papyszoo-cc0-sprites.zip,papyszoo-cc0-sprites/packs/kenney-ui-pack-pixel-adventure/sprites/Large tiles/Thin outline/tile_0011.png,image-fully-transparent,Context review: possible texture/font-space/timing/padding; not automatically corruption,37beabe871ded30cbc18ff4c373df256a6f34b86c3a3180e59604f8486b74c04
work/full-audit/downloads/mega-assets-expansion-v2/papyszoo-cc0-sprites.zip,papyszoo-cc0-sprites/packs/kenney-ui-pack-pixel-adventure/sprites/Large tiles/Thin outline/tile_0024.png,image-fully-transparent,Context review: possible texture/font-space/timing/padding; not automatically corruption,37beabe871ded30cbc18ff4c373df256a6f34b86c3a3180e59604f8486b74c04
work/full-audit/downloads/mega-assets-expansion-v2/papyszoo-cc0-sprites.zip,papyszoo-cc0-sprites/packs/kenney-ui-pack-pixel-adventure/sprites/Large tiles/Thin outline/tile_0012.png,image-fully-transparent,Context review: possible texture/font-space/timing/padding; not automatically corruption,37beabe871ded30cbc18ff4c373df256a6f34b86c3a3180e59604f8486b74c04
work/full-audit/downloads/mega-assets-expansion-v2/papyszoo-cc0-sprites.zip,papyszoo-cc0-sprites/packs/kenney-ui-pack-pixel-adventure/sprites/Large tiles/Thin outline/tile_0023.png,image-fully-transparent,Context review: possible texture/font-space/timing/padding; not automatically corruption,37beabe871ded30cbc18ff4c373df256a6f34b86c3a3180e59604f8486b74c04
work/full-audit/downloads/mega-assets-expansion-v2/papyszoo-cc0-sprites.zip,papyszoo-cc0-sprites/packs/kenney-cursor-pixel-pack/sprites/tile_0116.png,image-fully-transparent,Context review: possible texture/font-space/timing/padding; not automatically corruption,7055b76c0befa453a4d10e8e0be54f47b4d29e99fe8b72084ceb14b7e29ae51c
work/full-audit/downloads/mega-assets-expansion-v2/papyszoo-cc0-sprites.zip,papyszoo-cc0-sprites/packs/kenney-cursor-pixel-pack/sprites/tile_0208.png,image-fully-transparent,Context review: possible texture/font-space/timing/padding; not automatically corruption,7055b76c0befa453a4d10e8e0be54f47b4d29e99fe8b72084ceb14b7e29ae51c
work/full-audit/downloads/mega-assets-expansion-v2/papyszoo-cc0-sprites.zip,papyszoo-cc0-sprites/packs/kenney-cursor-pixel-pack/sprites/tile_0112.png,image-fully-transparent,Context review: possible texture/font-space/timing/padding; not automatically corruption,7055b76c0befa453a4d10e8e0be54f47b4d29e99fe8b72084ceb14b7e29ae51c
work/full-audit/downloads/mega-assets-expansion-v2/papyszoo-cc0-sprites.zip,papyszoo-cc0-sprites/packs/kenney-cursor-pixel-pack/sprites/tile_0188.png,image-fully-transparent,Context review: possible texture/font-space/timing/padding; not automatically corruption,7055b76c0befa453a4d10e8e0be54f47b4d29e99fe8b72084ceb14b7e29ae51c
work/full-audit/downloads/mega-assets-expansion-v2/papyszoo-cc0-sprites.zip,papyszoo-cc0-sprites/packs/kenney-cursor-pixel-pack/sprites/tile_0113.png,image-fully-transparent,Context review: possible texture/font-space/timing/padding; not automatically corruption,7055b76c0befa453a4d10e8e0be54f47b4d29e99fe8b72084ceb14b7e29ae51c
work/full-audit/downloads/mega-assets-expansion-v2/papyszoo-cc0-sprites.zip,papyszoo-cc0-sprites/packs/kenney-cursor-pixel-pack/sprites/tile_0170.png,image-fully-transparent,Context review: possible texture/font-space/timing/padding; not automatically corruption,7055b76c0befa453a4d10e8e0be54f47b4d29e99fe8b72084ceb14b7e29ae51c
work/full-audit/downloads/mega-assets-expansion-v2/papyszoo-cc0-sprites.zip,papyszoo-cc0-sprites/packs/kenney-cursor-pixel-pack/sprites/tile_0214.png,image-fully-transparent,Context review: possible texture/font-space/timing/padding; not automatically corruption,7055b76c0befa453a4d10e8e0be54f47b4d29e99fe8b72084ceb14b7e29ae51c
work/full-audit/downloads/mega-assets-expansion-v2/papyszoo-cc0-sprites.zip,papyszoo-cc0-sprites/packs/kenney-cursor-pixel-pack/sprites/tile_0171.png,image-fully-transparent,Context review: possible texture/font-space/timing/padding; not automatically corruption,7055b76c0befa453a4d10e8e0be54f47b4d29e99fe8b72084ceb14b7e29ae51c
work/full-audit/downloads/mega-assets-expansion-v2/papyszoo-cc0-sprites.zip,papyszoo-cc0-sprites/packs/kenney-cursor-pixel-pack/sprites/tile_0104.png,image-fully-transparent,Context review: possible texture/font-space/timing/padding; not automatically corruption,7055b76c0befa453a4d10e8e0be54f47b4d29e99fe8b72084ceb14b7e29ae51c
work/full-audit/downloads/mega-assets-expansion-v2/papyszoo-cc0-sprites.zip,papyszoo-cc0-sprites/packs/kenney-cursor-pixel-pack/sprites/tile_0101.png,image-fully-transparent,Context review: possible texture/font-space/timing/padding; not automatically corruption,7055b76c0befa453a4d10e8e0be54f47b4d29e99fe8b72084ceb14b7e29ae51c
work/full-audit/downloads/mega-assets-expansion-v2/papyszoo-cc0-sprites.zip,papyszoo-cc0-sprites/packs/kenney-cursor-pixel-pack/sprites/tile_0174.png,image-fully-transparent,Context review: possible texture/font-space/timing/padding; not automatically corruption,7055b76c0befa453a4d10e8e0be54f47b4d29e99fe8b72084ceb14b7e29ae51c
work/full-audit/downloads/mega-assets-expansion-v2/papyszoo-cc0-sprites.zip,papyszoo-cc0-sprites/packs/kenney-cursor-pixel-pack/sprites/tile_0079.png,image-fully-transparent,Context review: possible texture/font-space/timing/padding; not automatically corruption,7055b76c0befa453a4d10e8e0be54f47b4d29e99fe8b72084ceb14b7e29ae51c
work/full-audit/downloads/mega-assets-expansion-v2/papyszoo-cc0-sprites.zip,papyszoo-cc0-sprites/packs/kenney-cursor-pixel-pack/sprites/tile_0197.png,image-fully-transparent,Context review: possible texture/font-space/timing/padding; not automatically corruption,7055b76c0befa453a4d10e8e0be54f47b4d29e99fe8b72084ceb14b7e29ae51c
work/full-audit/downloads/mega-assets-expansion-v2/papyszoo-cc0-sprites.zip,papyszoo-cc0-sprites/packs/kenney-cursor-pixel-pack/sprites/tile_0144.png,image-fully-transparent,Context review: possible texture/font-space/timing/padding; not automatically corruption,7055b76c0befa453a4d10e8e0be54f47b4d29e99fe8b72084ceb14b7e29ae51c
work/full-audit/downloads/mega-assets-expansion-v2/papyszoo-cc0-sprites.zip,papyszoo-cc0-sprites/packs/kenney-cursor-pixel-pack/sprites/tile_0119.png,image-fully-transparent,Context review: possible texture/font-space/timing/padding; not automatically corruption,7055b76c0befa453a4d10e8e0be54f47b4d29e99fe8b72084ceb14b7e29ae51c
work/full-audit/downloads/mega-assets-expansion-v2/papyszoo-cc0-sprites.zip,papyszoo-cc0-sprites/packs/kenney-cursor-pixel-pack/sprites/tile_0215.png,image-fully-transparent,Context review: possible texture/font-space/timing/padding; not automatically corruption,7055b76c0befa453a4d10e8e0be54f47b4d29e99fe8b72084ceb14b7e29ae51c
work/full-audit/downloads/mega-assets-expansion-v2/papyszoo-cc0-sprites.zip,papyszoo-cc0-sprites/packs/kenney-cursor-pixel-pack/sprites/tile_0103.png,image-fully-transparent,Context review: possible texture/font-space/timing/padding; not automatically corruption,7055b76c0befa453a4d10e8e0be54f47b4d29e99fe8b72084ceb14b7e29ae51c
work/full-audit/downloads/mega-assets-expansion-v2/papyszoo-cc0-sprites.zip,papyszoo-cc0-sprites/packs/kenney-cursor-pixel-pack/sprites/tile_0115.png,image-fully-transparent,Context review: possible texture/font-space/timing/padding; not automatically corruption,7055b76c0befa453a4d10e8e0be54f47b4d29e99fe8b72084ceb14b7e29ae51c
work/full-audit/downloads/mega-assets-expansion-v2/papyszoo-cc0-sprites.zip,papyszoo-cc0-sprites/packs/kenney-cursor-pixel-pack/sprites/tile_0217.png,image-fully-transparent,Context review: possible texture/font-space/timing/padding; not automatically corruption,7055b76c0befa453a4d10e8e0be54f47b4d29e99fe8b72084ceb14b7e29ae51c
work/full-audit/downloads/mega-assets-expansion-v2/papyszoo-cc0-sprites.zip,papyszoo-cc0-sprites/packs/kenney-cursor-pixel-pack/sprites/tile_0169.png,image-fully-transparent,Context review: possible texture/font-space/timing/padding; not automatically corruption,7055b76c0befa453a4d10e8e0be54f47b4d29e99fe8b72084ceb14b7e29ae51c
work/full-audit/downloads/mega-assets-expansion-v2/papyszoo-cc0-sprites.zip,papyszoo-cc0-sprites/packs/kenney-cursor-pixel-pack/sprites/tile_0100.png,image-fully-transparent,Context review: possible texture/font-space/timing/padding; not automatically corruption,7055b76c0befa453a4d10e8e0be54f47b4d29e99fe8b72084ceb14b7e29ae51c
work/full-audit/downloads/mega-assets-expansion-v2/papyszoo-cc0-sprites.zip,papyszoo-cc0-sprites/packs/kenney-cursor-pixel-pack/sprites/tile_0117.png,image-fully-transparent,Context review: possible texture/font-space/timing/padding; not automatically corruption,7055b76c0befa453a4d10e8e0be54f47b4d29e99fe8b72084ceb14b7e29ae51c
work/full-audit/downloads/mega-assets-expansion-v2/papyszoo-cc0-sprites.zip,papyszoo-cc0-sprites/packs/kenney-cursor-pixel-pack/sprites/tile_0125.png,image-fully-transparent,Context review: possible texture/font-space/timing/padding; not automatically corruption,7055b76c0befa453a4d10e8e0be54f47b4d29e99fe8b72084ceb14b7e29ae51c
work/full-audit/downloads/mega-assets-expansion-v2/papyszoo-cc0-sprites.zip,papyszoo-cc0-sprites/packs/kenney-cursor-pixel-pack/sprites/tile_0099.png,image-fully-transparent,Context review: possible texture/font-space/timing/padding; not automatically corruption,7055b76c0befa453a4d10e8e0be54f47b4d29e99fe8b72084ceb14b7e29ae51c
work/full-audit/downloads/mega-assets-expansion-v2/papyszoo-cc0-sprites.zip,papyszoo-cc0-sprites/packs/kenney-cursor-pixel-pack/sprites/tile_0114.png,image-fully-transparent,Context review: possible texture/font-space/timing/padding; not automatically corruption,7055b76c0befa453a4d10e8e0be54f47b4d29e99fe8b72084ceb14b7e29ae51c
work/full-audit/downloads/mega-assets-expansion-v2/papyszoo-cc0-sprites.zip,papyszoo-cc0-sprites/packs/kenney-cursor-pixel-pack/sprites/tile_0218.png,image-fully-transparent,Context review: possible texture/font-space/timing/padding; not automatically corruption,7055b76c0befa453a4d10e8e0be54f47b4d29e99fe8b72084ceb14b7e29ae51c
work/full-audit/downloads/mega-assets-expansion-v2/papyszoo-cc0-sprites.zip,papyszoo-cc0-sprites/packs/kenney-cursor-pixel-pack/sprites/tile_0216.png,image-fully-transparent,Context review: possible texture/font-space/timing/padding; not automatically corruption,7055b76c0befa453a4d10e8e0be54f47b4d29e99fe8b72084ceb14b7e29ae51c
work/full-audit/downloads/mega-assets-expansion-v2/papyszoo-cc0-sprites.zip,papyszoo-cc0-sprites/packs/kenney-cursor-pixel-pack/sprites/tile_0173.png,image-fully-transparent,Context review: possible texture/font-space/timing/padding; not automatically corruption,7055b76c0befa453a4d10e8e0be54f47b4d29e99fe8b72084ceb14b7e29ae51c
work/full-audit/downloads/mega-assets-expansion-v2/papyszoo-cc0-sprites.zip,papyszoo-cc0-sprites/packs/kenney-cursor-pixel-pack/sprites/tile_0213.png,image-fully-transparent,Context review: possible texture/font-space/timing/padding; not automatically corruption,7055b76c0befa453a4d10e8e0be54f47b4d29e99fe8b72084ceb14b7e29ae51c
work/full-audit/downloads/mega-assets-expansion-v2/papyszoo-cc0-sprites.zip,papyszoo-cc0-sprites/packs/kenney-cursor-pixel-pack/sprites/tile_0207.png,image-fully-transparent,Context review: possible texture/font-space/timing/padding; not automatically corruption,7055b76c0befa453a4d10e8e0be54f47b4d29e99fe8b72084ceb14b7e29ae51c
work/full-audit/downloads/mega-assets-expansion-v2/papyszoo-cc0-sprites.zip,papyszoo-cc0-sprites/packs/kenney-cursor-pixel-pack/sprites/tile_0172.png,image-fully-transparent,Context review: possible texture/font-space/timing/padding; not automatically corruption,7055b76c0befa453a4d10e8e0be54f47b4d29e99fe8b72084ceb14b7e29ae51c
work/full-audit/downloads/mega-assets-expansion-v2/papyszoo-cc0-sprites.zip,papyszoo-cc0-sprites/packs/kenney-cursor-pixel-pack/sprites/tile_0059.png,image-fully-transparent,Context review: possible texture/font-space/timing/padding; not automatically corruption,7055b76c0befa453a4d10e8e0be54f47b4d29e99fe8b72084ceb14b7e29ae51c
work/full-audit/downloads/mega-assets-expansion-v2/papyszoo-cc0-sprites.zip,papyszoo-cc0-sprites/packs/kenney-cursor-pixel-pack/sprites/tile_0105.png,image-fully-transparent,Context review: possible texture/font-space/timing/padding; not automatically corruption,7055b76c0befa453a4d10e8e0be54f47b4d29e99fe8b72084ceb14b7e29ae51c
work/full-audit/downloads/mega-assets-expansion-v2/papyszoo-cc0-sprites.zip,papyszoo-cc0-sprites/packs/kenney-cursor-pixel-pack/sprites/tile_0145.png,image-fully-transparent,Context review: possible texture/font-space/timing/padding; not automatically corruption,7055b76c0befa453a4d10e8e0be54f47b4d29e99fe8b72084ceb14b7e29ae51c
work/full-audit/downloads/mega-assets-expansion-v2/papyszoo-cc0-sprites.zip,papyszoo-cc0-sprites/packs/kenney-cursor-pixel-pack/sprites/tile_0219.png,image-fully-transparent,Context review: possible texture/font-space/timing/padding; not automatically corruption,7055b76c0befa453a4d10e8e0be54f47b4d29e99fe8b72084ceb14b7e29ae51c
work/full-audit/downloads/mega-assets-expansion-v2/papyszoo-cc0-sprites.zip,papyszoo-cc0-sprites/packs/kenney-cursor-pixel-pack/sprites/tile_0118.png,image-fully-transparent,Context review: possible texture/font-space/timing/padding; not automatically corruption,7055b76c0befa453a4d10e8e0be54f47b4d29e99fe8b72084ceb14b7e29ae51c
work/full-audit/downloads/mega-assets-expansion-v2/papyszoo-cc0-sprites.zip,papyszoo-cc0-sprites/packs/kenney-cursor-pixel-pack/sprites/tile_0187.png,image-fully-transparent,Context review: possible texture/font-space/timing/padding; not automatically corruption,7055b76c0befa453a4d10e8e0be54f47b4d29e99fe8b72084ceb14b7e29ae51c
work/full-audit/downloads/mega-assets-expansion-v2/papyszoo-cc0-sprites.zip,papyszoo-cc0-sprites/packs/kenney-cursor-pixel-pack/sprites/tile_0102.png,image-fully-transparent,Context review: possible texture/font-space/timing/padding; not automatically corruption,7055b76c0befa453a4d10e8e0be54f47b4d29e99fe8b72084ceb14b7e29ae51c
work/full-audit/downloads/mega-assets-expansion-v2/papyszoo-cc0-sprites.zip,papyszoo-cc0-sprites/packs/kenney-pico-8-platformer/sprites/Default/Tiles/tile_0002.png,image-uniform,Context review: possible texture/font-space/timing/padding; not automatically corruption,28746a85ab9b446c18aa71cebf0ae3bbfdec0552baafe8f4d52826fbb9679e72
work/full-audit/downloads/mega-assets-expansion-v2/papyszoo-cc0-sprites.zip,papyszoo-cc0-sprites/packs/kenney-pico-8-platformer/sprites/Default/Tiles/tile_0000.png,image-uniform,Context review: possible texture/font-space/timing/padding; not automatically corruption,c5b2f055da656afd2629c6a9b05f24cb9467643a04c04416282076d8de12b2b9
work/full-audit/downloads/mega-assets-expansion-v2/papyszoo-cc0-sprites.zip,papyszoo-cc0-sprites/packs/kenney-pico-8-platformer/sprites/Default/Tiles/tile_0019.png,image-uniform,Context review: possible texture/font-space/timing/padding; not automatically corruption,95dba9d0ede995a192a407481478147c668516aee85642f412e5c40581807ebd
work/full-audit/downloads/mega-assets-expansion-v2/papyszoo-cc0-sprites.zip,papyszoo-cc0-sprites/packs/kenney-pico-8-platformer/sprites/Default/Tiles/tile_0026.png,image-uniform,Context review: possible texture/font-space/timing/padding; not automatically corruption,aaa0d3442e7c9d466e393e78688d1a4f935b503ba7ed32cfd86c32ac6d5c92b6
work/full-audit/downloads/mega-assets-expansion-v2/papyszoo-cc0-sprites.zip,papyszoo-cc0-sprites/packs/kenney-pico-8-platformer/sprites/Transparent/Tiles/tile_0002.png,image-uniform,Context review: possible texture/font-space/timing/padding; not automatically corruption,28746a85ab9b446c18aa71cebf0ae3bbfdec0552baafe8f4d52826fbb9679e72
work/full-audit/downloads/mega-assets-expansion-v2/papyszoo-cc0-sprites.zip,papyszoo-cc0-sprites/packs/kenney-pico-8-platformer/sprites/Transparent/Tiles/tile_0000.png,image-fully-transparent,Context review: possible texture/font-space/timing/padding; not automatically corruption,bf89207f958f31207b4876a2e4ce7be0aa3f5c6aeccd0ffe6c97fdfb471bf579
work/full-audit/downloads/mega-assets-expansion-v2/papyszoo-cc0-sprites.zip,papyszoo-cc0-sprites/packs/kenney-pico-8-platformer/sprites/Transparent/Tiles/tile_0019.png,image-uniform,Context review: possible texture/font-space/timing/padding; not automatically corruption,95dba9d0ede995a192a407481478147c668516aee85642f412e5c40581807ebd
work/full-audit/downloads/mega-assets-expansion-v2/papyszoo-cc0-sprites.zip,papyszoo-cc0-sprites/packs/kenney-pico-8-platformer/sprites/Transparent/Tiles/tile_0026.png,image-uniform,Context review: possible texture/font-space/timing/padding; not automatically corruption,aaa0d3442e7c9d466e393e78688d1a4f935b503ba7ed32cfd86c32ac6d5c92b6
work/full-audit/downloads/mega-assets-expansion-v2/papyszoo-cc0-sprites.zip,papyszoo-cc0-sprites/packs/dcss-dungeon-environments/sprites/dngn_unseen.png,image-uniform,Context review: possible texture/font-space/timing/padding; not automatically corruption,35af2d6a0e854a93c4a9fdfbe7b6bff15f13103292631ea69759b669032ceea2
work/full-audit/downloads/mega-assets-expansion-v2/papyszoo-cc0-sprites.zip,papyszoo-cc0-sprites/packs/kenney-top-down-shooter/sprites/Tiles/tile_377.png,image-uniform,Context review: possible texture/font-space/timing/padding; not automatically corruption,e08ed35e3939cb9c7de9e3c843a81806e16d25fb7ac1c6fbc1c0a34d09f36629
work/full-audit/downloads/mega-assets-expansion-v2/papyszoo-cc0-sprites.zip,papyszoo-cc0-sprites/packs/kenney-top-down-shooter/sprites/Tiles/tile_401.png,image-uniform,Context review: possible texture/font-space/timing/padding; not automatically corruption,27b16991e23aae0577b8ad630048a3c400ad95ed7d12e83dd9a828e3be70689a
work/full-audit/downloads/mega-assets-expansion-v2/papyszoo-cc0-sprites.zip,papyszoo-cc0-sprites/packs/kenney-top-down-shooter/sprites/Tiles/tile_398.png,image-uniform,Context review: possible texture/font-space/timing/padding; not automatically corruption,bdef799c9b78fd83629cb43488e0999f84e164669b7e0e1358fbaebb257e58d5
work/full-audit/downloads/mega-assets-expansion-v2/papyszoo-cc0-sprites.zip,papyszoo-cc0-sprites/packs/kenney-top-down-shooter/sprites/Tiles/tile_93.png,image-uniform,Context review: possible texture/font-space/timing/padding; not automatically corruption,eb9188cc4dc1e5ee2ced43f60cc709e3323908882fc3d57b701b56005d2abb87
work/full-audit/downloads/mega-assets-expansion-v2/papyszoo-cc0-sprites.zip,papyszoo-cc0-sprites/packs/kenney-top-down-shooter/sprites/Tiles/tile_86.png,image-uniform,Context review: possible texture/font-space/timing/padding; not automatically corruption,837da5be91436083ab7a387369fdbdf35fa1a114b7f924a53f37450bfdd68d5c
work/full-audit/downloads/mega-assets-expansion-v2/papyszoo-cc0-sprites.zip,papyszoo-cc0-sprites/packs/kenney-top-down-shooter/sprites/Tiles/tile_331.png,image-uniform,Context review: possible texture/font-space/timing/padding; not automatically corruption,ef161011888f1360c3d1c91b8bc388b4da5141af41a40ee3d635e9473f12dfec
work/full-audit/downloads/mega-assets-expansion-v2/papyszoo-cc0-sprites.zip,papyszoo-cc0-sprites/packs/kenney-top-down-shooter/sprites/Tiles/tile_169.png,image-uniform,Context review: possible texture/font-space/timing/padding; not automatically corruption,e99cba588834b0dae8ed5058fe7f798a2bad5012d5dd6868f47d20225ba6f0fa
work/full-audit/downloads/mega-assets-expansion-v2/papyszoo-cc0-sprites.zip,papyszoo-cc0-sprites/packs/kenney-top-down-shooter/sprites/Tiles/tile_340.png,image-uniform,Context review: possible texture/font-space/timing/padding; not automatically corruption,ec7b839903651a349254a28469728e9de07ac7232b72215bb90d19e10e3b7295
work/full-audit/downloads/mega-assets-expansion-v2/papyszoo-cc0-sprites.zip,papyszoo-cc0-sprites/packs/kenney-top-down-shooter/sprites/Tiles/tile_178.png,image-uniform,Context review: possible texture/font-space/timing/padding; not automatically corruption,470c6651b4beca7a173f22443cf20028442fbaea82859cbfea4a963e5fde43eb
work/full-audit/downloads/mega-assets-expansion-v2/papyszoo-cc0-sprites.zip,papyszoo-cc0-sprites/packs/kenney-tiny-town/sprites/tile_0025.png,image-uniform,Context review: possible texture/font-space/timing/padding; not automatically corruption,63519065228f5f8af6200d979fa54cd7f00650034ceea10a1609203a34b3ff9b
work/full-audit/downloads/mega-assets-expansion-v2/papyszoo-cc0-sprites.zip,papyszoo-cc0-sprites/packs/kenney-tiny-town/sprites/tile_0000.png,image-uniform,Context review: possible texture/font-space/timing/padding; not automatically corruption,d4c692ef80ee97b3395b885ae07020d42a106683ff3650df240f8e972bd5a041
work/full-audit/downloads/mega-assets-expansion-v2/papyszoo-cc0-sprites.zip,papyszoo-cc0-sprites/packs/kenney-tiny-town/sprites/tile_0109.png,image-uniform,Context review: possible texture/font-space/timing/padding; not automatically corruption,d1ff475a1ad0d4fd5d2c2a8b1fe3b96657d10f9c5b87d204138f1d7a58ac9d04
work/full-audit/downloads/mega-assets-expansion-v2/papyszoo-cc0-sprites.zip,papyszoo-cc0-sprites/packs/kenney-1-bit-platformer-pack/sprites/tile_0000.png,image-uniform,Context review: possible texture/font-space/timing/padding; not automatically corruption,c54c77883505b76b855c831d9a68405375092bbb6d9c610b636e2140f79bf6a5
work/full-audit/downloads/mega-assets-expansion-v2/papyszoo-cc0-sprites.zip,papyszoo-cc0-sprites/packs/kenney-1-bit-platformer-pack/sprites/tile_0136.png,image-uniform,Context review: possible texture/font-space/timing/padding; not automatically corruption,c54c77883505b76b855c831d9a68405375092bbb6d9c610b636e2140f79bf6a5
work/full-audit/downloads/mega-assets-expansion-v2/papyszoo-cc0-sprites.zip,papyszoo-cc0-sprites/packs/kenney-1-bit-platformer-pack/sprites/tile_0131.png,image-uniform,Context review: possible texture/font-space/timing/padding; not automatically corruption,c54c77883505b76b855c831d9a68405375092bbb6d9c610b636e2140f79bf6a5
work/full-audit/downloads/mega-assets-expansion-v2/papyszoo-cc0-sprites.zip,papyszoo-cc0-sprites/packs/kenney-1-bit-platformer-pack/sprites/tile_0375.png,image-uniform,Context review: possible texture/font-space/timing/padding; not automatically corruption,0877a415d43b26cfee45e09561e1d719b829499f06b93f843122f071107a0523
work/full-audit/downloads/mega-assets-expansion-v2/papyszoo-cc0-sprites.zip,papyszoo-cc0-sprites/packs/kenney-1-bit-platformer-pack/sprites/tile_0378.png,image-uniform,Context review: possible texture/font-space/timing/padding; not automatically corruption,c54c77883505b76b855c831d9a68405375092bbb6d9c610b636e2140f79bf6a5
work/full-audit/downloads/mega-assets-expansion-v2/papyszoo-cc0-sprites.zip,papyszoo-cc0-sprites/packs/kenney-pico-8-city/sprites/tile_0002.png,image-uniform,Context review: possible texture/font-space/timing/padding; not automatically corruption,95dba9d0ede995a192a407481478147c668516aee85642f412e5c40581807ebd
work/full-audit/downloads/mega-assets-expansion-v2/papyszoo-cc0-sprites.zip,papyszoo-cc0-sprites/packs/kenney-pico-8-city/sprites/tile_0044.png,image-uniform,Context review: possible texture/font-space/timing/padding; not automatically corruption,6430be85c73823985c131722d49d202cb3aff4627bb07638ef4d16cb86e71710
work/full-audit/downloads/mega-assets-expansion-v2/papyszoo-cc0-sprites.zip,papyszoo-cc0-sprites/packs/kenney-pico-8-city/sprites/tile_0170.png,image-uniform,Context review: possible texture/font-space/timing/padding; not automatically corruption,6430be85c73823985c131722d49d202cb3aff4627bb07638ef4d16cb86e71710
work/full-audit/downloads/mega-assets-expansion-v2/papyszoo-cc0-sprites.zip,papyszoo-cc0-sprites/packs/kenney-pico-8-city/sprites/tile_0289.png,image-uniform,Context review: possible texture/font-space/timing/padding; not automatically corruption,28746a85ab9b446c18aa71cebf0ae3bbfdec0552baafe8f4d52826fbb9679e72
work/full-audit/downloads/mega-assets-expansion-v2/papyszoo-cc0-sprites.zip,papyszoo-cc0-sprites/packs/kenney-pico-8-city/sprites/tile_0000.png,image-uniform,Context review: possible texture/font-space/timing/padding; not automatically corruption,3395e1298e553d7c6f8516b5051d2f0163068f0f0ea8ed864396923acb5b025e
work/full-audit/downloads/mega-assets-expansion-v2/papyszoo-cc0-sprites.zip,papyszoo-cc0-sprites/packs/kenney-pico-8-city/sprites/tile_0034.png,image-uniform,Context review: possible texture/font-space/timing/padding; not automatically corruption,95dba9d0ede995a192a407481478147c668516aee85642f412e5c40581807ebd
work/full-audit/downloads/mega-assets-expansion-v2/papyszoo-cc0-sprites.zip,papyszoo-cc0-sprites/packs/kenney-pico-8-city/sprites/tile_0121.png,image-uniform,Context review: possible texture/font-space/timing/padding; not automatically corruption,28746a85ab9b446c18aa71cebf0ae3bbfdec0552baafe8f4d52826fbb9679e72
work/full-audit/downloads/mega-assets-expansion-v2/papyszoo-cc0-sprites.zip,papyszoo-cc0-sprites/packs/kenney-pico-8-city/sprites/tile_0126.png,image-uniform,Context review: possible texture/font-space/timing/padding; not automatically corruption,6430be85c73823985c131722d49d202cb3aff4627bb07638ef4d16cb86e71710
work/full-audit/downloads/mega-assets-expansion-v2/papyszoo-cc0-sprites.zip,papyszoo-cc0-sprites/packs/kenney-pico-8-city/sprites/tile_0175.png,image-uniform,Context review: possible texture/font-space/timing/padding; not automatically corruption,aaa0d3442e7c9d466e393e78688d1a4f935b503ba7ed32cfd86c32ac6d5c92b6
work/full-audit/downloads/mega-assets-expansion-v2/papyszoo-cc0-sprites.zip,papyszoo-cc0-sprites/packs/kenney-pico-8-city/sprites/tile_0039.png,image-uniform,Context review: possible texture/font-space/timing/padding; not automatically corruption,cbfee562b6f373f82c2cd8872344f8279e5da2d7bf824857fd1fba9d99be0aac
work/full-audit/downloads/mega-assets-expansion-v2/papyszoo-cc0-sprites.zip,papyszoo-cc0-sprites/packs/kenney-pico-8-city/sprites/tile_0131.png,image-uniform,Context review: possible texture/font-space/timing/padding; not automatically corruption,7e3a18778bfcbce963270934600e907fe99a5d9cf509684d23223d3eac76ee66
work/full-audit/downloads/mega-assets-expansion-v2/papyszoo-cc0-sprites.zip,papyszoo-cc0-sprites/packs/kenney-pico-8-city/sprites/tile_0185.png,image-uniform,Context review: possible texture/font-space/timing/padding; not automatically corruption,7e3a18778bfcbce963270934600e907fe99a5d9cf509684d23223d3eac76ee66
work/full-audit/downloads/mega-assets-expansion-v2/papyszoo-cc0-sprites.zip,papyszoo-cc0-sprites/packs/kenney-pico-8-city/sprites/tile_0001.png,image-uniform,Context review: possible texture/font-space/timing/padding; not automatically corruption,cbfee562b6f373f82c2cd8872344f8279e5da2d7bf824857fd1fba9d99be0aac
work/full-audit/downloads/mega-assets-expansion-v2/papyszoo-cc0-sprites.zip,papyszoo-cc0-sprites/packs/kenney-pico-8-city/sprites/tile_0029.png,image-uniform,Context review: possible texture/font-space/timing/padding; not automatically corruption,3395e1298e553d7c6f8516b5051d2f0163068f0f0ea8ed864396923acb5b025e
work/full-audit/downloads/mega-assets-expansion-v2/papyszoo-cc0-sprites.zip,papyszoo-cc0-sprites/packs/kenney-pico-8-city/sprites/tile_0003.png,image-uniform,Context review: possible texture/font-space/timing/padding; not automatically corruption,6430be85c73823985c131722d49d202cb3aff4627bb07638ef4d16cb86e71710
work/full-audit/downloads/mega-assets-expansion-v2/papyszoo-cc0-sprites.zip,papyszoo-cc0-sprites/packs/kenney-pirate-pack/sprites/Retina/Tiles/tile_23.png,image-uniform,Context review: possible texture/font-space/timing/padding; not automatically corruption,6e610a1f7faf5f7ded8373224034bf649c62306638cf8fa224c0935ea23f7a8c
work/full-audit/downloads/mega-assets-expansion-v2/papyszoo-cc0-sprites.zip,papyszoo-cc0-sprites/packs/kenney-pirate-pack/sprites/Retina/Tiles/tile_18.png,image-uniform,Context review: possible texture/font-space/timing/padding; not automatically corruption,b7cd3f31f0b7275ff07e1552013d182bc0539b4e15c703b0f01645733cfb4467
work/full-audit/downloads/mega-assets-expansion-v2/papyszoo-cc0-sprites.zip,papyszoo-cc0-sprites/packs/kenney-pirate-pack/sprites/Default size/Tiles/tile_23.png,image-uniform,Context review: possible texture/font-space/timing/padding; not automatically corruption,fffc698b343b5348a9a1130f143c0009b62e25a66ed8efeab9d18894622666cc
work/full-audit/downloads/mega-assets-expansion-v2/papyszoo-cc0-sprites.zip,papyszoo-cc0-sprites/packs/kenney-pirate-pack/sprites/Default size/Tiles/tile_18.png,image-uniform,Context review: possible texture/font-space/timing/padding; not automatically corruption,28d37afe01383ec98f8d951240cd8b20dc6ba90ff766edc2c6d25cb1a6635af6
work/full-audit/downloads/mega-assets-expansion-v2/papyszoo-cc0-sprites.zip,papyszoo-cc0-sprites/packs/kenney-tiny-battle/sprites/tile_0000.png,image-uniform,Context review: possible texture/font-space/timing/padding; not automatically corruption,d4c692ef80ee97b3395b885ae07020d42a106683ff3650df240f8e972bd5a041
work/full-audit/downloads/mega-assets-expansion-v2/papyszoo-cc0-sprites.zip,papyszoo-cc0-sprites/packs/lostgarden-hard-vacuum-structures/sprites/buildings_wall-right-shadow3.png,image-uniform,Context review: possible texture/font-space/timing/padding; not automatically corruption,19f9bfa927aedf1865f9e46efb514d97afd598fc9b6b8ba435d802ef688354c0
work/full-audit/downloads/mega-assets-expansion-v2/papyszoo-cc0-sprites.zip,papyszoo-cc0-sprites/packs/lostgarden-hard-vacuum-structures/sprites/buildings_wall-left-shadow.png,image-uniform,Context review: possible texture/font-space/timing/padding; not automatically corruption,18b4295334905a68833cf0848a267eefaf54916159996b492f57a34a007eb95c
work/full-audit/downloads/mega-assets-expansion-v2/papyszoo-cc0-sprites.zip,papyszoo-cc0-sprites/packs/lostgarden-hard-vacuum-structures/sprites/buildings_wall-right-shadow.png,image-uniform,Context review: possible texture/font-space/timing/padding; not automatically corruption,affe5b7ba0ae3789098996d38af0216800d55ff32c8ee9b4f2e15d8a9ca1e580
work/full-audit/downloads/mega-assets-expansion-v2/papyszoo-cc0-sprites.zip,papyszoo-cc0-sprites/packs/.gitkeep,expected-empty-marker,"Website/package marker, not an image",e3b0c44298fc1c149afbf4c8996fb92427ae41e4649b934ca495991b7852b855
